// Copyright 2025 QMK -- generated source code only, font retains original copyright
// SPDX-License-Identifier: GPL-2.0-or-later

// This file was auto-generated by `painter-convert-font-image` with arguments:
//    format         | rgb565
//    unicode_glyphs | 
//    output         | Fonts
//    input          | unispace17.png

// Font's metadata
// ---------------
// Glyphs:  , !, ", #, $, %, &, ', (, ), *, +, ,, -, ., /, 0, 1, 2, 3, 4, 5, 6, 7, 8, 9, :, ;, <, =, >, ?, @, A, B, C, D, E, F, G, H, I, J, K, L, M, N, O, P, Q, R, S, T, U, V, W, X, Y, Z, [, \, ], ^, _, `, a, b, c, d, e, f, g, h, i, j, k, l, m, n, o, p, q, r, s, t, u, v, w, x, y, z, {, |, }, ~

#include <qp.h>

const uint32_t font_unispace17_length = 17214;

// clang-format off
const uint8_t font_unispace17[17214] = {
    0x00, 0xFF, 0x14, 0x00, 0x00, 0x51, 0x46, 0x46, 0x01, 0x3E, 0x43, 0x00, 0x00, 0xC1, 0xBC, 0xFF,
    0xFF, 0x15, 0x01, 0x00, 0x00, 0x08, 0x00, 0x01, 0xFF, 0x01, 0xFE, 0x1D, 0x01, 0x00, 0x0A, 0x00,
    0x00, 0x0A, 0x02, 0x00, 0x4A, 0x24, 0x00, 0x0A, 0x3B, 0x00, 0x8A, 0x6E, 0x00, 0x8A, 0xA1, 0x00,
    0xCA, 0xDE, 0x00, 0x0A, 0x15, 0x01, 0x4A, 0x1F, 0x01, 0x8A, 0x56, 0x01, 0x0A, 0x84, 0x01, 0xCA,
    0xA3, 0x01, 0xCA, 0xB4, 0x01, 0xCA, 0xC2, 0x01, 0xCA, 0xCB, 0x01, 0x0A, 0xD2, 0x01, 0x8A, 0xF0,
    0x01, 0x0A, 0x3B, 0x02, 0x4A, 0x62, 0x02, 0x0A, 0x8F, 0x02, 0x4A, 0xBA, 0x02, 0x4A, 0xF3, 0x02,
    0x0A, 0x20, 0x03, 0x0A, 0x56, 0x03, 0x8A, 0x7D, 0x03, 0x4A, 0xC1, 0x03, 0xCA, 0xF8, 0x03, 0x4A,
    0x05, 0x04, 0x0A, 0x1A, 0x04, 0x4A, 0x33, 0x04, 0x4A, 0x43, 0x04, 0x4A, 0x5B, 0x04, 0x0A, 0x80,
    0x04, 0x8A, 0xBC, 0x04, 0x8A, 0xF7, 0x04, 0x8A, 0x32, 0x05, 0x8A, 0x5D, 0x05, 0x8A, 0x99, 0x05,
    0xCA, 0xC2, 0x05, 0xCA, 0xE9, 0x05, 0xCA, 0x20, 0x06, 0x4A, 0x5C, 0x06, 0x0A, 0x84, 0x06, 0x8A,
    0xAC, 0x06, 0x0A, 0xF1, 0x06, 0x0A, 0x17, 0x07, 0x0A, 0x63, 0x07, 0x4A, 0xAC, 0x07, 0x0A, 0xEB,
    0x07, 0x8A, 0x1D, 0x08, 0xCA, 0x60, 0x08, 0x8A, 0x9C, 0x08, 0x0A, 0xCA, 0x08, 0x8A, 0xF0, 0x08,
    0xCA, 0x2D, 0x09, 0x0B, 0x6C, 0x09, 0x4A, 0xBA, 0x09, 0x8A, 0xF8, 0x09, 0x8A, 0x2C, 0x0A, 0x0A,
    0x58, 0x0A, 0x4A, 0x8F, 0x0A, 0xCA, 0xAD, 0x0A, 0x0B, 0xD8, 0x0A, 0x0B, 0xF0, 0x0A, 0x8A, 0xF8,
    0x0A, 0x8A, 0x00, 0x0B, 0xCA, 0x2A, 0x0B, 0xCA, 0x61, 0x0B, 0x0A, 0x85, 0x0B, 0x8A, 0xBB, 0x0B,
    0x0A, 0xE6, 0x0B, 0x0A, 0x10, 0x0C, 0x4A, 0x4C, 0x0C, 0x8A, 0x83, 0x0C, 0x4A, 0xA9, 0x0C, 0x0A,
    0xD8, 0x0C, 0x4A, 0x15, 0x0D, 0xCA, 0x36, 0x0D, 0x4A, 0x76, 0x0D, 0x4A, 0xA6, 0x0D, 0x8A, 0xD6,
    0x0D, 0x4A, 0x0F, 0x0E, 0x0A, 0x48, 0x0E, 0x4A, 0x62, 0x0E, 0x4A, 0x86, 0x0E, 0x8A, 0xAD, 0x0E,
    0x0B, 0xDD, 0x0E, 0x8B, 0x10, 0x0F, 0xCA, 0x4E, 0x0F, 0x8B, 0x80, 0x0F, 0x8A, 0xB7, 0x0F, 0x4A,
    0xDB, 0x0F, 0x0A, 0x11, 0x10, 0x8A, 0x34, 0x10, 0xCA, 0x6B, 0x10, 0x04, 0xFB, 0xFE, 0x41, 0x00,
    0x7F, 0x00, 0x7F, 0x00, 0x7F, 0x00, 0x27, 0x00, 0x44, 0x00, 0x81, 0xF7, 0xBE, 0x02, 0xFF, 0x81,
    0x52, 0x8A, 0x0E, 0x00, 0x81, 0xF7, 0xBE, 0x02, 0xFF, 0x81, 0x52, 0x8A, 0x0E, 0x00, 0x81, 0xF7,
    0xBE, 0x02, 0xFF, 0x81, 0x52, 0x8A, 0x0E, 0x00, 0x81, 0xF7, 0xBE, 0x02, 0xFF, 0x81, 0x52, 0x8A,
    0x0E, 0x00, 0x81, 0xF7, 0xBE, 0x02, 0xFF, 0x81, 0x52, 0x8A, 0x0E, 0x00, 0x81, 0xF7, 0xBE, 0x02,
    0xFF, 0x81, 0x52, 0x8A, 0x0E, 0x00, 0x81, 0xF7, 0xBE, 0x02, 0xFF, 0x81, 0x52, 0x8A, 0x0E, 0x00,
    0x81, 0xF7, 0xBE, 0x02, 0xFF, 0x81, 0x52, 0x8A, 0x0E, 0x00, 0x81, 0xF7, 0xBE, 0x02, 0xFF, 0x81,
    0x52, 0x8A, 0x0E, 0x00, 0x81, 0xF7, 0xBE, 0x02, 0xFF, 0x81, 0x52, 0x8A, 0x0E, 0x00, 0x85, 0x18,
    0xE3, 0x18, 0xE3, 0x08, 0x41, 0x0F, 0x00, 0x82, 0x20, 0x00, 0x20, 0x0E, 0x00, 0x81, 0x18, 0xE3,
    0x04, 0xFF, 0x81, 0x7B, 0xEF, 0x0C, 0x00, 0x81, 0x18, 0xE3, 0x04, 0xFF, 0x81, 0x7B, 0xEF, 0x56,
    0x00, 0x2C, 0x00, 0x81, 0x18, 0xE3, 0x02, 0xFF, 0x83, 0x7B, 0xCF, 0x10, 0xA2, 0x02, 0xFF, 0x81,
    0x7B, 0xCF, 0x08, 0x00, 0x81, 0x18, 0xE3, 0x02, 0xFF, 0x83, 0x7B, 0xCF, 0x10, 0xA2, 0x02, 0xFF,
    0x81, 0x7B, 0xCF, 0x08, 0x00, 0x81, 0x18, 0xE3, 0x02, 0xFF, 0x83, 0x7B, 0xCF, 0x10, 0xA2, 0x02,
    0xFF, 0x81, 0x7B, 0xCF, 0x08, 0x00, 0x81, 0x18, 0xE3, 0x02, 0xFF, 0x83, 0x7B, 0xCF, 0x10, 0xA2,
    0x02, 0xFF, 0x81, 0x7B, 0xCF, 0x08, 0x00, 0x81, 0x18, 0xE3, 0x02, 0xFF, 0x83, 0x7B, 0xCF, 0x10,
    0xA2, 0x02, 0xFF, 0x81, 0x7B, 0xCF, 0x7F, 0x00, 0x7F, 0x00, 0x1E, 0x00, 0x40, 0x00, 0x83, 0x52,
    0xAA, 0xFF, 0xDF, 0x04, 0x00, 0x83, 0x73, 0xAE, 0xDE, 0xFB, 0x08, 0x00, 0x83, 0x52, 0xAA, 0xFF,
    0xDF, 0x04, 0x00, 0x83, 0x73, 0xAE, 0xDE, 0xFB, 0x08, 0x00, 0x83, 0x52, 0xAA, 0xFF, 0xDF, 0x04,
    0x00, 0x83, 0x73, 0xAE, 0xDE, 0xFB, 0x08, 0x00, 0x83, 0x52, 0xAA, 0xFF, 0xDF, 0x04, 0x00, 0x83,
    0x73, 0xAE, 0xDE, 0xFB, 0x06, 0x00, 0x81, 0xC6, 0x38, 0x0E, 0xFF, 0x81, 0x21, 0x04, 0x02, 0x00,
    0x83, 0x29, 0x65, 0x7B, 0xEF, 0x02, 0xFF, 0x8B, 0x39, 0xC7, 0x39, 0xC7, 0x94, 0xB2, 0xE7, 0x3C,
    0x39, 0xC7, 0x08, 0x41, 0x04, 0x00, 0x83, 0x52, 0xAA, 0xFF, 0xDF, 0x04, 0x00, 0x83, 0x73, 0xAE,
    0xDE, 0xFB, 0x08, 0x00, 0x83, 0x52, 0xAA, 0xFF, 0xDF, 0x04, 0x00, 0x83, 0x73, 0xAE, 0xDE, 0xFB,
    0x08, 0x00, 0x83, 0x52, 0xAA, 0xFF, 0xDF, 0x04, 0x00, 0x83, 0x73, 0xAE, 0xDE, 0xFB, 0x06, 0x00,
    0x81, 0xC6, 0x38, 0x0E, 0xFF, 0x81, 0x21, 0x04, 0x02, 0x00, 0x83, 0x29, 0x45, 0x7B, 0xCF, 0x02,
    0xFF, 0x8B, 0x31, 0x86, 0x31, 0x86, 0x94, 0x92, 0xE7, 0x3C, 0x31, 0x86, 0x00, 0x20, 0x04, 0x00,
    0x83, 0x52, 0xAA, 0xFF, 0xDF, 0x04, 0x00, 0x83, 0x73, 0xAE, 0xDE, 0xFB, 0x08, 0x00, 0x83, 0x52,
    0xAA, 0xFF, 0xDF, 0x04, 0x00, 0x83, 0x73, 0xAE, 0xDE, 0xFB, 0x08, 0x00, 0x83, 0x52, 0xAA, 0xFF,
    0xDF, 0x04, 0x00, 0x83, 0x73, 0xAE, 0xDE, 0xFB, 0x54, 0x00, 0x44, 0x00, 0x83, 0x63, 0x0C, 0xA5,
    0x34, 0x0C, 0x00, 0x93, 0x10, 0xA2, 0x21, 0x04, 0x7B, 0xCF, 0xB5, 0xB6, 0x21, 0x04, 0x21, 0x04,
    0x21, 0x04, 0x00, 0x20, 0x00, 0x20, 0xBD, 0xD7, 0x0E, 0xFF, 0x83, 0x18, 0xE3, 0x52, 0xAA, 0x02,
    0xFF, 0x87, 0xDE, 0xDB, 0x10, 0x82, 0x63, 0x0C, 0xA5, 0x34, 0x08, 0x00, 0x81, 0x84, 0x10, 0x02,
    0xFF, 0x81, 0x94, 0xB2, 0x02, 0x00, 0x83, 0x63, 0x0C, 0xA5, 0x34, 0x08, 0x00, 0x81, 0x73, 0xAE,
    0x02, 0xFF, 0x81, 0xB5, 0x96, 0x02, 0x00, 0x83, 0x63, 0x0C, 0xA5, 0x34, 0x08, 0x00, 0x81, 0x29,
    0x65, 0x04, 0xFF, 0x8B, 0xB5, 0x96, 0xC6, 0x38, 0xDE, 0xFB, 0x9C, 0xF3, 0x9C, 0xF3, 0x7B, 0xCF,
    0x04, 0x00, 0x83, 0x7B, 0xEF, 0xF7, 0xBE, 0x0C, 0xFF, 0x81, 0x6B, 0x6D, 0x08, 0x00, 0x83, 0x63,
    0x0C, 0xA5, 0x34, 0x02, 0x00, 0x81, 0x73, 0xAE, 0x02, 0xFF, 0x81, 0xC6, 0x38, 0x08, 0x00, 0x83,
    0x63, 0x0C, 0xA5, 0x34, 0x02, 0x00, 0x81, 0x18, 0xE3, 0x02, 0xFF, 0x81, 0xE7, 0x3C, 0x08, 0x00,
    0x83, 0x63, 0x0C, 0xA5, 0x34, 0x02, 0x00, 0x81, 0x21, 0x04, 0x02, 0xFF, 0x91, 0xDE, 0xFB, 0x00,
    0x20, 0x18, 0xE3, 0x18, 0xE3, 0x18, 0xE3, 0x73, 0xAE, 0xB5, 0x96, 0x21, 0x04, 0x8C, 0x51, 0x02,
    0xFF, 0x83, 0xAD, 0x75, 0x21, 0x24, 0x0E, 0xFF, 0x83, 0xE7, 0x1C, 0x29, 0x65, 0x08, 0x00, 0x83,
    0x63, 0x0C, 0xA5, 0x34, 0x58, 0x00, 0x3C, 0x00, 0x89, 0x39, 0xC7, 0xE7, 0x1C, 0xF7, 0x9E, 0xEF,
    0x5D, 0x4A, 0x49, 0x02, 0x00, 0x85, 0x42, 0x08, 0xF7, 0xBE, 0x08, 0x41, 0x02, 0x00, 0x83, 0x84,
    0x10, 0xBD, 0xF7, 0x02, 0x00, 0x83, 0xA5, 0x34, 0xA5, 0x14, 0x02, 0x00, 0x83, 0x94, 0xB2, 0xAD,
    0x55, 0x04, 0x00, 0x83, 0x8C, 0x51, 0xA5, 0x34, 0x02, 0x00, 0x83, 0x8C, 0x71, 0xAD, 0x55, 0x02,
    0x00, 0x83, 0xE7, 0x3C, 0x52, 0xAA, 0x04, 0x00, 0x83, 0x8C, 0x51, 0xA5, 0x34, 0x02, 0x00, 0x89,
    0x8C, 0x71, 0xAD, 0x55, 0x39, 0xE7, 0xF7, 0xBE, 0x08, 0x61, 0x04, 0x00, 0x83, 0x84, 0x10, 0xBD,
    0xF7, 0x02, 0x00, 0x87, 0xA5, 0x34, 0xA5, 0x14, 0x8C, 0x71, 0xAD, 0x75, 0x06, 0x00, 0x8D, 0x39,
    0xC7, 0xE7, 0x1C, 0xF7, 0x9E, 0xEF, 0x5D, 0x4A, 0x69, 0xE7, 0x1C, 0x5A, 0xEB, 0x0E, 0x00, 0x85,
    0x31, 0xA6, 0xFF, 0xDF, 0x08, 0x61, 0x0E, 0x00, 0x83, 0x8C, 0x51, 0xB5, 0xB6, 0x10, 0x00, 0x8B,
    0xDE, 0xFB, 0x6B, 0x6D, 0xCE, 0x59, 0xFF, 0xDF, 0xF7, 0xBE, 0x7B, 0xEF, 0x06, 0x00, 0x8D, 0x31,
    0x86, 0xFF, 0xDF, 0x52, 0x8A, 0xF7, 0xBE, 0x08, 0x41, 0x63, 0x0C, 0xE7, 0x1C, 0x06, 0x00, 0x87,
    0x84, 0x30, 0xBD, 0xD7, 0x42, 0x28, 0xE7, 0x3C, 0x02, 0x00, 0x83, 0x42, 0x28, 0xEF, 0x5D, 0x06,
    0x00, 0x87, 0xD6, 0xBA, 0x63, 0x2C, 0x42, 0x28, 0xE7, 0x3C, 0x02, 0x00, 0x83, 0x42, 0x28, 0xEF,
    0x5D, 0x04, 0x00, 0x81, 0x29, 0x45, 0x02, 0xFF, 0x8B, 0x10, 0xA2, 0x39, 0xE7, 0xF7, 0xBE, 0x00,
    0x20, 0x5A, 0xEB, 0xE7, 0x1C, 0x04, 0x00, 0x83, 0x7B, 0xEF, 0xC6, 0x18, 0x02, 0x00, 0x89, 0x08,
    0x61, 0xCE, 0x59, 0xF7, 0x9E, 0xF7, 0x9E, 0x7B, 0xEF, 0x50, 0x00, 0x3E, 0x00, 0x83, 0x21, 0x04,
    0xC6, 0x38, 0x08, 0xFF, 0x81, 0x21, 0x24, 0x06, 0x00, 0x81, 0xC6, 0x38, 0x02, 0xFF, 0x89, 0xAD,
    0x55, 0x29, 0x65, 0x21, 0x04, 0x21, 0x04, 0x00, 0x20, 0x04, 0x00, 0x81, 0x18, 0xC3, 0x04, 0xFF,
    0x81, 0x21, 0x04, 0x0C, 0x00, 0x81, 0x29, 0x65, 0x02, 0xFF, 0x81, 0xEF, 0x7D, 0x0E, 0x00, 0x81,
    0x08, 0x41, 0x04, 0xFF, 0x81, 0x10, 0xA2, 0x0E, 0x00, 0x81, 0xA5, 0x34, 0x02, 0xFF, 0x8D, 0x94,
    0xB2, 0x21, 0x24, 0x18, 0xE3, 0x18, 0xE3, 0x18, 0xE3, 0x18, 0xE3, 0x10, 0xA2, 0x02, 0x00, 0x81,
    0x29, 0x45, 0x0E, 0xFF, 0x81, 0xB5, 0xB6, 0x02, 0x00, 0x81, 0xC6, 0x38, 0x02, 0xFF, 0x83, 0x84,
    0x10, 0x00, 0x20, 0x02, 0x00, 0x83, 0xCE, 0x59, 0xAD, 0x55, 0x04, 0x00, 0x81, 0x21, 0x04, 0x02,
    0xFF, 0x83, 0xF7, 0xBE, 0x08, 0x41, 0x04, 0x00, 0x83, 0xCE, 0x59, 0xAD, 0x55, 0x04, 0x00, 0x81,
    0x42, 0x28, 0x02, 0xFF, 0x81, 0xDE, 0xDB, 0x06, 0x00, 0x83, 0xCE, 0x59, 0xAD, 0x55, 0x04, 0x00,
    0x81, 0x42, 0x08, 0x02, 0xFF, 0x81, 0xDE, 0xFB, 0x06, 0x00, 0x83, 0xCE, 0x59, 0xAD, 0x55, 0x04,
    0x00, 0x81, 0x18, 0xE3, 0x04, 0xFF, 0x81, 0x10, 0xA2, 0x04, 0x00, 0x83, 0xCE, 0x59, 0xAD, 0x55,
    0x06, 0x00, 0x81, 0xBD, 0xF7, 0x02, 0xFF, 0x8D, 0xAD, 0x75, 0x29, 0x45, 0x18, 0xE3, 0xD6, 0x9A,
    0xB5, 0xB6, 0x18, 0xE3, 0x10, 0xA2, 0x02, 0x00, 0x83, 0x18, 0xE3, 0xC6, 0x38, 0x0C, 0xFF, 0x81,
    0xB5, 0xB6, 0x50, 0x00, 0x30, 0x00, 0x81, 0x9C, 0xF3, 0x02, 0xFF, 0x10, 0x00, 0x81, 0x9C, 0xF3,
    0x02, 0xFF, 0x10, 0x00, 0x81, 0x9C, 0xF3, 0x02, 0xFF, 0x10, 0x00, 0x81, 0x9C, 0xF3, 0x02, 0xFF,
    0x10, 0x00, 0x81, 0x9C, 0xF3, 0x02, 0xFF, 0x7F, 0x00, 0x7F, 0x00, 0x22, 0x00, 0x0C, 0x00, 0x83,
    0x18, 0xE3, 0x21, 0x04, 0x0A, 0x00, 0x85, 0x18, 0xC3, 0xA5, 0x14, 0xF7, 0xBE, 0x03, 0xFF, 0x80,
    0xDF, 0x08, 0x00, 0x87, 0x08, 0x61, 0xD6, 0xBA, 0xF7, 0x9E, 0x4A, 0x49, 0x0C, 0x00, 0x81, 0x63,
    0x2C, 0x02, 0xFF, 0x81, 0x7B, 0xEF, 0x0E, 0x00, 0x81, 0x9C, 0xD3, 0x02, 0xFF, 0x81, 0x4A, 0x49,
    0x0E, 0x00, 0x81, 0x9C, 0xD3, 0x02, 0xFF, 0x81, 0x42, 0x28, 0x0E, 0x00, 0x81, 0x9C, 0xD3, 0x02,
    0xFF, 0x81, 0x42, 0x28, 0x0E, 0x00, 0x81, 0x9C, 0xD3, 0x02, 0xFF, 0x81, 0x42, 0x28, 0x0E, 0x00,
    0x81, 0x9C, 0xD3, 0x02, 0xFF, 0x81, 0x42, 0x28, 0x0E, 0x00, 0x81, 0x9C, 0xD3, 0x02, 0xFF, 0x81,
    0x42, 0x28, 0x0E, 0x00, 0x81, 0x9C, 0xD3, 0x02, 0xFF, 0x81, 0x42, 0x28, 0x0E, 0x00, 0x81, 0x9C,
    0xD3, 0x02, 0xFF, 0x81, 0x42, 0x28, 0x0E, 0x00, 0x81, 0x9C, 0xD3, 0x02, 0xFF, 0x81, 0x42, 0x28,
    0x0E, 0x00, 0x81, 0x9C, 0xD3, 0x02, 0xFF, 0x81, 0x42, 0x28, 0x0E, 0x00, 0x81, 0x9C, 0xD3, 0x02,
    0xFF, 0x81, 0x42, 0x28, 0x0E, 0x00, 0x81, 0x9C, 0xD3, 0x02, 0xFF, 0x81, 0x42, 0x28, 0x0E, 0x00,
    0x81, 0x9C, 0xD3, 0x02, 0xFF, 0x81, 0x42, 0x28, 0x0E, 0x00, 0x81, 0x9C, 0xD3, 0x02, 0xFF, 0x81,
    0x4A, 0x49, 0x0E, 0x00, 0x81, 0x6B, 0x6D, 0x02, 0xFF, 0x81, 0x6B, 0x6D, 0x0E, 0x00, 0x8B, 0x10,
    0x82, 0xDE, 0xDB, 0xEF, 0x5D, 0x63, 0x2C, 0x31, 0xA6, 0x21, 0x24, 0x0A, 0x00, 0x89, 0x10, 0xA2,
    0x8C, 0x51, 0xD6, 0xBA, 0xF7, 0xBE, 0xFF, 0xDF, 0x04, 0x00, 0x04, 0x00, 0x85, 0x10, 0xA2, 0x21,
    0x04, 0x08, 0x41, 0x0E, 0x00, 0x81, 0x9C, 0xD3, 0x04, 0xFF, 0x83, 0xCE, 0x59, 0x39, 0xE7, 0x0E,
    0x00, 0x87, 0x18, 0xE3, 0xC6, 0x18, 0xFF, 0xDF, 0x42, 0x08, 0x0E, 0x00, 0x81, 0x21, 0x04, 0x02,
    0xFF, 0x81, 0xC6, 0x38, 0x10, 0x00, 0x83, 0xEF, 0x5D, 0xF7, 0xBE, 0x10, 0x00, 0x83, 0xE7, 0x3C,
    0xFF, 0xDF, 0x10, 0x00, 0x83, 0xE7, 0x3C, 0xFF, 0xDF, 0x10, 0x00, 0x83, 0xE7, 0x3C, 0xFF, 0xDF,
    0x10, 0x00, 0x83, 0xE7, 0x3C, 0xFF, 0xDF, 0x10, 0x00, 0x83, 0xE7, 0x3C, 0xFF, 0xDF, 0x10, 0x00,
    0x83, 0xE7, 0x3C, 0xFF, 0xDF, 0x10, 0x00, 0x83, 0xE7, 0x3C, 0xFF, 0xDF, 0x10, 0x00, 0x83, 0xE7,
    0x3C, 0xFF, 0xDF, 0x10, 0x00, 0x83, 0xE7, 0x3C, 0xFF, 0xDF, 0x10, 0x00, 0x83, 0xE7, 0x3C, 0xFF,
    0xDF, 0x10, 0x00, 0x83, 0xE7, 0x3C, 0xFF, 0xDF, 0x10, 0x00, 0x83, 0xE7, 0x3C, 0xFF, 0xDF, 0x10,
    0x00, 0x83, 0xEF, 0x5D, 0xFF, 0xDF, 0x0E, 0x00, 0x81, 0x10, 0x82, 0x02, 0xFF, 0x81, 0xCE, 0x59,
    0x08, 0x00, 0x87, 0x10, 0xA2, 0x29, 0x65, 0x4A, 0x49, 0xC6, 0x18, 0x02, 0xFF, 0x81, 0x4A, 0x69,
    0x08, 0x00, 0x81, 0x9C, 0xD3, 0x02, 0xFF, 0x85, 0xE7, 0x1C, 0xAD, 0x75, 0x39, 0xC7, 0x06, 0x00,
    0x42, 0x00, 0x81, 0x29, 0x65, 0x02, 0x00, 0x83, 0xD6, 0x9A, 0x9C, 0xD3, 0x0A, 0x00, 0x85, 0x94,
    0x92, 0xF7, 0x9E, 0x39, 0xE7, 0x02, 0xFF, 0x81, 0xB5, 0xB6, 0x0A, 0x00, 0x81, 0x84, 0x10, 0x02,
    0xFF, 0x81, 0xF7, 0x9E, 0x02, 0xFF, 0x85, 0xA5, 0x34, 0xAD, 0x55, 0x7B, 0xCF, 0x04, 0x00, 0x85,
    0x08, 0x41, 0x39, 0xC7, 0xCE, 0x59, 0x08, 0xFF, 0x81, 0xC6, 0x18, 0x04, 0x00, 0x81, 0x6B, 0x4D,
    0x08, 0xFF, 0x85, 0xF7, 0xBE, 0x52, 0x8A, 0x10, 0x82, 0x04, 0x00, 0x85, 0x29, 0x45, 0xD6, 0x9A,
    0x84, 0x30, 0x02, 0xFF, 0x81, 0xF7, 0x9E, 0x02, 0xFF, 0x83, 0xCE, 0x59, 0x10, 0x82, 0x08, 0x00,
    0x81, 0x5A, 0xEB, 0x02, 0xFF, 0x87, 0x73, 0xAE, 0xBD, 0xD7, 0xDE, 0xDB, 0x10, 0xA2, 0x08, 0x00,
    0x89, 0x52, 0xAA, 0xCE, 0x79, 0x42, 0x08, 0x10, 0x82, 0x18, 0xE3, 0x7F, 0x00, 0x4D, 0x00, 0x7F,
    0x00, 0x84, 0x00, 0x73, 0x8E, 0xD6, 0xBA, 0x10, 0x00, 0x83, 0x73, 0x8E, 0xD6, 0xBA, 0x0A, 0x00,
    0x8F, 0x18, 0xC3, 0x29, 0x45, 0x29, 0x45, 0x8C, 0x71, 0xDE, 0xFB, 0x29, 0x45, 0x29, 0x45, 0x29,
    0x45, 0x04, 0x00, 0x81, 0x9C, 0xF3, 0x0D, 0xFF, 0x80, 0xDF, 0x0A, 0x00, 0x83, 0x73, 0x8E, 0xD6,
    0xBA, 0x10, 0x00, 0x83, 0x73, 0x8E, 0xD6, 0xBA, 0x10, 0x00, 0x83, 0x73, 0x8E, 0xD6, 0xBA, 0x7F,
    0x00, 0x29, 0x00, 0x7F, 0x00, 0x7F, 0x00, 0x34, 0x00, 0x81, 0x18, 0xE3, 0x04, 0xFF, 0x81, 0x6B,
    0x4D, 0x0C, 0x00, 0x81, 0x18, 0xE3, 0x04, 0xFF, 0x81, 0x42, 0x08, 0x0C, 0x00, 0x81, 0x18, 0xE3,
    0x04, 0xFF, 0x81, 0x18, 0xC3, 0x0C, 0x00, 0x81, 0x18, 0xE3, 0x02, 0xFF, 0x81, 0xF7, 0x9E, 0x0E,
    0x00, 0x81, 0x18, 0xE3, 0x02, 0xFF, 0x81, 0xCE, 0x59, 0x1C, 0x00, 0x7F, 0x00, 0x49, 0x00, 0x81,
    0x29, 0x65, 0x10, 0xFF, 0x95, 0x84, 0x30, 0x08, 0x41, 0x31, 0x86, 0x31, 0x86, 0x31, 0x86, 0x31,
    0x86, 0x31, 0x86, 0x31, 0x86, 0x31, 0x86, 0x31, 0x86, 0x18, 0xC3, 0x7F, 0x00, 0x35, 0x00, 0x7F,
    0x00, 0x7F, 0x00, 0x36, 0x00, 0x85, 0xF7, 0xBE, 0xFF, 0xDF, 0x52, 0x8A, 0x0E, 0x00, 0x81, 0xF7,
    0xBE, 0x02, 0xFF, 0x81, 0x52, 0x8A, 0x56, 0x00, 0x4A, 0x00, 0x85, 0x18, 0xC3, 0xF7, 0xBE, 0x5A,
    0xEB, 0x0E, 0x00, 0x83, 0x9C, 0xD3, 0xD6, 0xBA, 0x0E, 0x00, 0x85, 0x21, 0x24, 0xFF, 0xDF, 0x52,
    0x8A, 0x0E, 0x00, 0x83, 0xAD, 0x55, 0xCE, 0x59, 0x0E, 0x00, 0x81, 0x31, 0x86, 0x02, 0xFF, 0x81,
    0x42, 0x08, 0x0E, 0x00, 0x83, 0xBD, 0xD7, 0xBD, 0xD7, 0x0E, 0x00, 0x81, 0x42, 0x08, 0x02, 0xFF,
    0x81, 0x31, 0xA6, 0x0E, 0x00, 0x83, 0xCE, 0x59, 0xAD, 0x55, 0x0E, 0x00, 0x81, 0x52, 0xAA, 0x02,
    0xFF, 0x81, 0x29, 0x45, 0x0D, 0x00, 0x84, 0x20, 0xDE, 0xDB, 0x9C, 0xF3, 0x0E, 0x00, 0x85, 0x63,
    0x2C, 0xFF, 0xDF, 0x18, 0xE3, 0x0C, 0x00, 0x85, 0x08, 0x41, 0xE7, 0x3C, 0x8C, 0x71, 0x0E, 0x00,
    0x85, 0x73, 0xAE, 0xF7, 0x9E, 0x10, 0xA2, 0x0C, 0x00, 0x85, 0x10, 0x82, 0xEF, 0x7D, 0x7B, 0xEF,
    0x5E, 0x00, 0x3E, 0x00, 0x83, 0x31, 0x86, 0xD6, 0x9A, 0x08, 0xFF, 0x83, 0xEF, 0x5D, 0x7B, 0xCF,
    0x04, 0x00, 0x81, 0xE7, 0x1C, 0x02, 0xFF, 0x87, 0x6B, 0x6D, 0x21, 0x24, 0x21, 0x24, 0xC6, 0x18,
    0x04, 0xFF, 0x83, 0x42, 0x28, 0x39, 0xE7, 0x02, 0xFF, 0x81, 0xD6, 0x9A, 0x04, 0x00, 0x85, 0x08,
    0x41, 0xF7, 0xBE, 0xEF, 0x7D, 0x02, 0xFF, 0x83, 0xA5, 0x14, 0x63, 0x0C, 0x02, 0xFF, 0x81, 0x94,
    0x92, 0x04, 0x00, 0x81, 0x5A, 0xEB, 0x02, 0xFF, 0x81, 0x7B, 0xCF, 0x02, 0xFF, 0x83, 0xC6, 0x38,
    0x63, 0x2C, 0x02, 0xFF, 0x81, 0x84, 0x10, 0x04, 0x00, 0x85, 0xBD, 0xD7, 0xEF, 0x5D, 0x29, 0x65,
    0x02, 0xFF, 0x83, 0xCE, 0x59, 0x63, 0x2C, 0x02, 0xFF, 0x81, 0x84, 0x10, 0x02, 0x00, 0x81, 0x18,
    0xC3, 0x02, 0xFF, 0x83, 0x94, 0x92, 0x21, 0x24, 0x02, 0xFF, 0x83, 0xCE, 0x59, 0x63, 0x2C, 0x02,
    0xFF, 0x81, 0x84, 0x10, 0x02, 0x00, 0x81, 0x73, 0x8E, 0x02, 0xFF, 0x83, 0x39, 0xC7, 0x21, 0x24,
    0x02, 0xFF, 0x83, 0xCE, 0x59, 0x63, 0x2C, 0x02, 0xFF, 0x81, 0x84, 0x10, 0x02, 0x00, 0x83, 0xCE,
    0x79, 0xDE, 0xFB, 0x02, 0x00, 0x81, 0x21, 0x24, 0x02, 0xFF, 0x83, 0xCE, 0x59, 0x63, 0x2C, 0x02,
    0xFF, 0x83, 0x84, 0x10, 0x29, 0x45, 0x02, 0xFF, 0x81, 0x84, 0x10, 0x02, 0x00, 0x81, 0x21, 0x24,
    0x02, 0xFF, 0x83, 0xCE, 0x59, 0x63, 0x2C, 0x02, 0xFF, 0x83, 0x84, 0x10, 0x84, 0x30, 0x02, 0xFF,
    0x81, 0x29, 0x45, 0x02, 0x00, 0x81, 0x21, 0x24, 0x02, 0xFF, 0x83, 0xCE, 0x59, 0x63, 0x0C, 0x02,
    0xFF, 0x85, 0x8C, 0x71, 0xE7, 0x1C, 0xCE, 0x79, 0x04, 0x00, 0x81, 0x31, 0xA6, 0x02, 0xFF, 0x83,
    0xC6, 0x38, 0x42, 0x08, 0x02, 0xFF, 0x81, 0xEF, 0x5D, 0x02, 0xFF, 0x81, 0x73, 0x8E, 0x04, 0x00,
    0x81, 0x73, 0x8E, 0x02, 0xFF, 0x85, 0xA5, 0x34, 0x00, 0x20, 0xE7, 0x1C, 0x04, 0xFF, 0x87, 0x42,
    0x08, 0x18, 0xE3, 0x39, 0xC7, 0xDE, 0xFB, 0x02, 0xFF, 0x81, 0x4A, 0x49, 0x02, 0x00, 0x83, 0x31,
    0xA6, 0xD6, 0x9A, 0x08, 0xFF, 0x83, 0xEF, 0x7D, 0x7B, 0xEF, 0x52, 0x00, 0x3E, 0x00, 0x81, 0x08,
    0x41, 0x08, 0xFF, 0x81, 0x6B, 0x6D, 0x0A, 0x00, 0x85, 0x21, 0x04, 0x21, 0x04, 0xDE, 0xDB, 0x02,
    0xFF, 0x81, 0x6B, 0x6D, 0x0E, 0x00, 0x81, 0xD6, 0x9A, 0x02, 0xFF, 0x81, 0x6B, 0x6D, 0x0E, 0x00,
    0x81, 0xD6, 0x9A, 0x02, 0xFF, 0x81, 0x6B, 0x6D, 0x0E, 0x00, 0x81, 0xD6, 0x9A, 0x02, 0xFF, 0x81,
    0x6B, 0x6D, 0x0E, 0x00, 0x81, 0xD6, 0x9A, 0x02, 0xFF, 0x81, 0x6B, 0x6D, 0x0E, 0x00, 0x81, 0xD6,
    0x9A, 0x02, 0xFF, 0x81, 0x6B, 0x6D, 0x0E, 0x00, 0x81, 0xD6, 0x9A, 0x02, 0xFF, 0x81, 0x6B, 0x6D,
    0x0E, 0x00, 0x81, 0xD6, 0x9A, 0x02, 0xFF, 0x81, 0x6B, 0x6D, 0x0E, 0x00, 0x81, 0xD6, 0x9A, 0x02,
    0xFF, 0x81, 0x6B, 0x6D, 0x0E, 0x00, 0x81, 0xD6, 0x9A, 0x02, 0xFF, 0x81, 0x6B, 0x6D, 0x0E, 0x00,
    0x81, 0xD6, 0x9A, 0x02, 0xFF, 0x81, 0x6B, 0x6D, 0x06, 0x00, 0x89, 0x08, 0x41, 0x18, 0xE3, 0x18,
    0xE3, 0x18, 0xE3, 0xDE, 0xDB, 0x02, 0xFF, 0x89, 0x84, 0x10, 0x18, 0xE3, 0x18, 0xE3, 0x10, 0xA2,
    0x42, 0x28, 0x10, 0xFF, 0x81, 0xAD, 0x55, 0x50, 0x00, 0x40, 0x00, 0x81, 0xFF, 0xDF, 0x08, 0xFF,
    0x83, 0xE7, 0x3C, 0x6B, 0x6D, 0x06, 0x00, 0x8B, 0x21, 0x04, 0x21, 0x04, 0x21, 0x04, 0x21, 0x24,
    0x5A, 0xCB, 0xFF, 0xDF, 0x02, 0xFF, 0x81, 0x39, 0xE7, 0x0E, 0x00, 0x81, 0xB5, 0x96, 0x02, 0xFF,
    0x81, 0x94, 0xB2, 0x0E, 0x00, 0x81, 0x7B, 0xCF, 0x02, 0xFF, 0x81, 0xB5, 0xB6, 0x0E, 0x00, 0x81,
    0xA5, 0x34, 0x02, 0xFF, 0x81, 0xA5, 0x14, 0x0C, 0x00, 0x83, 0x31, 0x86, 0xEF, 0x7D, 0x02, 0xFF,
    0x81, 0x52, 0xAA, 0x02, 0x00, 0x83, 0x39, 0xC7, 0xD6, 0xBA, 0x0A, 0xFF, 0x81, 0x9C, 0xF3, 0x03,
    0x00, 0x82, 0x20, 0xE7, 0x1C, 0x02, 0xFF, 0x89, 0x94, 0xB2, 0x21, 0x24, 0x21, 0x04, 0x21, 0x04,
    0x10, 0x82, 0x04, 0x00, 0x81, 0x39, 0xE7, 0x03, 0xFF, 0x82, 0xDF, 0x08, 0x61, 0x0C, 0x00, 0x81,
    0x5A, 0xCB, 0x02, 0xFF, 0x81, 0xDE, 0xFB, 0x0E, 0x00, 0x81, 0x63, 0x0C, 0x02, 0xFF, 0x81, 0xD6,
    0xBA, 0x0E, 0x00, 0x81, 0x63, 0x0C, 0x02, 0xFF, 0x81, 0xD6, 0xBA, 0x0E, 0x00, 0x81, 0x63, 0x0C,
    0x02, 0xFF, 0x91, 0xDE, 0xFB, 0x18, 0xE3, 0x18, 0xE3, 0x18, 0xE3, 0x18, 0xE3, 0x18, 0xE3, 0x18,
    0xE3, 0x18, 0xC3, 0x63, 0x0C, 0x10, 0xFF, 0x81, 0xCE, 0x59, 0x50, 0x00, 0x3C, 0x00, 0x81, 0x29,
    0x65, 0x0C, 0xFF, 0x83, 0xDE, 0xFB, 0x52, 0x8A, 0x03, 0x00, 0x8C, 0x20, 0x21, 0x04, 0x21, 0x04,
    0x21, 0x04, 0x21, 0x04, 0x21, 0x24, 0x7B, 0xCF, 0x03, 0xFF, 0x82, 0xDF, 0x18, 0xC3, 0x0E, 0x00,
    0x81, 0xE7, 0x1C, 0x02, 0xFF, 0x81, 0x6B, 0x4D, 0x0E, 0x00, 0x81, 0xAD, 0x55, 0x02, 0xFF, 0x81,
    0x84, 0x30, 0x0E, 0x00, 0x81, 0xCE, 0x59, 0x02, 0xFF, 0x81, 0x63, 0x0C, 0x0C, 0x00, 0x87, 0x39,
    0xE7, 0xFF, 0xDF, 0xF7, 0x9E, 0x21, 0x04, 0x06, 0x00, 0x81, 0x63, 0x2C, 0x08, 0xFF, 0x81, 0x7B,
    0xEF, 0x08, 0x00, 0x87, 0x10, 0x82, 0x21, 0x24, 0x29, 0x45, 0x73, 0xAE, 0x03, 0xFF, 0x82, 0xDF,
    0x18, 0xE3, 0x0E, 0x00, 0x81, 0xD6, 0x9A, 0x02, 0xFF, 0x81, 0x6B, 0x4D, 0x0E, 0x00, 0x81, 0x94,
    0xB2, 0x02, 0xFF, 0x81, 0x94, 0xB2, 0x0E, 0x00, 0x81, 0x9C, 0xD3, 0x02, 0xFF, 0x81, 0xA5, 0x14,
    0x0E, 0x00, 0x81, 0xD6, 0xBA, 0x02, 0xFF, 0x8F, 0x7B, 0xCF, 0x08, 0x41, 0x18, 0xE3, 0x18, 0xE3,
    0x18, 0xE3, 0x18, 0xE3, 0x21, 0x04, 0x6B, 0x6D, 0x03, 0xFF, 0x84, 0xDF, 0x21, 0x04, 0x52, 0x8A,
    0x0C, 0xFF, 0x83, 0xE7, 0x1C, 0x52, 0xAA, 0x52, 0x00, 0x44, 0x00, 0x83, 0x10, 0x82, 0xF7, 0x9E,
    0x04, 0xFF, 0x81, 0x42, 0x08, 0x0A, 0x00, 0x85, 0x84, 0x10, 0xF7, 0xBE, 0xD6, 0xBA, 0x02, 0xFF,
    0x81, 0x42, 0x08, 0x08, 0x00, 0x87, 0x08, 0x61, 0xEF, 0x7D, 0x8C, 0x71, 0xC6, 0x18, 0x02, 0xFF,
    0x81, 0x42, 0x08, 0x08, 0x00, 0x87, 0x7B, 0xCF, 0xFF, 0xDF, 0x18, 0xE3, 0xC6, 0x18, 0x02, 0xFF,
    0x81, 0x42, 0x08, 0x06, 0x00, 0x85, 0x08, 0x61, 0xEF, 0x7D, 0x9C, 0xF3, 0x02, 0x00, 0x81, 0xC6,
    0x18, 0x02, 0xFF, 0x81, 0x42, 0x08, 0x06, 0x00, 0x81, 0x73, 0xAE, 0x02, 0xFF, 0x81, 0x29, 0x45,
    0x02, 0x00, 0x81, 0xC6, 0x18, 0x02, 0xFF, 0x81, 0x42, 0x08, 0x04, 0x00, 0x85, 0x08, 0x41, 0xEF,
    0x5D, 0xAD, 0x75, 0x04, 0x00, 0x81, 0xC6, 0x18, 0x02, 0xFF, 0x81, 0x42, 0x08, 0x04, 0x00, 0x81,
    0x73, 0x8E, 0x02, 0xFF, 0x81, 0x31, 0xA6, 0x04, 0x00, 0x81, 0xC6, 0x18, 0x02, 0xFF, 0x81, 0x42,
    0x08, 0x02, 0x00, 0x85, 0x08, 0x41, 0xE7, 0x3C, 0xBD, 0xF7, 0x06, 0x00, 0x81, 0xC6, 0x18, 0x02,
    0xFF, 0x81, 0x42, 0x08, 0x02, 0x00, 0x81, 0x63, 0x0C, 0x02, 0xFF, 0x81, 0x42, 0x08, 0x06, 0x00,
    0x81, 0xC6, 0x18, 0x02, 0xFF, 0x81, 0x42, 0x08, 0x02, 0x00, 0x81, 0x73, 0x8E, 0x10, 0xFF, 0x8F,
    0xCE, 0x59, 0x08, 0x41, 0x10, 0xA2, 0x10, 0xA2, 0x10, 0xA2, 0x10, 0xA2, 0x10, 0xA2, 0xCE, 0x59,
    0x02, 0xFF, 0x83, 0x52, 0x8A, 0x08, 0x61, 0x0C, 0x00, 0x81, 0xC6, 0x18, 0x02, 0xFF, 0x81, 0x42,
    0x08, 0x0E, 0x00, 0x81, 0xC6, 0x18, 0x02, 0xFF, 0x81, 0x42, 0x08, 0x52, 0x00, 0x3C, 0x00, 0x81,
    0x73, 0x8E, 0x0E, 0xFF, 0x81, 0xA5, 0x34, 0x02, 0x00, 0x81, 0x73, 0x8E, 0x02, 0xFF, 0x8D, 0xC6,
    0x18, 0x21, 0x04, 0x21, 0x04, 0x21, 0x04, 0x21, 0x04, 0x21, 0x04, 0x10, 0xA2, 0x02, 0x00, 0x81,
    0x73, 0x8E, 0x02, 0xFF, 0x81, 0xB5, 0xB6, 0x0E, 0x00, 0x81, 0x73, 0x8E, 0x02, 0xFF, 0x81, 0xB5,
    0xB6, 0x0E, 0x00, 0x81, 0x73, 0x8E, 0x02, 0xFF, 0x81, 0xB5, 0xB6, 0x0E, 0x00, 0x81, 0x73, 0x8E,
    0x02, 0xFF, 0x8B, 0xC6, 0x18, 0x21, 0x04, 0x21, 0x04, 0x21, 0x04, 0x21, 0x04, 0x00, 0x20, 0x04,
    0x00, 0x81, 0x73, 0x8E, 0x0D, 0xFF, 0x84, 0xDF, 0x94, 0xB2, 0x00, 0x20, 0x0C, 0x00, 0x83, 0x21,
    0x04, 0xDE, 0xDB, 0x02, 0xFF, 0x81, 0x5A, 0xEB, 0x0E, 0x00, 0x81, 0x7B, 0xCF, 0x02, 0xFF, 0x81,
    0xAD, 0x55, 0x0E, 0x00, 0x81, 0x63, 0x0C, 0x02, 0xFF, 0x81, 0xC6, 0x18, 0x0E, 0x00, 0x81, 0x6B,
    0x6D, 0x02, 0xFF, 0x81, 0xB5, 0xB6, 0x0E, 0x00, 0x81, 0x9C, 0xF3, 0x02, 0xFF, 0x91, 0x94, 0x92,
    0x08, 0x61, 0x18, 0xE3, 0x18, 0xE3, 0x18, 0xE3, 0x18, 0xE3, 0x21, 0x04, 0x5A, 0xEB, 0xF7, 0xBE,
    0x02, 0xFF, 0x83, 0x31, 0x86, 0x73, 0x8E, 0x0C, 0xFF, 0x83, 0xDE, 0xDB, 0x5A, 0xCB, 0x52, 0x00,
    0x3E, 0x00, 0x83, 0x7B, 0xCF, 0xE7, 0x3C, 0x0A, 0xFF, 0x04, 0x00, 0x81, 0x29, 0x45, 0x04, 0xFF,
    0x89, 0x7B, 0xEF, 0x21, 0x24, 0x21, 0x04, 0x21, 0x04, 0x21, 0x04, 0x04, 0x00, 0x81, 0x52, 0xAA,
    0x02, 0xFF, 0x83, 0xF7, 0xBE, 0x00, 0x20, 0x0C, 0x00, 0x81, 0x63, 0x2C, 0x02, 0xFF, 0x81, 0xE7,
    0x1C, 0x0E, 0x00, 0x81, 0x63, 0x2C, 0x02, 0xFF, 0x81, 0xDE, 0xFB, 0x0E, 0x00, 0x81, 0x63, 0x2C,
    0x02, 0xFF, 0x8B, 0xE7, 0x1C, 0x18, 0xE3, 0x18, 0xE3, 0x18, 0xE3, 0x18, 0xE3, 0x18, 0xE3, 0x04,
    0x00, 0x81, 0x63, 0x2C, 0x0E, 0xFF, 0x85, 0xE7, 0x1C, 0x29, 0x45, 0x63, 0x2C, 0x02, 0xFF, 0x81,
    0xDE, 0xFB, 0x06, 0x00, 0x83, 0x10, 0x82, 0xCE, 0x79, 0x02, 0xFF, 0x83, 0xA5, 0x14, 0x63, 0x2C,
    0x02, 0xFF, 0x81, 0xDE, 0xFB, 0x08, 0x00, 0x81, 0x8C, 0x71, 0x02, 0xFF, 0x83, 0xCE, 0x59, 0x63,
    0x2C, 0x02, 0xFF, 0x81, 0xDE, 0xFB, 0x08, 0x00, 0x81, 0x84, 0x30, 0x02, 0xFF, 0x83, 0xCE, 0x59,
    0x63, 0x2C, 0x02, 0xFF, 0x81, 0xE7, 0x1C, 0x08, 0x00, 0x81, 0x84, 0x30, 0x02, 0xFF, 0x83, 0xCE,
    0x59, 0x5A, 0xCB, 0x02, 0xFF, 0x81, 0xF7, 0x9E, 0x08, 0x00, 0x81, 0xA5, 0x34, 0x02, 0xFF, 0x83,
    0xBD, 0xD7, 0x31, 0x86, 0x04, 0xFF, 0x89, 0x73, 0xAE, 0x21, 0x04, 0x18, 0xE3, 0x52, 0x8A, 0xEF,
    0x7D, 0x02, 0xFF, 0x81, 0x94, 0x92, 0x02, 0x00, 0x83, 0x84, 0x10, 0xE7, 0x3C, 0x08, 0xFF, 0x85,
    0xF7, 0x9E, 0xBD, 0xD7, 0x18, 0xC3, 0x50, 0x00, 0x3C, 0x00, 0x81, 0x84, 0x30, 0x10, 0xFF, 0x91,
    0xB5, 0xB6, 0x10, 0x82, 0x21, 0x04, 0x21, 0x04, 0x21, 0x04, 0x21, 0x04, 0x21, 0x04, 0x21, 0x04,
    0xCE, 0x59, 0x02, 0xFF, 0x81, 0x4A, 0x49, 0x0C, 0x00, 0x81, 0x29, 0x45, 0x02, 0xFF, 0x81, 0xDE,
    0xFB, 0x0E, 0x00, 0x81, 0x94, 0xB2, 0x02, 0xFF, 0x81, 0x73, 0xAE, 0x0C, 0x00, 0x87, 0x08, 0x61,
    0xF7, 0x9E, 0xF7, 0xBE, 0x10, 0x82, 0x0C, 0x00, 0x81, 0x73, 0x8E, 0x02, 0xFF, 0x81, 0x9C, 0xF3,
    0x0E, 0x00, 0x81, 0xDE, 0xDB, 0x02, 0xFF, 0x81, 0x31, 0xA6, 0x0C, 0x00, 0x81, 0x4A, 0x49, 0x02,
    0xFF, 0x81, 0xCE, 0x59, 0x0E, 0x00, 0x81, 0xB5, 0xB6, 0x02, 0xFF, 0x81, 0x5A, 0xEB, 0x0C, 0x00,
    0x81, 0x21, 0x24, 0x02, 0xFF, 0x83, 0xEF, 0x7D, 0x08, 0x41, 0x0C, 0x00, 0x81, 0x94, 0x92, 0x02,
    0xFF, 0x81, 0x8C, 0x51, 0x0C, 0x00, 0x83, 0x08, 0x61, 0xF7, 0x9E, 0x02, 0xFF, 0x81, 0x21, 0x04,
    0x0C, 0x00, 0x81, 0x6B, 0x6D, 0x02, 0xFF, 0x81, 0xB5, 0x96, 0x0E, 0x00, 0x81, 0xDE, 0xDB, 0x02,
    0xFF, 0x81, 0x4A, 0x49, 0x5A, 0x00, 0x3E, 0x00, 0x85, 0x18, 0xC3, 0xBD, 0xD7, 0xF7, 0xBE, 0x06,
    0xFF, 0x83, 0xDE, 0xDB, 0x52, 0xAA, 0x04, 0x00, 0x81, 0xA5, 0x34, 0x02, 0xFF, 0x87, 0xB5, 0x96,
    0x29, 0x65, 0x21, 0x24, 0x63, 0x2C, 0x02, 0xFF, 0x83, 0xF7, 0xBE, 0x10, 0x82, 0x02, 0x00, 0x81,
    0xEF, 0x5D, 0x02, 0xFF, 0x81, 0x21, 0x24, 0x06, 0x00, 0x81, 0xC6, 0x38, 0x02, 0xFF, 0x81, 0x4A,
    0x49, 0x02, 0x00, 0x81, 0xFF, 0xDF, 0x02, 0xFF, 0x81, 0x08, 0x41, 0x06, 0x00, 0x81, 0xA5, 0x34,
    0x02, 0xFF, 0x81, 0x5A, 0xCB, 0x02, 0x00, 0x81, 0xDE, 0xDB, 0x02, 0xFF, 0x81, 0x21, 0x04, 0x06,
    0x00, 0x81, 0xBD, 0xF7, 0x02, 0xFF, 0x81, 0x39, 0xC7, 0x02, 0x00, 0x81, 0x94, 0x92, 0x02, 0xFF,
    0x83, 0x9C, 0xD3, 0x08, 0x41, 0x02, 0x00, 0x81, 0x42, 0x28, 0x02, 0xFF, 0x83, 0xD6, 0xBA, 0x08,
    0x41, 0x02, 0x00, 0x83, 0x18, 0xE3, 0xE7, 0x3C, 0x0A, 0xFF, 0x81, 0x5A, 0xEB, 0x04, 0x00, 0x81,
    0xD6, 0x9A, 0x02, 0xFF, 0x89, 0x9C, 0xD3, 0x29, 0x65, 0x29, 0x45, 0x5A, 0xEB, 0xFF, 0xDF, 0x02,
    0xFF, 0x83, 0x31, 0xA6, 0x29, 0x65, 0x02, 0xFF, 0x83, 0xF7, 0xBE, 0x08, 0x41, 0x06, 0x00, 0x81,
    0xA5, 0x34, 0x02, 0xFF, 0x83, 0x8C, 0x71, 0x4A, 0x49, 0x02, 0xFF, 0x81, 0xDE, 0xDB, 0x08, 0x00,
    0x81, 0x7B, 0xEF, 0x02, 0xFF, 0x83, 0xAD, 0x55, 0x4A, 0x49, 0x02, 0xFF, 0x81, 0xDE, 0xDB, 0x08,
    0x00, 0x81, 0x7B, 0xCF, 0x02, 0xFF, 0x83, 0xAD, 0x75, 0x31, 0x86, 0x02, 0xFF, 0x83, 0xF7, 0xBE,
    0x08, 0x41, 0x06, 0x00, 0x81, 0xA5, 0x34, 0x02, 0xFF, 0x81, 0x94, 0xB2, 0x02, 0x00, 0x81, 0xE7,
    0x1C, 0x02, 0xFF, 0x89, 0x94, 0xB2, 0x21, 0x24, 0x21, 0x04, 0x52, 0x8A, 0xF7, 0xBE, 0x02, 0xFF,
    0x81, 0x42, 0x28, 0x02, 0x00, 0x85, 0x31, 0xA6, 0xCE, 0x79, 0xFF, 0xDF, 0x06, 0xFF, 0x83, 0xE7,
    0x1C, 0x7B, 0xCF, 0x52, 0x00, 0x3E, 0x00, 0x83, 0x7B, 0xEF, 0xE7, 0x3C, 0x08, 0xFF, 0x87, 0xF7,
    0x9E, 0xB5, 0xB6, 0x18, 0xC3, 0x29, 0x45, 0x04, 0xFF, 0x89, 0x9C, 0xF3, 0x39, 0xE7, 0x31, 0xA6,
    0x52, 0xAA, 0xF7, 0x9E, 0x02, 0xFF, 0x83, 0x8C, 0x71, 0x52, 0xAA, 0x03, 0xFF, 0x82, 0xDF, 0x08,
    0x41, 0x06, 0x00, 0x81, 0xA5, 0x14, 0x02, 0xFF, 0x83, 0xBD, 0xD7, 0x63, 0x0C, 0x02, 0xFF, 0x81,
    0xDE, 0xDB, 0x08, 0x00, 0x81, 0x8C, 0x51, 0x02, 0xFF, 0x83, 0xCE, 0x59, 0x63, 0x0C, 0x02, 0xFF,
    0x81, 0xD6, 0xBA, 0x08, 0x00, 0x81, 0x84, 0x30, 0x02, 0xFF, 0x83, 0xCE, 0x59, 0x63, 0x0C, 0x02,
    0xFF, 0x81, 0xDE, 0xDB, 0x08, 0x00, 0x81, 0x84, 0x30, 0x02, 0xFF, 0x83, 0xCE, 0x59, 0x5A, 0xEB,
    0x02, 0xFF, 0x81, 0xE7, 0x3C, 0x08, 0x00, 0x81, 0x84, 0x30, 0x02, 0xFF, 0x83, 0xCE, 0x59, 0x31,
    0xA6, 0x04, 0xFF, 0x89, 0x52, 0x8A, 0x18, 0xE3, 0x18, 0xE3, 0x18, 0xE3, 0x94, 0xB2, 0x02, 0xFF,
    0x81, 0xCE, 0x59, 0x02, 0x00, 0x83, 0x94, 0x92, 0xF7, 0x9E, 0x0C, 0xFF, 0x81, 0xCE, 0x59, 0x0E,
    0x00, 0x81, 0x84, 0x30, 0x02, 0xFF, 0x81, 0xCE, 0x59, 0x0E, 0x00, 0x81, 0x8C, 0x51, 0x02, 0xFF,
    0x81, 0xCE, 0x59, 0x0E, 0x00, 0x81, 0x9C, 0xF3, 0x02, 0xFF, 0x81, 0xBD, 0xD7, 0x02, 0x00, 0x8D,
    0x10, 0xA2, 0x18, 0xE3, 0x18, 0xE3, 0x18, 0xE3, 0x18, 0xE3, 0x39, 0xE7, 0xEF, 0x5D, 0x02, 0xFF,
    0x81, 0x94, 0x92, 0x02, 0x00, 0x81, 0xB5, 0x96, 0x0A, 0xFF, 0x85, 0xF7, 0x9E, 0xBD, 0xD7, 0x18,
    0xC3, 0x50, 0x00, 0x7F, 0x00, 0x3B, 0x00, 0x81, 0x18, 0xE3, 0x04, 0xFF, 0x81, 0x7B, 0xEF, 0x0C,
    0x00, 0x81, 0x18, 0xE3, 0x04, 0xFF, 0x81, 0x7B, 0xEF, 0x4B, 0x00, 0x82, 0x20, 0x00, 0x20, 0x0E,
    0x00, 0x81, 0x18, 0xE3, 0x04, 0xFF, 0x81, 0x7B, 0xEF, 0x0C, 0x00, 0x81, 0x18, 0xE3, 0x04, 0xFF,
    0x81, 0x7B, 0xEF, 0x56, 0x00, 0x7F, 0x00, 0x3B, 0x00, 0x81, 0x18, 0xE3, 0x04, 0xFF, 0x81, 0x7B,
    0xEF, 0x0C, 0x00, 0x81, 0x18, 0xE3, 0x04, 0xFF, 0x81, 0x7B, 0xEF, 0x4A, 0x00, 0x85, 0x08, 0x61,
    0x08, 0x61, 0x00, 0x20, 0x0C, 0x00, 0x81, 0x18, 0xE3, 0x04, 0xFF, 0x81, 0x6B, 0x4D, 0x0C, 0x00,
    0x81, 0x18, 0xE3, 0x04, 0xFF, 0x81, 0x42, 0x08, 0x0C, 0x00, 0x81, 0x18, 0xE3, 0x04, 0xFF, 0x81,
    0x18, 0xC3, 0x0C, 0x00, 0x81, 0x18, 0xE3, 0x02, 0xFF, 0x81, 0xF7, 0x9E, 0x0E, 0x00, 0x81, 0x18,
    0xE3, 0x02, 0xFF, 0x81, 0xCE, 0x59, 0x1C, 0x00, 0x72, 0x00, 0x83, 0x63, 0x0C, 0x31, 0xA6, 0x0E,
    0x00, 0x85, 0x8C, 0x51, 0xF7, 0x9E, 0x21, 0x24, 0x0A, 0x00, 0x87, 0x08, 0x61, 0xB5, 0x96, 0xDE,
    0xFB, 0x29, 0x65, 0x0A, 0x00, 0x87, 0x18, 0xE3, 0xD6, 0x9A, 0xC6, 0x18, 0x10, 0xA2, 0x0A, 0x00,
    0x87, 0x39, 0xC7, 0xEF, 0x5D, 0x9C, 0xF3, 0x00, 0x20, 0x0C, 0x00, 0x87, 0x5A, 0xEB, 0xFF, 0xDF,
    0x9C, 0xF3, 0x00, 0x20, 0x0E, 0x00, 0x87, 0x31, 0xA6, 0xE7, 0x3C, 0xBD, 0xF7, 0x10, 0x82, 0x0E,
    0x00, 0x87, 0x18, 0xC3, 0xC6, 0x38, 0xDE, 0xFB, 0x29, 0x45, 0x0F, 0x00, 0x86, 0x20, 0x9C, 0xD3,
    0xF7, 0x9E, 0x21, 0x04, 0x10, 0x00, 0x83, 0x6B, 0x4D, 0x31, 0xA6, 0x7A, 0x00, 0x7F, 0x00, 0x0F,
    0x00, 0x81, 0x52, 0xAA, 0x0C, 0xFF, 0x81, 0xBD, 0xD7, 0x04, 0x00, 0x8F, 0x10, 0x82, 0x31, 0xA6,
    0x31, 0xA6, 0x31, 0xA6, 0x31, 0xA6, 0x31, 0xA6, 0x31, 0xA6, 0x29, 0x45, 0x18, 0x00, 0x8F, 0x08,
    0x61, 0x29, 0x45, 0x29, 0x45, 0x29, 0x45, 0x29, 0x45, 0x29, 0x45, 0x29, 0x45, 0x21, 0x04, 0x04,
    0x00, 0x81, 0x52, 0xAA, 0x0C, 0xFF, 0x81, 0xBD, 0xD7, 0x7F, 0x00, 0x37, 0x00, 0x68, 0x00, 0x83,
    0x8C, 0x71, 0x08, 0x61, 0x10, 0x00, 0x85, 0xB5, 0xB6, 0xD6, 0x9A, 0x18, 0xE3, 0x0E, 0x00, 0x87,
    0x08, 0x41, 0xA5, 0x34, 0xEF, 0x5D, 0x39, 0xC7, 0x10, 0x00, 0x85, 0x7B, 0xCF, 0xF7, 0xBE, 0x5A,
    0xCB, 0x10, 0x00, 0x85, 0x4A, 0x69, 0xF7, 0xBE, 0x84, 0x30, 0x0E, 0x00, 0x87, 0x4A, 0x69, 0xF7,
    0xBE, 0xAD, 0x75, 0x08, 0x41, 0x0A, 0x00, 0x81, 0x73, 0xAE, 0x02, 0xFF, 0x81, 0x7B, 0xEF, 0x0B,
    0x00, 0x86, 0x20, 0xA5, 0x14, 0xF7, 0x9E, 0x4A, 0x69, 0x0C, 0x00, 0x85, 0xB5, 0xB6, 0xDE, 0xDB,
    0x29, 0x45, 0x0E, 0x00, 0x83, 0x8C, 0x71, 0x08, 0x61, 0x7F, 0x00, 0x05, 0x00, 0x3C, 0x00, 0x81,
    0x29, 0x65, 0x0C, 0xFF, 0x83, 0xDE, 0xFB, 0x52, 0xAA, 0x03, 0x00, 0x8C, 0x20, 0x21, 0x04, 0x21,
    0x04, 0x21, 0x04, 0x21, 0x04, 0x21, 0x24, 0x73, 0xAE, 0x03, 0xFF, 0x82, 0xDF, 0x18, 0xE3, 0x0E,
    0x00, 0x81, 0xDE, 0xFB, 0x02, 0xFF, 0x81, 0x6B, 0x6D, 0x0E, 0x00, 0x81, 0xA5, 0x34, 0x02, 0xFF,
    0x81, 0x8C, 0x51, 0x0E, 0x00, 0x81, 0xD6, 0x9A, 0x02, 0xFF, 0x81, 0x73, 0x8E, 0x0C, 0x00, 0x81,
    0x4A, 0x69, 0x04, 0xFF, 0x81, 0x21, 0x24, 0x06, 0x00, 0x83, 0x39, 0xC7, 0xD6, 0x9A, 0x05, 0xFF,
    0x82, 0xDF, 0x6B, 0x6D, 0x07, 0x00, 0x8A, 0x20, 0xE7, 0x3C, 0xDE, 0xDB, 0x42, 0x08, 0x21, 0x04,
    0x08, 0x41, 0x08, 0x00, 0x81, 0x29, 0x65, 0x02, 0xFF, 0x81, 0x4A, 0x49, 0x0E, 0x00, 0x81, 0x18,
    0xE3, 0x02, 0xFF, 0x81, 0x08, 0x41, 0x10, 0x00, 0x81, 0x5A, 0xEB, 0x24, 0x00, 0x85, 0x84, 0x30,
    0xFF, 0xDF, 0xC6, 0x18, 0x0E, 0x00, 0x81, 0x84, 0x30, 0x02, 0xFF, 0x81, 0xC6, 0x18, 0x5A, 0x00,
    0x7A, 0x00, 0x83, 0x6B, 0x4D, 0xEF, 0x7D, 0x0A, 0xFF, 0x83, 0xBD, 0xF7, 0x00, 0x20, 0x02, 0x00,
    0x93, 0xF7, 0xBE, 0x7B, 0xCF, 0x21, 0x04, 0x21, 0x04, 0x21, 0x04, 0x21, 0x04, 0x39, 0xC7, 0xFF,
    0xDF, 0x4A, 0x69, 0x18, 0xC3, 0x02, 0xFF, 0x81, 0x31, 0xA6, 0x0A, 0x00, 0x85, 0xDE, 0xFB, 0x6B,
    0x6D, 0x18, 0xC3, 0x02, 0xFF, 0x81, 0x29, 0x65, 0x0A, 0x00, 0x85, 0xD6, 0xBA, 0x6B, 0x6D, 0x18,
    0xC3, 0x02, 0xFF, 0x84, 0x29, 0x65, 0x08, 0x61, 0xBD, 0x02, 0xF7, 0x82, 0xBE, 0xEF, 0x7D, 0x02,
    0x00, 0x85, 0xD6, 0xBA, 0x6B, 0x6D, 0x18, 0xC3, 0x02, 0xFF, 0x89, 0x29, 0x65, 0x63, 0x0C, 0xCE,
    0x79, 0x10, 0xA2, 0xEF, 0x7D, 0x02, 0x00, 0x85, 0xD6, 0xBA, 0x6B, 0x6D, 0x18, 0xC3, 0x02, 0xFF,
    0x89, 0x29, 0x65, 0x84, 0x30, 0xA5, 0x34, 0x10, 0x82, 0xEF, 0x7D, 0x02, 0x00, 0x85, 0xD6, 0xBA,
    0x6B, 0x6D, 0x18, 0xC3, 0x02, 0xFF, 0x89, 0x29, 0x65, 0x84, 0x30, 0xA5, 0x14, 0x10, 0x82, 0xEF,
    0x7D, 0x02, 0x00, 0x85, 0xD6, 0xBA, 0x6B, 0x6D, 0x18, 0xC3, 0x02, 0xFF, 0x91, 0x29, 0x65, 0x63,
    0x0C, 0xD6, 0x9A, 0x21, 0x24, 0xF7, 0x9E, 0x10, 0x82, 0xDE, 0xDB, 0x6B, 0x6D, 0x18, 0xC3, 0x02,
    0xFF, 0x85, 0x29, 0x65, 0x08, 0x61, 0xCE, 0x59, 0x08, 0xFF, 0x83, 0x6B, 0x6D, 0x18, 0xC3, 0x02,
    0xFF, 0x81, 0x29, 0x65, 0x0E, 0x00, 0x81, 0x18, 0xC3, 0x02, 0xFF, 0x81, 0x29, 0x65, 0x0F, 0x00,
    0x92, 0x20, 0xEF, 0x7D, 0x6B, 0x4D, 0x18, 0xE3, 0x18, 0xE3, 0x18, 0xE3, 0x18, 0xE3, 0x18, 0xE3,
    0x18, 0xE3, 0x08, 0x61, 0x02, 0x00, 0x83, 0x6B, 0x6D, 0xE7, 0x1C, 0x0C, 0xFF, 0x81, 0x6B, 0x6D,
    0x14, 0x00, 0x42, 0x00, 0x81, 0x7B, 0xEF, 0x04, 0xFF, 0x81, 0xD6, 0xBA, 0x0C, 0x00, 0x81, 0xB5,
    0xB6, 0x02, 0xFF, 0x81, 0xEF, 0x5D, 0x02, 0xFF, 0x81, 0x10, 0x82, 0x0A, 0x00, 0x85, 0xEF, 0x7D,
    0xF7, 0x9E, 0x94, 0x92, 0x02, 0xFF, 0x81, 0x4A, 0x49, 0x08, 0x00, 0x81, 0x21, 0x24, 0x02, 0xFF,
    0x83, 0xC6, 0x38, 0x63, 0x0C, 0x02, 0xFF, 0x81, 0x84, 0x10, 0x08, 0x00, 0x81, 0x5A, 0xEB, 0x02,
    0xFF, 0x83, 0x94, 0xB2, 0x31, 0x86, 0x02, 0xFF, 0x81, 0xBD, 0xD7, 0x08, 0x00, 0x81, 0x94, 0xB2,
    0x02, 0xFF, 0x87, 0x63, 0x2C, 0x00, 0x20, 0xFF, 0xDF, 0xF7, 0x9E, 0x08, 0x00, 0x81, 0xD6, 0x9A,
    0x02, 0xFF, 0x81, 0x31, 0xA6, 0x02, 0x00, 0x81, 0xD6, 0x9A, 0x02, 0xFF, 0x81, 0x29, 0x65, 0x04,
    0x00, 0x81, 0x08, 0x41, 0x04, 0xFF, 0x81, 0x08, 0x41, 0x02, 0x00, 0x81, 0xA5, 0x14, 0x02, 0xFF,
    0x81, 0x63, 0x2C, 0x04, 0x00, 0x81, 0x42, 0x08, 0x02, 0xFF, 0x81, 0xD6, 0xBA, 0x04, 0x00, 0x81,
    0x73, 0x8E, 0x02, 0xFF, 0x81, 0x9C, 0xF3, 0x04, 0x00, 0x81, 0x7B, 0xCF, 0x02, 0xFF, 0x87, 0xBD,
    0xD7, 0x29, 0x45, 0x29, 0x45, 0x63, 0x2C, 0x02, 0xFF, 0x81, 0xD6, 0xBA, 0x04, 0x00, 0x81, 0xB5,
    0x96, 0x0E, 0xFF, 0x81, 0x10, 0x82, 0x02, 0x00, 0x81, 0xEF, 0x5D, 0x02, 0xFF, 0x81, 0x42, 0x28,
    0x06, 0x00, 0x81, 0xE7, 0x3C, 0x02, 0xFF, 0x83, 0x4A, 0x49, 0x21, 0x04, 0x04, 0xFF, 0x81, 0x10,
    0xA2, 0x06, 0x00, 0x81, 0xB5, 0xB6, 0x02, 0xFF, 0x83, 0x84, 0x10, 0x5A, 0xCB, 0x02, 0xFF, 0x81,
    0xEF, 0x5D, 0x08, 0x00, 0x81, 0x84, 0x30, 0x02, 0xFF, 0x81, 0xBD, 0xD7, 0x50, 0x00, 0x3C, 0x00,
    0x81, 0x73, 0x8E, 0x0C, 0xFF, 0x83, 0xE7, 0x1C, 0x5A, 0xEB, 0x02, 0x00, 0x81, 0x73, 0x8E, 0x02,
    0xFF, 0x89, 0xD6, 0xBA, 0x21, 0x04, 0x21, 0x04, 0x21, 0x24, 0x6B, 0x4D, 0x04, 0xFF, 0x83, 0x21,
    0x24, 0x73, 0x8E, 0x02, 0xFF, 0x81, 0xCE, 0x79, 0x08, 0x00, 0x81, 0xD6, 0x9A, 0x02, 0xFF, 0x83,
    0x7B, 0xEF, 0x73, 0x8E, 0x02, 0xFF, 0x81, 0xCE, 0x79, 0x08, 0x00, 0x81, 0x9C, 0xD3, 0x02, 0xFF,
    0x83, 0x9C, 0xD3, 0x73, 0x8E, 0x02, 0xFF, 0x81, 0xCE, 0x79, 0x08, 0x00, 0x81, 0xC6, 0x18, 0x02,
    0xFF, 0x83, 0x7B, 0xCF, 0x73, 0x8E, 0x02, 0xFF, 0x81, 0xCE, 0x79, 0x06, 0x00, 0x89, 0x39, 0xE7,
    0xFF, 0xDF, 0xFF, 0xDF, 0x31, 0x86, 0x73, 0x8E, 0x0E, 0xFF, 0x81, 0x9C, 0xF3, 0x02, 0x00, 0x81,
    0x73, 0x8E, 0x02, 0xFF, 0x91, 0xDE, 0xDB, 0x29, 0x65, 0x29, 0x65, 0x29, 0x65, 0x63, 0x0C, 0xFF,
    0xDF, 0xFF, 0xDF, 0x31, 0xA6, 0x73, 0x8E, 0x02, 0xFF, 0x81, 0xCE, 0x79, 0x08, 0x00, 0x81, 0xAD,
    0x75, 0x02, 0xFF, 0x83, 0xA5, 0x34, 0x73, 0x8E, 0x02, 0xFF, 0x81, 0xCE, 0x79, 0x08, 0x00, 0x81,
    0x73, 0xAE, 0x02, 0xFF, 0x83, 0xCE, 0x59, 0x73, 0x8E, 0x02, 0xFF, 0x81, 0xCE, 0x79, 0x08, 0x00,
    0x81, 0x73, 0x8E, 0x02, 0xFF, 0x83, 0xC6, 0x38, 0x73, 0x8E, 0x02, 0xFF, 0x81, 0xCE, 0x79, 0x08,
    0x00, 0x81, 0xAD, 0x75, 0x02, 0xFF, 0x83, 0x9C, 0xF3, 0x73, 0x8E, 0x02, 0xFF, 0x8B, 0xD6, 0xBA,
    0x18, 0xE3, 0x18, 0xE3, 0x18, 0xE3, 0x52, 0x8A, 0xF7, 0xBE, 0x02, 0xFF, 0x83, 0x39, 0xE7, 0x73,
    0x8E, 0x0C, 0xFF, 0x83, 0xEF, 0x5D, 0x73, 0x8E, 0x52, 0x00, 0x3F, 0x00, 0x84, 0x20, 0x9C, 0xD3,
    0xF7, 0x9E, 0x0A, 0xFF, 0x81, 0x5A, 0xEB, 0x02, 0x00, 0x81, 0x73, 0xAE, 0x02, 0xFF, 0x8D, 0xE7,
    0x1C, 0x39, 0xE7, 0x21, 0x04, 0x21, 0x04, 0x21, 0x04, 0x21, 0x04, 0x08, 0x61, 0x02, 0x00, 0x81,
    0xD6, 0x9A, 0x02, 0xFF, 0x81, 0x73, 0xAE, 0x0E, 0x00, 0x81, 0xF7, 0xBE, 0x02, 0xFF, 0x81, 0x39,
    0xC7, 0x0E, 0x00, 0x81, 0xFF, 0xDF, 0x02, 0xFF, 0x81, 0x29, 0x45, 0x0E, 0x00, 0x81, 0xFF, 0xDF,
    0x02, 0xFF, 0x81, 0x29, 0x45, 0x0E, 0x00, 0x81, 0xFF, 0xDF, 0x02, 0xFF, 0x81, 0x29, 0x45, 0x0E,
    0x00, 0x81, 0xFF, 0xDF, 0x02, 0xFF, 0x81, 0x29, 0x45, 0x0E, 0x00, 0x81, 0xFF, 0xDF, 0x02, 0xFF,
    0x81, 0x29, 0x45, 0x0E, 0x00, 0x81, 0xFF, 0xDF, 0x02, 0xFF, 0x81, 0x29, 0x45, 0x0E, 0x00, 0x81,
    0xF7, 0xBE, 0x02, 0xFF, 0x81, 0x39, 0xC7, 0x0E, 0x00, 0x81, 0xD6, 0xBA, 0x02, 0xFF, 0x81, 0x73,
    0x8E, 0x0E, 0x00, 0x81, 0x7B, 0xEF, 0x02, 0xFF, 0x8D, 0xDE, 0xFB, 0x39, 0xC7, 0x18, 0xE3, 0x18,
    0xE3, 0x18, 0xE3, 0x18, 0xE3, 0x08, 0x41, 0x03, 0x00, 0x84, 0x20, 0x9C, 0xF3, 0xF7, 0xBE, 0x0A,
    0xFF, 0x81, 0x5A, 0xEB, 0x50, 0x00, 0x3C, 0x00, 0x81, 0x52, 0x8A, 0x0C, 0xFF, 0x83, 0xE7, 0x3C,
    0x6B, 0x4D, 0x02, 0x00, 0x81, 0x52, 0x8A, 0x02, 0xFF, 0x8B, 0xF7, 0x9E, 0x21, 0x04, 0x21, 0x04,
    0x21, 0x24, 0x63, 0x0C, 0xFF, 0xDF, 0x02, 0xFF, 0x83, 0x31, 0xA6, 0x52, 0x8A, 0x02, 0xFF, 0x81,
    0xEF, 0x7D, 0x08, 0x00, 0x81, 0xBD, 0xF7, 0x02, 0xFF, 0x83, 0x94, 0x92, 0x52, 0x8A, 0x02, 0xFF,
    0x81, 0xEF, 0x7D, 0x08, 0x00, 0x81, 0x7B, 0xEF, 0x02, 0xFF, 0x83, 0xB5, 0x96, 0x52, 0x8A, 0x02,
    0xFF, 0x81, 0xEF, 0x7D, 0x08, 0x00, 0x81, 0x6B, 0x6D, 0x02, 0xFF, 0x83, 0xBD, 0xD7, 0x52, 0x8A,
    0x02, 0xFF, 0x81, 0xEF, 0x7D, 0x08, 0x00, 0x81, 0x6B, 0x6D, 0x02, 0xFF, 0x83, 0xBD, 0xD7, 0x52,
    0x8A, 0x02, 0xFF, 0x81, 0xEF, 0x7D, 0x08, 0x00, 0x81, 0x6B, 0x6D, 0x02, 0xFF, 0x83, 0xBD, 0xD7,
    0x52, 0x8A, 0x02, 0xFF, 0x81, 0xEF, 0x7D, 0x08, 0x00, 0x81, 0x6B, 0x6D, 0x02, 0xFF, 0x83, 0xBD,
    0xD7, 0x52, 0x8A, 0x02, 0xFF, 0x81, 0xEF, 0x7D, 0x08, 0x00, 0x81, 0x6B, 0x6D, 0x02, 0xFF, 0x83,
    0xBD, 0xD7, 0x52, 0x8A, 0x02, 0xFF, 0x81, 0xEF, 0x7D, 0x08, 0x00, 0x81, 0x6B, 0x6D, 0x02, 0xFF,
    0x83, 0xBD, 0xD7, 0x52, 0x8A, 0x02, 0xFF, 0x81, 0xEF, 0x7D, 0x08, 0x00, 0x81, 0x7B, 0xEF, 0x02,
    0xFF, 0x83, 0xB5, 0xB6, 0x52, 0x8A, 0x02, 0xFF, 0x81, 0xEF, 0x7D, 0x08, 0x00, 0x81, 0xBD, 0xF7,
    0x02, 0xFF, 0x83, 0x94, 0xB2, 0x52, 0x8A, 0x02, 0xFF, 0x8B, 0xF7, 0x9E, 0x18, 0xE3, 0x18, 0xE3,
    0x21, 0x04, 0x5A, 0xEB, 0xFF, 0xDF, 0x02, 0xFF, 0x83, 0x39, 0xC7, 0x52, 0x8A, 0x0C, 0xFF, 0x83,
    0xEF, 0x5D, 0x6B, 0x6D, 0x52, 0x00, 0x3C, 0x00, 0x81, 0x21, 0x04, 0x10, 0xFF, 0x83, 0x7B, 0xEF,
    0x21, 0x04, 0x04, 0xFF, 0x8F, 0x4A, 0x49, 0x21, 0x04, 0x21, 0x04, 0x21, 0x04, 0x21, 0x04, 0x21,
    0x04, 0x10, 0x82, 0x21, 0x04, 0x04, 0xFF, 0x81, 0x29, 0x45, 0x0C, 0x00, 0x81, 0x21, 0x04, 0x04,
    0xFF, 0x81, 0x29, 0x45, 0x0C, 0x00, 0x81, 0x21, 0x04, 0x04, 0xFF, 0x81, 0x29, 0x45, 0x0C, 0x00,
    0x81, 0x21, 0x04, 0x04, 0xFF, 0x81, 0x29, 0x45, 0x0C, 0x00, 0x81, 0x21, 0x04, 0x0C, 0xFF, 0x81,
    0xC6, 0x18, 0x04, 0x00, 0x81, 0x21, 0x04, 0x04, 0xFF, 0x89, 0x4A, 0x69, 0x21, 0x24, 0x21, 0x24,
    0x21, 0x24, 0x18, 0xE3, 0x04, 0x00, 0x81, 0x21, 0x04, 0x04, 0xFF, 0x81, 0x29, 0x45, 0x0C, 0x00,
    0x81, 0x21, 0x04, 0x04, 0xFF, 0x81, 0x29, 0x45, 0x0C, 0x00, 0x81, 0x21, 0x04, 0x04, 0xFF, 0x81,
    0x29, 0x45, 0x0C, 0x00, 0x81, 0x21, 0x04, 0x04, 0xFF, 0x81, 0x29, 0x45, 0x0C, 0x00, 0x81, 0x21,
    0x04, 0x04, 0xFF, 0x8F, 0x42, 0x28, 0x18, 0xE3, 0x18, 0xE3, 0x18, 0xE3, 0x18, 0xE3, 0x18, 0xE3,
    0x08, 0x61, 0x21, 0x04, 0x10, 0xFF, 0x81, 0x7B, 0xEF, 0x50, 0x00, 0x3C, 0x00, 0x81, 0x31, 0xA6,
    0x10, 0xFF, 0x83, 0x94, 0xB2, 0x31, 0xA6, 0x04, 0xFF, 0x8F, 0x39, 0xE7, 0x21, 0x04, 0x21, 0x04,
    0x21, 0x04, 0x21, 0x04, 0x21, 0x04, 0x10, 0xA2, 0x31, 0xA6, 0x04, 0xFF, 0x81, 0x18, 0xC3, 0x0C,
    0x00, 0x81, 0x31, 0xA6, 0x04, 0xFF, 0x81, 0x18, 0xC3, 0x0C, 0x00, 0x81, 0x31, 0xA6, 0x04, 0xFF,
    0x81, 0x18, 0xC3, 0x0C, 0x00, 0x81, 0x31, 0xA6, 0x04, 0xFF, 0x81, 0x18, 0xC3, 0x0C, 0x00, 0x81,
    0x31, 0xA6, 0x04, 0xFF, 0x89, 0x39, 0xE7, 0x21, 0x04, 0x21, 0x04, 0x21, 0x04, 0x18, 0xE3, 0x04,
    0x00, 0x81, 0x31, 0xA6, 0x0C, 0xFF, 0x81, 0xDE, 0xFB, 0x04, 0x00, 0x81, 0x31, 0xA6, 0x04, 0xFF,
    0x81, 0x18, 0xC3, 0x0C, 0x00, 0x81, 0x31, 0xA6, 0x04, 0xFF, 0x81, 0x18, 0xC3, 0x0C, 0x00, 0x81,
    0x31, 0xA6, 0x04, 0xFF, 0x81, 0x18, 0xC3, 0x0C, 0x00, 0x81, 0x31, 0xA6, 0x04, 0xFF, 0x81, 0x18,
    0xC3, 0x0C, 0x00, 0x81, 0x31, 0xA6, 0x04, 0xFF, 0x81, 0x18, 0xC3, 0x0C, 0x00, 0x81, 0x31, 0xA6,
    0x04, 0xFF, 0x81, 0x18, 0xC3, 0x5C, 0x00, 0x3E, 0x00, 0x85, 0x18, 0xC3, 0xBD, 0xF7, 0xFF, 0xDF,
    0x0A, 0xFF, 0x81, 0x5A, 0xEB, 0x02, 0x00, 0x81, 0xBD, 0xD7, 0x02, 0xFF, 0x8F, 0xBD, 0xD7, 0x31,
    0x86, 0x21, 0x04, 0x21, 0x04, 0x21, 0x04, 0x21, 0x04, 0x08, 0x61, 0x10, 0xA2, 0x04, 0xFF, 0x81,
    0x31, 0xA6, 0x0C, 0x00, 0x81, 0x31, 0x86, 0x03, 0xFF, 0x80, 0xDF, 0x0E, 0x00, 0x81, 0x31, 0xA6,
    0x02, 0xFF, 0x81, 0xF7, 0x9E, 0x0E, 0x00, 0x81, 0x31, 0xA6, 0x02, 0xFF, 0x81, 0xF7, 0x9E, 0x0E,
    0x00, 0x81, 0x31, 0xA6, 0x02, 0xFF, 0x81, 0xF7, 0x9E, 0x04, 0x00, 0x81, 0xF7, 0x9E, 0x06, 0xFF,
    0x83, 0x94, 0xB2, 0x31, 0xA6, 0x02, 0xFF, 0x81, 0xF7, 0x9E, 0x04, 0x00, 0x85, 0x29, 0x65, 0x29,
    0x65, 0x94, 0xB2, 0x02, 0xFF, 0x83, 0x94, 0xB2, 0x31, 0xA6, 0x02, 0xFF, 0x81, 0xF7, 0x9E, 0x08,
    0x00, 0x81, 0x7B, 0xCF, 0x02, 0xFF, 0x83, 0x94, 0xB2, 0x31, 0xA6, 0x02, 0xFF, 0x81, 0xF7, 0x9E,
    0x08, 0x00, 0x81, 0x7B, 0xCF, 0x02, 0xFF, 0x83, 0x94, 0xB2, 0x29, 0x65, 0x04, 0xFF, 0x81, 0x08,
    0x41, 0x06, 0x00, 0x81, 0x7B, 0xCF, 0x02, 0xFF, 0x83, 0x94, 0xB2, 0x08, 0x61, 0x04, 0xFF, 0x81,
    0x42, 0x08, 0x06, 0x00, 0x81, 0x7B, 0xCF, 0x02, 0xFF, 0x81, 0x94, 0xB2, 0x02, 0x00, 0x81, 0xAD,
    0x55, 0x02, 0xFF, 0x89, 0xC6, 0x18, 0x29, 0x65, 0x18, 0xE3, 0x18, 0xE3, 0x8C, 0x71, 0x02, 0xFF,
    0x81, 0x94, 0xB2, 0x02, 0x00, 0x85, 0x10, 0x82, 0xBD, 0xD7, 0xFF, 0xDF, 0x0A, 0xFF, 0x81, 0x94,
    0xB2, 0x50, 0x00, 0x3C, 0x00, 0x81, 0x73, 0x8E, 0x02, 0xFF, 0x81, 0xD6, 0xBA, 0x08, 0x00, 0x81,
    0x7B, 0xCF, 0x02, 0xFF, 0x83, 0xD6, 0x9A, 0x73, 0x8E, 0x02, 0xFF, 0x81, 0xD6, 0xBA, 0x08, 0x00,
    0x81, 0x7B, 0xCF, 0x02, 0xFF, 0x83, 0xD6, 0x9A, 0x73, 0x8E, 0x02, 0xFF, 0x81, 0xD6, 0xBA, 0x08,
    0x00, 0x81, 0x7B, 0xCF, 0x02, 0xFF, 0x83, 0xD6, 0x9A, 0x73, 0x8E, 0x02, 0xFF, 0x81, 0xD6, 0xBA,
    0x08, 0x00, 0x81, 0x7B, 0xCF, 0x02, 0xFF, 0x83, 0xD6, 0x9A, 0x73, 0x8E, 0x02, 0xFF, 0x81, 0xD6,
    0xBA, 0x08, 0x00, 0x81, 0x7B, 0xCF, 0x02, 0xFF, 0x83, 0xD6, 0x9A, 0x73, 0x8E, 0x02, 0xFF, 0x81,
    0xD6, 0xBA, 0x08, 0x00, 0x81, 0x7B, 0xCF, 0x02, 0xFF, 0x83, 0xD6, 0x9A, 0x73, 0x8E, 0x10, 0xFF,
    0x83, 0xD6, 0x9A, 0x73, 0x8E, 0x02, 0xFF, 0x8B, 0xDE, 0xFB, 0x21, 0x24, 0x21, 0x24, 0x21, 0x24,
    0x21, 0x24, 0x94, 0x92, 0x02, 0xFF, 0x83, 0xD6, 0x9A, 0x73, 0x8E, 0x02, 0xFF, 0x81, 0xD6, 0xBA,
    0x08, 0x00, 0x81, 0x7B, 0xCF, 0x02, 0xFF, 0x83, 0xD6, 0x9A, 0x73, 0x8E, 0x02, 0xFF, 0x81, 0xD6,
    0xBA, 0x08, 0x00, 0x81, 0x7B, 0xCF, 0x02, 0xFF, 0x83, 0xD6, 0x9A, 0x73, 0x8E, 0x02, 0xFF, 0x81,
    0xD6, 0xBA, 0x08, 0x00, 0x81, 0x7B, 0xCF, 0x02, 0xFF, 0x83, 0xD6, 0x9A, 0x73, 0x8E, 0x02, 0xFF,
    0x81, 0xD6, 0xBA, 0x08, 0x00, 0x81, 0x7B, 0xCF, 0x02, 0xFF, 0x83, 0xD6, 0x9A, 0x73, 0x8E, 0x02,
    0xFF, 0x81, 0xD6, 0xBA, 0x08, 0x00, 0x81, 0x7B, 0xCF, 0x02, 0xFF, 0x83, 0xD6, 0x9A, 0x73, 0x8E,
    0x02, 0xFF, 0x81, 0xD6, 0xBA, 0x08, 0x00, 0x81, 0x7B, 0xCF, 0x02, 0xFF, 0x81, 0xD6, 0x9A, 0x50,
    0x00, 0x3C, 0x00, 0x81, 0x21, 0x04, 0x10, 0xFF, 0x89, 0x7B, 0xEF, 0x00, 0x20, 0x21, 0x04, 0x21,
    0x04, 0x21, 0x04, 0x04, 0xFF, 0x87, 0x6B, 0x6D, 0x21, 0x04, 0x21, 0x04, 0x10, 0x82, 0x08, 0x00,
    0x81, 0xFF, 0xDF, 0x02, 0xFF, 0x81, 0x52, 0x8A, 0x0E, 0x00, 0x81, 0xFF, 0xDF, 0x02, 0xFF, 0x81,
    0x52, 0x8A, 0x0E, 0x00, 0x81, 0xFF, 0xDF, 0x02, 0xFF, 0x81, 0x52, 0x8A, 0x0E, 0x00, 0x81, 0xFF,
    0xDF, 0x02, 0xFF, 0x81, 0x52, 0x8A, 0x0E, 0x00, 0x81, 0xFF, 0xDF, 0x02, 0xFF, 0x81, 0x52, 0x8A,
    0x0E, 0x00, 0x81, 0xFF, 0xDF, 0x02, 0xFF, 0x81, 0x52, 0x8A, 0x0E, 0x00, 0x81, 0xFF, 0xDF, 0x02,
    0xFF, 0x81, 0x52, 0x8A, 0x0E, 0x00, 0x81, 0xFF, 0xDF, 0x02, 0xFF, 0x81, 0x52, 0x8A, 0x0E, 0x00,
    0x81, 0xFF, 0xDF, 0x02, 0xFF, 0x81, 0x52, 0x8A, 0x0E, 0x00, 0x81, 0xFF, 0xDF, 0x02, 0xFF, 0x81,
    0x52, 0x8A, 0x07, 0x00, 0x86, 0x20, 0x18, 0xE3, 0x18, 0xE3, 0x18, 0xE3, 0x04, 0xFF, 0x89, 0x6B,
    0x4D, 0x18, 0xE3, 0x18, 0xE3, 0x08, 0x61, 0x21, 0x04, 0x10, 0xFF, 0x81, 0x7B, 0xEF, 0x50, 0x00,
    0x42, 0x00, 0x81, 0x63, 0x2C, 0x0A, 0xFF, 0x81, 0x7B, 0xCF, 0x06, 0x00, 0x89, 0x08, 0x61, 0x21,
    0x04, 0x21, 0x04, 0x21, 0x04, 0xB5, 0xB6, 0x02, 0xFF, 0x81, 0x7B, 0xCF, 0x0E, 0x00, 0x81, 0xAD,
    0x55, 0x02, 0xFF, 0x81, 0x7B, 0xCF, 0x0E, 0x00, 0x81, 0xAD, 0x55, 0x02, 0xFF, 0x81, 0x7B, 0xCF,
    0x0E, 0x00, 0x81, 0xAD, 0x55, 0x02, 0xFF, 0x81, 0x7B, 0xCF, 0x0E, 0x00, 0x81, 0xAD, 0x55, 0x02,
    0xFF, 0x81, 0x7B, 0xCF, 0x0E, 0x00, 0x81, 0xAD, 0x55, 0x02, 0xFF, 0x81, 0x7B, 0xCF, 0x0E, 0x00,
    0x81, 0xAD, 0x55, 0x02, 0xFF, 0x81, 0x7B, 0xCF, 0x0E, 0x00, 0x81, 0xAD, 0x55, 0x02, 0xFF, 0x81,
    0x7B, 0xCF, 0x0E, 0x00, 0x81, 0xAD, 0x55, 0x02, 0xFF, 0x81, 0x7B, 0xCF, 0x0E, 0x00, 0x81, 0xBD,
    0xD7, 0x02, 0xFF, 0x81, 0x73, 0xAE, 0x0D, 0x00, 0x82, 0x20, 0xF7, 0x9E, 0x02, 0xFF, 0x81, 0x52,
    0x8A, 0x02, 0x00, 0x8B, 0x18, 0xE3, 0x18, 0xE3, 0x18, 0xE3, 0x18, 0xE3, 0x21, 0x04, 0x8C, 0x51,
    0x02, 0xFF, 0x85, 0xEF, 0x7D, 0x08, 0x41, 0x18, 0xC3, 0x0C, 0xFF, 0x83, 0xD6, 0xBA, 0x39, 0xE7,
    0x52, 0x00, 0x3C, 0x00, 0x81, 0x52, 0x8A, 0x02, 0xFF, 0x81, 0xF7, 0xBE, 0x06, 0x00, 0x83, 0x10,
    0x82, 0xE7, 0x3C, 0x02, 0xFF, 0x83, 0x5A, 0xEB, 0x52, 0x8A, 0x02, 0xFF, 0x81, 0xF7, 0xBE, 0x06,
    0x00, 0x81, 0xAD, 0x75, 0x02, 0xFF, 0x81, 0xA5, 0x34, 0x02, 0x00, 0x81, 0x52, 0x8A, 0x02, 0xFF,
    0x81, 0xF7, 0xBE, 0x04, 0x00, 0x81, 0x63, 0x0C, 0x02, 0xFF, 0x83, 0xE7, 0x1C, 0x08, 0x61, 0x02,
    0x00, 0x81, 0x52, 0x8A, 0x02, 0xFF, 0x81, 0xF7, 0xBE, 0x02, 0x00, 0x83, 0x21, 0x04, 0xF7, 0x9E,
    0x02, 0xFF, 0x81, 0x39, 0xE7, 0x04, 0x00, 0x81, 0x52, 0x8A, 0x02, 0xFF, 0x81, 0xF7, 0xBE, 0x02,
    0x00, 0x81, 0xC6, 0x18, 0x02, 0xFF, 0x81, 0x84, 0x30, 0x06, 0x00, 0x81, 0x52, 0x8A, 0x02, 0xFF,
    0x83, 0xF7, 0xBE, 0x7B, 0xCF, 0x02, 0xFF, 0x83, 0xCE, 0x59, 0x00, 0x20, 0x06, 0x00, 0x81, 0x52,
    0x8A, 0x08, 0xFF, 0x81, 0x31, 0xA6, 0x08, 0x00, 0x81, 0x52, 0x8A, 0x03, 0xFF, 0x82, 0xDF, 0xCE,
    0x59, 0x02, 0xFF, 0x81, 0x9C, 0xD3, 0x08, 0x00, 0x81, 0x52, 0x8A, 0x02, 0xFF, 0x83, 0xF7, 0xBE,
    0x31, 0x86, 0x04, 0xFF, 0x81, 0x39, 0xE7, 0x06, 0x00, 0x81, 0x52, 0x8A, 0x02, 0xFF, 0x81, 0xF7,
    0xBE, 0x02, 0x00, 0x81, 0x94, 0x92, 0x02, 0xFF, 0x83, 0xD6, 0xBA, 0x00, 0x20, 0x04, 0x00, 0x81,
    0x52, 0x8A, 0x02, 0xFF, 0x81, 0xF7, 0xBE, 0x02, 0x00, 0x83, 0x08, 0x61, 0xEF, 0x5D, 0x02, 0xFF,
    0x81, 0x7B, 0xEF, 0x04, 0x00, 0x81, 0x52, 0x8A, 0x02, 0xFF, 0x81, 0xF7, 0xBE, 0x04, 0x00, 0x81,
    0x5A, 0xEB, 0x03, 0xFF, 0x82, 0xDF, 0x29, 0x45, 0x02, 0x00, 0x81, 0x52, 0x8A, 0x02, 0xFF, 0x81,
    0xF7, 0xBE, 0x06, 0x00, 0x81, 0xC6, 0x18, 0x02, 0xFF, 0x81, 0xC6, 0x18, 0x02, 0x00, 0x81, 0x52,
    0x8A, 0x02, 0xFF, 0x81, 0xF7, 0xBE, 0x06, 0x00, 0x83, 0x29, 0x45, 0xFF, 0xDF, 0x02, 0xFF, 0x81,
    0x63, 0x2C, 0x50, 0x00, 0x3C, 0x00, 0x81, 0x52, 0x8A, 0x02, 0xFF, 0x81, 0xF7, 0xBE, 0x0E, 0x00,
    0x81, 0x52, 0x8A, 0x02, 0xFF, 0x81, 0xF7, 0xBE, 0x0E, 0x00, 0x81, 0x52, 0x8A, 0x02, 0xFF, 0x81,
    0xF7, 0xBE, 0x0E, 0x00, 0x81, 0x52, 0x8A, 0x02, 0xFF, 0x81, 0xF7, 0xBE, 0x0E, 0x00, 0x81, 0x52,
    0x8A, 0x02, 0xFF, 0x81, 0xF7, 0xBE, 0x0E, 0x00, 0x81, 0x52, 0x8A, 0x02, 0xFF, 0x81, 0xF7, 0xBE,
    0x0E, 0x00, 0x81, 0x52, 0x8A, 0x02, 0xFF, 0x81, 0xF7, 0xBE, 0x0E, 0x00, 0x81, 0x52, 0x8A, 0x02,
    0xFF, 0x81, 0xF7, 0xBE, 0x0E, 0x00, 0x81, 0x52, 0x8A, 0x02, 0xFF, 0x81, 0xF7, 0xBE, 0x0E, 0x00,
    0x81, 0x52, 0x8A, 0x02, 0xFF, 0x81, 0xF7, 0xBE, 0x0E, 0x00, 0x81, 0x52, 0x8A, 0x02, 0xFF, 0x81,
    0xF7, 0xBE, 0x0E, 0x00, 0x81, 0x52, 0x8A, 0x02, 0xFF, 0x81, 0xF7, 0xBE, 0x0E, 0x00, 0x81, 0x52,
    0x8A, 0x03, 0xFF, 0x90, 0xDF, 0x18, 0xE3, 0x18, 0xE3, 0x18, 0xE3, 0x18, 0xE3, 0x18, 0xE3, 0x18,
    0xE3, 0x10, 0xA2, 0x52, 0x8A, 0x10, 0xFF, 0x81, 0xAD, 0x75, 0x50, 0x00, 0x3C, 0x00, 0x81, 0x5A,
    0xEB, 0x04, 0xFF, 0x81, 0x42, 0x28, 0x06, 0x00, 0x81, 0xEF, 0x7D, 0x02, 0xFF, 0x83, 0xBD, 0xF7,
    0x5A, 0xEB, 0x04, 0xFF, 0x81, 0x73, 0x8E, 0x04, 0x00, 0x81, 0x18, 0xC3, 0x04, 0xFF, 0x83, 0xBD,
    0xF7, 0x5A, 0xEB, 0x04, 0xFF, 0x81, 0x9C, 0xD3, 0x04, 0x00, 0x81, 0x42, 0x08, 0x04, 0xFF, 0x83,
    0xBD, 0xF7, 0x5A, 0xEB, 0x02, 0xFF, 0x83, 0xF7, 0xBE, 0xC6, 0x38, 0x04, 0x00, 0x83, 0x6B, 0x6D,
    0xF7, 0xBE, 0x02, 0xFF, 0x83, 0xBD, 0xF7, 0x5A, 0xEB, 0x02, 0xFF, 0x83, 0xCE, 0x79, 0xEF, 0x7D,
    0x04, 0x00, 0x83, 0x9C, 0xD3, 0xCE, 0x59, 0x02, 0xFF, 0x83, 0xBD, 0xF7, 0x5A, 0xEB, 0x02, 0xFF,
    0x81, 0xA5, 0x14, 0x02, 0xFF, 0x81, 0x18, 0xC3, 0x02, 0x00, 0x83, 0xC6, 0x38, 0x9C, 0xF3, 0x02,
    0xFF, 0x83, 0xBD, 0xF7, 0x5A, 0xEB, 0x02, 0xFF, 0x81, 0x7B, 0xCF, 0x02, 0xFF, 0x81, 0x42, 0x08,
    0x02, 0x00, 0x83, 0xEF, 0x7D, 0x73, 0x8E, 0x02, 0xFF, 0x83, 0xBD, 0xF7, 0x5A, 0xEB, 0x02, 0xFF,
    0x87, 0x63, 0x0C, 0xEF, 0x5D, 0x6B, 0x6D, 0x18, 0xC3, 0x02, 0xFF, 0x81, 0x42, 0x28, 0x02, 0xFF,
    0x83, 0xBD, 0xF7, 0x5A, 0xEB, 0x02, 0xFF, 0x87, 0x63, 0x0C, 0xBD, 0xF7, 0x94, 0xB2, 0x42, 0x28,
    0x02, 0xFF, 0x81, 0x18, 0xC3, 0x02, 0xFF, 0x83, 0xBD, 0xF7, 0x5A, 0xEB, 0x02, 0xFF, 0x8B, 0x63,
    0x0C, 0x94, 0x92, 0xC6, 0x18, 0x73, 0x8E, 0xEF, 0x7D, 0x00, 0x20, 0x02, 0xFF, 0x83, 0xBD, 0xF7,
    0x5A, 0xEB, 0x02, 0xFF, 0x89, 0x63, 0x0C, 0x63, 0x2C, 0xEF, 0x7D, 0x9C, 0xD3, 0xC6, 0x18, 0x02,
    0x00, 0x02, 0xFF, 0x83, 0xBD, 0xF7, 0x5A, 0xEB, 0x02, 0xFF, 0x83, 0x63, 0x0C, 0x39, 0xE7, 0x02,
    0xFF, 0x83, 0xDE, 0xFB, 0x94, 0xB2, 0x02, 0x00, 0x02, 0xFF, 0x83, 0xBD, 0xF7, 0x5A, 0xEB, 0x02,
    0xFF, 0x83, 0x63, 0x0C, 0x10, 0x82, 0x04, 0xFF, 0x81, 0x6B, 0x4D, 0x02, 0x00, 0x02, 0xFF, 0x83,
    0xBD, 0xF7, 0x5A, 0xEB, 0x02, 0xFF, 0x81, 0x63, 0x0C, 0x02, 0x00, 0x81, 0xE7, 0x3C, 0x02, 0xFF,
    0x81, 0x39, 0xE7, 0x02, 0x00, 0x02, 0xFF, 0x81, 0xBD, 0xF7, 0x50, 0x00, 0x3C, 0x00, 0x81, 0x5A,
    0xEB, 0x04, 0xFF, 0x81, 0x52, 0x8A, 0x06, 0x00, 0x81, 0x08, 0x41, 0x02, 0xFF, 0x83, 0xBD, 0xF7,
    0x5A, 0xEB, 0x04, 0xFF, 0x81, 0xBD, 0xF7, 0x06, 0x00, 0x81, 0x08, 0x41, 0x02, 0xFF, 0x83, 0xBD,
    0xF7, 0x5A, 0xEB, 0x06, 0xFF, 0x81, 0x29, 0x45, 0x04, 0x00, 0x81, 0x08, 0x41, 0x02, 0xFF, 0x83,
    0xBD, 0xF7, 0x5A, 0xEB, 0x06, 0xFF, 0x81, 0x94, 0xB2, 0x04, 0x00, 0x81, 0x08, 0x41, 0x02, 0xFF,
    0x83, 0xBD, 0xF7, 0x5A, 0xEB, 0x02, 0xFF, 0x81, 0xAD, 0x55, 0x02, 0xFF, 0x83, 0xF7, 0x9E, 0x08,
    0x61, 0x02, 0x00, 0x81, 0x08, 0x41, 0x02, 0xFF, 0x83, 0xBD, 0xF7, 0x5A, 0xEB, 0x02, 0xFF, 0x83,
    0x5A, 0xEB, 0xDE, 0xFB, 0x02, 0xFF, 0x81, 0x6B, 0x6D, 0x02, 0x00, 0x81, 0x08, 0x41, 0x02, 0xFF,
    0x83, 0xBD, 0xF7, 0x5A, 0xEB, 0x02, 0xFF, 0x83, 0x5A, 0xCB, 0x73, 0x8E, 0x02, 0xFF, 0x81, 0xD6,
    0xBA, 0x02, 0x00, 0x81, 0x08, 0x41, 0x02, 0xFF, 0x83, 0xBD, 0xF7, 0x5A, 0xEB, 0x02, 0xFF, 0x85,
    0x5A, 0xCB, 0x08, 0x61, 0xF7, 0x9E, 0x02, 0xFF, 0x80, 0x42, 0x02, 0x08, 0x80, 0x41, 0x02, 0xFF,
    0x83, 0xBD, 0xF7, 0x5A, 0xEB, 0x02, 0xFF, 0x81, 0x5A, 0xCB, 0x02, 0x00, 0x81, 0x94, 0x92, 0x02,
    0xFF, 0x83, 0xAD, 0x75, 0x08, 0x41, 0x02, 0xFF, 0x83, 0xBD, 0xF7, 0x5A, 0xEB, 0x02, 0xFF, 0x81,
    0x5A, 0xCB, 0x02, 0x00, 0x81, 0x21, 0x24, 0x04, 0xFF, 0x81, 0x29, 0x45, 0x02, 0xFF, 0x83, 0xBD,
    0xF7, 0x5A, 0xEB, 0x02, 0xFF, 0x81, 0x5A, 0xCB, 0x04, 0x00, 0x81, 0xB5, 0x96, 0x02, 0xFF, 0x81,
    0x94, 0x92, 0x02, 0xFF, 0x83, 0xBD, 0xF7, 0x5A, 0xEB, 0x02, 0xFF, 0x81, 0x5A, 0xCB, 0x04, 0x00,
    0x81, 0x42, 0x08, 0x02, 0xFF, 0x81, 0xF7, 0x9E, 0x02, 0xFF, 0x83, 0xBD, 0xF7, 0x5A, 0xEB, 0x02,
    0xFF, 0x81, 0x5A, 0xCB, 0x06, 0x00, 0x81, 0xD6, 0x9A, 0x04, 0xFF, 0x83, 0xBD, 0xF7, 0x5A, 0xEB,
    0x02, 0xFF, 0x81, 0x5A, 0xCB, 0x06, 0x00, 0x81, 0x63, 0x0C, 0x04, 0xFF, 0x81, 0xBD, 0xF7, 0x50,
    0x00, 0x3E, 0x00, 0x83, 0x39, 0xC7, 0xD6, 0xBA, 0x08, 0xFF, 0x83, 0xEF, 0x7D, 0x7B, 0xEF, 0x02,
    0x00, 0x83, 0x08, 0x41, 0xEF, 0x5D, 0x02, 0xFF, 0x89, 0x8C, 0x71, 0x29, 0x45, 0x21, 0x04, 0x52,
    0x8A, 0xF7, 0x9E, 0x02, 0xFF, 0x83, 0x4A, 0x69, 0x4A, 0x69, 0x02, 0xFF, 0x83, 0xF7, 0x9E, 0x00,
    0x20, 0x06, 0x00, 0x81, 0x9C, 0xF3, 0x02, 0xFF, 0x83, 0xAD, 0x55, 0x73, 0x8E, 0x02, 0xFF, 0x81,
    0xB5, 0xB6, 0x08, 0x00, 0x81, 0x63, 0x0C, 0x02, 0xFF, 0x83, 0xCE, 0x59, 0x73, 0xAE, 0x02, 0xFF,
    0x81, 0xA5, 0x34, 0x08, 0x00, 0x81, 0x52, 0x8A, 0x02, 0xFF, 0x83, 0xD6, 0x9A, 0x73, 0xAE, 0x02,
    0xFF, 0x81, 0xA5, 0x34, 0x08, 0x00, 0x81, 0x52, 0x8A, 0x02, 0xFF, 0x83, 0xD6, 0x9A, 0x73, 0xAE,
    0x02, 0xFF, 0x81, 0xA5, 0x34, 0x08, 0x00, 0x81, 0x52, 0x8A, 0x02, 0xFF, 0x83, 0xD6, 0x9A, 0x73,
    0xAE, 0x02, 0xFF, 0x81, 0xA5, 0x34, 0x08, 0x00, 0x81, 0x52, 0x8A, 0x02, 0xFF, 0x83, 0xD6, 0x9A,
    0x73, 0xAE, 0x02, 0xFF, 0x81, 0xA5, 0x34, 0x08, 0x00, 0x81, 0x52, 0x8A, 0x02, 0xFF, 0x83, 0xD6,
    0x9A, 0x73, 0xAE, 0x02, 0xFF, 0x81, 0xA5, 0x34, 0x08, 0x00, 0x81, 0x52, 0x8A, 0x02, 0xFF, 0x83,
    0xD6, 0x9A, 0x73, 0x8E, 0x02, 0xFF, 0x81, 0xB5, 0xB6, 0x08, 0x00, 0x81, 0x63, 0x0C, 0x02, 0xFF,
    0x83, 0xCE, 0x79, 0x52, 0x8A, 0x02, 0xFF, 0x83, 0xF7, 0x9E, 0x00, 0x20, 0x06, 0x00, 0x81, 0x9C,
    0xF3, 0x02, 0xFF, 0x85, 0xAD, 0x55, 0x08, 0x41, 0xEF, 0x7D, 0x02, 0xFF, 0x89, 0x8C, 0x51, 0x21,
    0x24, 0x18, 0xE3, 0x4A, 0x49, 0xF7, 0x9E, 0x02, 0xFF, 0x81, 0x52, 0x8A, 0x02, 0x00, 0x83, 0x39,
    0xE7, 0xD6, 0xBA, 0x08, 0xFF, 0x83, 0xEF, 0x7D, 0x84, 0x10, 0x52, 0x00, 0x3C, 0x00, 0x81, 0x52,
    0x8A, 0x0C, 0xFF, 0x83, 0xE7, 0x1C, 0x5A, 0xCB, 0x02, 0x00, 0x81, 0x52, 0x8A, 0x02, 0xFF, 0x89,
    0xF7, 0xBE, 0x21, 0x04, 0x21, 0x04, 0x21, 0x24, 0x6B, 0x4D, 0x03, 0xFF, 0x84, 0xDF, 0x21, 0x04,
    0x52, 0x8A, 0x02, 0xFF, 0x81, 0xF7, 0x9E, 0x08, 0x00, 0x81, 0xC6, 0x38, 0x02, 0xFF, 0x83, 0x7B,
    0xEF, 0x52, 0x8A, 0x02, 0xFF, 0x81, 0xF7, 0x9E, 0x08, 0x00, 0x81, 0x94, 0x92, 0x02, 0xFF, 0x83,
    0xA5, 0x34, 0x52, 0x8A, 0x02, 0xFF, 0x81, 0xF7, 0x9E, 0x08, 0x00, 0x81, 0x7B, 0xCF, 0x02, 0xFF,
    0x83, 0xB5, 0x96, 0x52, 0x8A, 0x02, 0xFF, 0x81, 0xF7, 0x9E, 0x08, 0x00, 0x81, 0xA5, 0x34, 0x02,
    0xFF, 0x83, 0x94, 0x92, 0x52, 0x8A, 0x02, 0xFF, 0x81, 0xF7, 0x9E, 0x06, 0x00, 0x83, 0x39, 0xE7,
    0xF7, 0xBE, 0x02, 0xFF, 0x83, 0x39, 0xE7, 0x52, 0x8A, 0x0E, 0xFF, 0x81, 0x94, 0x92, 0x02, 0x00,
    0x81, 0x52, 0x8A, 0x02, 0xFF, 0x8B, 0xF7, 0xBE, 0x29, 0x65, 0x29, 0x65, 0x29, 0x65, 0x29, 0x65,
    0x10, 0xA2, 0x04, 0x00, 0x81, 0x52, 0x8A, 0x02, 0xFF, 0x81, 0xF7, 0x9E, 0x0E, 0x00, 0x81, 0x52,
    0x8A, 0x02, 0xFF, 0x81, 0xF7, 0x9E, 0x0E, 0x00, 0x81, 0x52, 0x8A, 0x02, 0xFF, 0x81, 0xF7, 0x9E,
    0x0E, 0x00, 0x81, 0x52, 0x8A, 0x02, 0xFF, 0x81, 0xF7, 0x9E, 0x0E, 0x00, 0x81, 0x52, 0x8A, 0x02,
    0xFF, 0x81, 0xF7, 0x9E, 0x5E, 0x00, 0x3E, 0x00, 0x83, 0x31, 0xA6, 0xD6, 0x9A, 0x08, 0xFF, 0x83,
    0xEF, 0x5D, 0x7B, 0xEF, 0x03, 0x00, 0x82, 0x20, 0xE7, 0x3C, 0x02, 0xFF, 0x89, 0x94, 0x92, 0x29,
    0x45, 0x21, 0x04, 0x52, 0x8A, 0xF7, 0x9E, 0x02, 0xFF, 0x83, 0x4A, 0x69, 0x4A, 0x49, 0x02, 0xFF,
    0x83, 0xF7, 0xBE, 0x00, 0x20, 0x06, 0x00, 0x81, 0xA5, 0x14, 0x02, 0xFF, 0x83, 0xAD, 0x55, 0x6B,
    0x6D, 0x02, 0xFF, 0x81, 0xBD, 0xF7, 0x08, 0x00, 0x81, 0x63, 0x2C, 0x02, 0xFF, 0x83, 0xCE, 0x79,
    0x73, 0x8E, 0x02, 0xFF, 0x81, 0xAD, 0x75, 0x08, 0x00, 0x81, 0x52, 0xAA, 0x02, 0xFF, 0x83, 0xD6,
    0x9A, 0x73, 0x8E, 0x02, 0xFF, 0x81, 0xAD, 0x75, 0x08, 0x00, 0x81, 0x52, 0xAA, 0x02, 0xFF, 0x83,
    0xD6, 0x9A, 0x73, 0x8E, 0x02, 0xFF, 0x81, 0xAD, 0x75, 0x08, 0x00, 0x81, 0x52, 0xAA, 0x02, 0xFF,
    0x83, 0xD6, 0x9A, 0x73, 0x8E, 0x02, 0xFF, 0x81, 0xAD, 0x75, 0x08, 0x00, 0x81, 0x52, 0xAA, 0x02,
    0xFF, 0x83, 0xD6, 0x9A, 0x73, 0x8E, 0x02, 0xFF, 0x81, 0xAD, 0x75, 0x08, 0x00, 0x81, 0x52, 0xAA,
    0x02, 0xFF, 0x83, 0xD6, 0x9A, 0x73, 0x8E, 0x02, 0xFF, 0x81, 0xAD, 0x75, 0x08, 0x00, 0x81, 0x52,
    0xAA, 0x02, 0xFF, 0x83, 0xD6, 0x9A, 0x6B, 0x6D, 0x02, 0xFF, 0x81, 0xC6, 0x18, 0x08, 0x00, 0x81,
    0x63, 0x2C, 0x02, 0xFF, 0x83, 0xCE, 0x79, 0x4A, 0x49, 0x03, 0xFF, 0x82, 0xDF, 0x08, 0x41, 0x06,
    0x00, 0x81, 0xA5, 0x34, 0x02, 0xFF, 0x85, 0xAD, 0x75, 0x08, 0x41, 0xEF, 0x5D, 0x02, 0xFF, 0x89,
    0xA5, 0x14, 0x42, 0x08, 0x39, 0xC7, 0x6B, 0x4D, 0xFF, 0xDF, 0x02, 0xFF, 0x81, 0x52, 0x8A, 0x02,
    0x00, 0x83, 0x39, 0xC7, 0xD6, 0xBA, 0x08, 0xFF, 0x83, 0xEF, 0x7D, 0x84, 0x10, 0x0A, 0x00, 0x81,
    0x29, 0x45, 0x02, 0xFF, 0x81, 0xAD, 0x55, 0x10, 0x00, 0x81, 0xA5, 0x34, 0x02, 0xFF, 0x81, 0x29,
    0x65, 0x2C, 0x00, 0x3C, 0x00, 0x81, 0x5A, 0xCB, 0x0C, 0xFF, 0x83, 0xE7, 0x1C, 0x5A, 0xCB, 0x02,
    0x00, 0x81, 0x5A, 0xCB, 0x02, 0xFF, 0x89, 0xEF, 0x5D, 0x21, 0x04, 0x21, 0x04, 0x21, 0x24, 0x73,
    0xAE, 0x04, 0xFF, 0x83, 0x29, 0x45, 0x5A, 0xCB, 0x02, 0xFF, 0x81, 0xE7, 0x3C, 0x08, 0x00, 0x81,
    0xDE, 0xDB, 0x02, 0xFF, 0x83, 0x8C, 0x51, 0x5A, 0xCB, 0x02, 0xFF, 0x81, 0xE7, 0x3C, 0x08, 0x00,
    0x81, 0xA5, 0x14, 0x02, 0xFF, 0x83, 0xAD, 0x75, 0x5A, 0xCB, 0x02, 0xFF, 0x81, 0xE7, 0x3C, 0x08,
    0x00, 0x81, 0x9C, 0xF3, 0x02, 0xFF, 0x83, 0x9C, 0xF3, 0x5A, 0xCB, 0x02, 0xFF, 0x81, 0xE7, 0x3C,
    0x08, 0x00, 0x81, 0xD6, 0xBA, 0x02, 0xFF, 0x83, 0x73, 0x8E, 0x5A, 0xCB, 0x02, 0xFF, 0x89, 0xEF,
    0x7D, 0x29, 0x45, 0x29, 0x45, 0x29, 0x65, 0x73, 0xAE, 0x02, 0xFF, 0x85, 0xDE, 0xFB, 0x10, 0x82,
    0x5A, 0xCB, 0x0E, 0xFF, 0x81, 0x7B, 0xEF, 0x02, 0x00, 0x81, 0x5A, 0xCB, 0x02, 0xFF, 0x81, 0xE7,
    0x3C, 0x06, 0x00, 0x81, 0x52, 0x8A, 0x04, 0xFF, 0x83, 0x29, 0x45, 0x5A, 0xCB, 0x02, 0xFF, 0x81,
    0xE7, 0x3C, 0x08, 0x00, 0x81, 0xD6, 0x9A, 0x02, 0xFF, 0x83, 0x7B, 0xEF, 0x5A, 0xCB, 0x02, 0xFF,
    0x81, 0xE7, 0x3C, 0x08, 0x00, 0x81, 0x9C, 0xF3, 0x02, 0xFF, 0x83, 0x9C, 0xD3, 0x5A, 0xCB, 0x02,
    0xFF, 0x81, 0xE7, 0x3C, 0x08, 0x00, 0x81, 0x84, 0x10, 0x02, 0xFF, 0x83, 0xA5, 0x14, 0x5A, 0xCB,
    0x02, 0xFF, 0x81, 0xE7, 0x3C, 0x08, 0x00, 0x81, 0x84, 0x10, 0x02, 0xFF, 0x83, 0xA5, 0x14, 0x5A,
    0xCB, 0x02, 0xFF, 0x81, 0xE7, 0x3C, 0x08, 0x00, 0x81, 0x84, 0x10, 0x02, 0xFF, 0x81, 0xA5, 0x14,
    0x50, 0x00, 0x3E, 0x00, 0x83, 0x31, 0xA6, 0xCE, 0x79, 0x0A, 0xFF, 0x81, 0xE7, 0x3C, 0x03, 0x00,
    0x82, 0x20, 0xE7, 0x1C, 0x02, 0xFF, 0x8B, 0x73, 0xAE, 0x21, 0x24, 0x21, 0x04, 0x21, 0x04, 0x21,
    0x04, 0x21, 0x04, 0x02, 0x00, 0x81, 0x39, 0xC7, 0x02, 0xFF, 0x81, 0xE7, 0x1C, 0x0E, 0x00, 0x81,
    0x52, 0xAA, 0x02, 0xFF, 0x81, 0xC6, 0x38, 0x0E, 0x00, 0x81, 0x4A, 0x69, 0x02, 0xFF, 0x81, 0xDE,
    0xDB, 0x0E, 0x00, 0x81, 0x21, 0x04, 0x04, 0xFF, 0x83, 0x5A, 0xEB, 0x00, 0x20, 0x0C, 0x00, 0x81,
    0x9C, 0xF3, 0x08, 0xFF, 0x85, 0xF7, 0xBE, 0xCE, 0x79, 0x52, 0x8A, 0x06, 0x00, 0x89, 0x63, 0x0C,
    0x9C, 0xD3, 0xA5, 0x14, 0xAD, 0x75, 0xDE, 0xFB, 0x04, 0xFF, 0x81, 0x31, 0xA6, 0x0E, 0x00, 0x81,
    0xBD, 0xF7, 0x02, 0xFF, 0x81, 0x94, 0xB2, 0x0E, 0x00, 0x81, 0x7B, 0xCF, 0x02, 0xFF, 0x81, 0xB5,
    0xB6, 0x0E, 0x00, 0x81, 0x7B, 0xCF, 0x02, 0xFF, 0x81, 0xAD, 0x55, 0x0E, 0x00, 0x81, 0x9C, 0xF3,
    0x02, 0xFF, 0x81, 0x84, 0x10, 0x02, 0x00, 0x91, 0x18, 0xC3, 0x18, 0xE3, 0x18, 0xE3, 0x18, 0xE3,
    0x21, 0x04, 0x52, 0x8A, 0xF7, 0xBE, 0xFF, 0xDF, 0x21, 0x04, 0x02, 0x00, 0x81, 0xDE, 0xFB, 0x0A,
    0xFF, 0x83, 0xD6, 0x9A, 0x42, 0x28, 0x52, 0x00, 0x3C, 0x00, 0x81, 0x08, 0x61, 0x10, 0xFF, 0x81,
    0x6B, 0x6D, 0x02, 0x00, 0x87, 0x21, 0x04, 0x21, 0x04, 0x21, 0x04, 0xE7, 0x3C, 0x02, 0xFF, 0x87,
    0x7B, 0xCF, 0x21, 0x04, 0x21, 0x04, 0x08, 0x61, 0x08, 0x00, 0x81, 0xDE, 0xFB, 0x02, 0xFF, 0x81,
    0x63, 0x0C, 0x0E, 0x00, 0x81, 0xDE, 0xFB, 0x02, 0xFF, 0x81, 0x63, 0x0C, 0x0E, 0x00, 0x81, 0xDE,
    0xFB, 0x02, 0xFF, 0x81, 0x63, 0x0C, 0x0E, 0x00, 0x81, 0xDE, 0xFB, 0x02, 0xFF, 0x81, 0x63, 0x0C,
    0x0E, 0x00, 0x81, 0xDE, 0xFB, 0x02, 0xFF, 0x81, 0x63, 0x0C, 0x0E, 0x00, 0x81, 0xDE, 0xFB, 0x02,
    0xFF, 0x81, 0x63, 0x0C, 0x0E, 0x00, 0x81, 0xDE, 0xFB, 0x02, 0xFF, 0x81, 0x63, 0x0C, 0x0E, 0x00,
    0x81, 0xDE, 0xFB, 0x02, 0xFF, 0x81, 0x63, 0x0C, 0x0E, 0x00, 0x81, 0xDE, 0xFB, 0x02, 0xFF, 0x81,
    0x63, 0x0C, 0x0E, 0x00, 0x81, 0xDE, 0xFB, 0x02, 0xFF, 0x81, 0x63, 0x0C, 0x0E, 0x00, 0x81, 0xDE,
    0xFB, 0x02, 0xFF, 0x81, 0x63, 0x0C, 0x0E, 0x00, 0x81, 0xDE, 0xFB, 0x02, 0xFF, 0x81, 0x63, 0x0C,
    0x56, 0x00, 0x3C, 0x00, 0x81, 0x63, 0x2C, 0x02, 0xFF, 0x81, 0xB5, 0xB6, 0x08, 0x00, 0x81, 0x5A,
    0xEB, 0x02, 0xFF, 0x83, 0xCE, 0x59, 0x63, 0x2C, 0x02, 0xFF, 0x81, 0xB5, 0xB6, 0x08, 0x00, 0x81,
    0x5A, 0xEB, 0x02, 0xFF, 0x83, 0xCE, 0x59, 0x63, 0x2C, 0x02, 0xFF, 0x81, 0xB5, 0xB6, 0x08, 0x00,
    0x81, 0x5A, 0xEB, 0x02, 0xFF, 0x83, 0xCE, 0x59, 0x63, 0x2C, 0x02, 0xFF, 0x81, 0xB5, 0xB6, 0x08,
    0x00, 0x81, 0x5A, 0xEB, 0x02, 0xFF, 0x83, 0xCE, 0x59, 0x63, 0x2C, 0x02, 0xFF, 0x81, 0xB5, 0xB6,
    0x08, 0x00, 0x81, 0x5A, 0xEB, 0x02, 0xFF, 0x83, 0xCE, 0x59, 0x63, 0x2C, 0x02, 0xFF, 0x81, 0xB5,
    0xB6, 0x08, 0x00, 0x81, 0x5A, 0xEB, 0x02, 0xFF, 0x83, 0xCE, 0x59, 0x63, 0x2C, 0x02, 0xFF, 0x81,
    0xB5, 0xB6, 0x08, 0x00, 0x81, 0x5A, 0xEB, 0x02, 0xFF, 0x83, 0xCE, 0x59, 0x63, 0x2C, 0x02, 0xFF,
    0x81, 0xB5, 0xB6, 0x08, 0x00, 0x81, 0x5A, 0xEB, 0x02, 0xFF, 0x83, 0xCE, 0x59, 0x63, 0x2C, 0x02,
    0xFF, 0x81, 0xB5, 0xB6, 0x08, 0x00, 0x81, 0x5A, 0xEB, 0x02, 0xFF, 0x83, 0xCE, 0x59, 0x63, 0x2C,
    0x02, 0xFF, 0x81, 0xB5, 0xB6, 0x08, 0x00, 0x81, 0x5A, 0xEB, 0x02, 0xFF, 0x83, 0xCE, 0x59, 0x63,
    0x0C, 0x02, 0xFF, 0x81, 0xBD, 0xF7, 0x08, 0x00, 0x81, 0x63, 0x2C, 0x02, 0xFF, 0x83, 0xC6, 0x38,
    0x42, 0x08, 0x02, 0xFF, 0x81, 0xE7, 0x1C, 0x08, 0x00, 0x81, 0x8C, 0x71, 0x02, 0xFF, 0x85, 0xA5,
    0x34, 0x00, 0x20, 0xE7, 0x1C, 0x02, 0xFF, 0x89, 0x84, 0x30, 0x21, 0x24, 0x18, 0xE3, 0x4A, 0x69,
    0xF7, 0x9E, 0x02, 0xFF, 0x81, 0x4A, 0x49, 0x02, 0x00, 0x83, 0x31, 0xA6, 0xD6, 0x9A, 0x08, 0xFF,
    0x83, 0xEF, 0x5D, 0x7B, 0xCF, 0x52, 0x00, 0x3C, 0x00, 0x81, 0x5A, 0xEB, 0x02, 0xFF, 0x81, 0xE7,
    0x3C, 0x08, 0x00, 0x81, 0x84, 0x30, 0x02, 0xFF, 0x83, 0xBD, 0xD7, 0x21, 0x04, 0x04, 0xFF, 0x81,
    0x10, 0xA2, 0x06, 0x00, 0x81, 0xB5, 0x96, 0x02, 0xFF, 0x81, 0x84, 0x10, 0x02, 0x00, 0x81, 0xEF,
    0x5D, 0x02, 0xFF, 0x81, 0x42, 0x28, 0x06, 0x00, 0x81, 0xE7, 0x1C, 0x02, 0xFF, 0x81, 0x4A, 0x49,
    0x02, 0x00, 0x81, 0xB5, 0x96, 0x02, 0xFF, 0x81, 0x73, 0x8E, 0x04, 0x00, 0x81, 0x10, 0x82, 0x04,
    0xFF, 0x81, 0x10, 0x82, 0x02, 0x00, 0x81, 0x7B, 0xCF, 0x02, 0xFF, 0x81, 0xA5, 0x14, 0x04, 0x00,
    0x81, 0x42, 0x08, 0x02, 0xFF, 0x81, 0xD6, 0xBA, 0x04, 0x00, 0x81, 0x42, 0x08, 0x02, 0xFF, 0x81,
    0xD6, 0x9A, 0x04, 0x00, 0x81, 0x73, 0x8E, 0x02, 0xFF, 0x81, 0x9C, 0xF3, 0x04, 0x00, 0x81, 0x08,
    0x41, 0x03, 0xFF, 0x82, 0xDF, 0x00, 0x20, 0x02, 0x00, 0x81, 0xA5, 0x14, 0x02, 0xFF, 0x81, 0x63,
    0x2C, 0x06, 0x00, 0x81, 0xD6, 0x9A, 0x02, 0xFF, 0x81, 0x29, 0x65, 0x02, 0x00, 0x81, 0xD6, 0x9A,
    0x02, 0xFF, 0x81, 0x29, 0x65, 0x06, 0x00, 0x81, 0x94, 0xB2, 0x02, 0xFF, 0x87, 0x5A, 0xEB, 0x00,
    0x20, 0xFF, 0xDF, 0xF7, 0x9E, 0x08, 0x00, 0x81, 0x5A, 0xEB, 0x02, 0xFF, 0x83, 0x8C, 0x51, 0x31,
    0x86, 0x02, 0xFF, 0x81, 0xBD, 0xD7, 0x08, 0x00, 0x81, 0x21, 0x24, 0x02, 0xFF, 0x83, 0xBD, 0xD7,
    0x63, 0x0C, 0x02, 0xFF, 0x81, 0x84, 0x10, 0x0A, 0x00, 0x85, 0xEF, 0x7D, 0xEF, 0x5D, 0x94, 0x92,
    0x02, 0xFF, 0x81, 0x4A, 0x49, 0x0A, 0x00, 0x81, 0xB5, 0xB6, 0x02, 0xFF, 0x81, 0xE7, 0x1C, 0x02,
    0xFF, 0x81, 0x10, 0x82, 0x0A, 0x00, 0x81, 0x7B, 0xEF, 0x04, 0xFF, 0x81, 0xD6, 0xBA, 0x56, 0x00,
    0x42, 0x00, 0x81, 0xEF, 0x5D, 0x02, 0xFF, 0x81, 0x52, 0x8A, 0x0A, 0x00, 0x81, 0xFF, 0xDF, 0x02,
    0xFF, 0x83, 0x42, 0x08, 0xCE, 0x59, 0x02, 0xFF, 0x81, 0x63, 0x2C, 0x08, 0x00, 0x81, 0x08, 0x41,
    0x04, 0xFF, 0x83, 0x21, 0x04, 0xAD, 0x75, 0x02, 0xFF, 0x81, 0x73, 0xAE, 0x08, 0x00, 0x81, 0x18,
    0xC3, 0x04, 0xFF, 0x83, 0x00, 0x20, 0x8C, 0x71, 0x02, 0xFF, 0x81, 0x8C, 0x51, 0x02, 0x00, 0x83,
    0x10, 0xA2, 0x29, 0x45, 0x02, 0x00, 0x81, 0x29, 0x65, 0x02, 0xFF, 0x81, 0xEF, 0x5D, 0x02, 0x00,
    0x81, 0x73, 0x8E, 0x02, 0xFF, 0x81, 0x9C, 0xD3, 0x02, 0x00, 0x83, 0x8C, 0x51, 0xEF, 0x7D, 0x02,
    0x00, 0x81, 0x39, 0xE7, 0x02, 0xFF, 0x81, 0xCE, 0x79, 0x02, 0x00, 0x81, 0x52, 0x8A, 0x02, 0xFF,
    0x81, 0xAD, 0x75, 0x02, 0x00, 0x81, 0xB5, 0x96, 0x02, 0xFF, 0x83, 0x10, 0xA2, 0x4A, 0x69, 0x02,
    0xFF, 0x81, 0xAD, 0x75, 0x02, 0x00, 0x81, 0x31, 0xA6, 0x02, 0xFF, 0x81, 0xBD, 0xF7, 0x02, 0x00,
    0x81, 0xDE, 0xFB, 0x02, 0xFF, 0x83, 0x39, 0xE7, 0x63, 0x0C, 0x02, 0xFF, 0x81, 0x94, 0x92, 0x02,
    0x00, 0x81, 0x10, 0xA2, 0x02, 0xFF, 0x83, 0xD6, 0x9A, 0x08, 0x41, 0x04, 0xFF, 0x83, 0x63, 0x2C,
    0x73, 0x8E, 0x02, 0xFF, 0x81, 0x73, 0xAE, 0x04, 0x00, 0x85, 0xFF, 0xDF, 0xE7, 0x1C, 0x29, 0x65,
    0x02, 0xFF, 0x85, 0xBD, 0xF7, 0x94, 0x92, 0x84, 0x30, 0x02, 0xFF, 0x81, 0x52, 0xAA, 0x04, 0x00,
    0x8D, 0xDE, 0xDB, 0xF7, 0x9E, 0x5A, 0xCB, 0xE7, 0x1C, 0x8C, 0x51, 0xBD, 0xD7, 0x94, 0xB2, 0x02,
    0xFF, 0x81, 0x39, 0xC7, 0x04, 0x00, 0x81, 0xBD, 0xF7, 0x02, 0xFF, 0x89, 0x8C, 0x51, 0xBD, 0xD7,
    0x5A, 0xEB, 0xE7, 0x1C, 0xA5, 0x34, 0x02, 0xFF, 0x81, 0x18, 0xE3, 0x04, 0x00, 0x81, 0x9C, 0xF3,
    0x02, 0xFF, 0x85, 0xC6, 0x18, 0x94, 0x92, 0x31, 0xA6, 0x02, 0xFF, 0x81, 0xC6, 0x38, 0x02, 0xFF,
    0x06, 0x00, 0x81, 0x84, 0x10, 0x03, 0xFF, 0x84, 0xDF, 0x6B, 0x4D, 0x08, 0x61, 0x03, 0xFF, 0x82,
    0xDF, 0xE7, 0x1C, 0x06, 0x00, 0x81, 0x63, 0x0C, 0x04, 0xFF, 0x81, 0x39, 0xE7, 0x02, 0x00, 0x81,
    0xE7, 0x1C, 0x02, 0xFF, 0x81, 0xC6, 0x38, 0x5C, 0x00, 0x3C, 0x00, 0x83, 0x08, 0x41, 0xEF, 0x5D,
    0x02, 0xFF, 0x81, 0x63, 0x2C, 0x06, 0x00, 0x81, 0x94, 0xB2, 0x02, 0xFF, 0x81, 0x84, 0x10, 0x02,
    0x00, 0x81, 0x7B, 0xCF, 0x02, 0xFF, 0x81, 0xCE, 0x59, 0x04, 0x00, 0x87, 0x08, 0x61, 0xF7, 0x9E,
    0xF7, 0xBE, 0x10, 0xA2, 0x02, 0x00, 0x83, 0x10, 0x82, 0xF7, 0x9E, 0x02, 0xFF, 0x81, 0x31, 0x86,
    0x02, 0x00, 0x81, 0x6B, 0x6D, 0x02, 0xFF, 0x81, 0x94, 0xB2, 0x06, 0x00, 0x81, 0x8C, 0x71, 0x02,
    0xFF, 0x81, 0x94, 0xB2, 0x02, 0x00, 0x81, 0xDE, 0xDB, 0x02, 0xFF, 0x81, 0x21, 0x24, 0x06, 0x00,
    0x87, 0x18, 0xE3, 0xFF, 0xDF, 0xF7, 0x9E, 0x52, 0xAA, 0x02, 0xFF, 0x81, 0xAD, 0x55, 0x0A, 0x00,
    0x81, 0xA5, 0x14, 0x02, 0xFF, 0x81, 0xF7, 0x9E, 0x02, 0xFF, 0x81, 0x31, 0xA6, 0x0A, 0x00, 0x81,
    0x29, 0x65, 0x04, 0xFF, 0x81, 0xC6, 0x18, 0x0C, 0x00, 0x81, 0x52, 0x8A, 0x04, 0xFF, 0x81, 0xDE,
    0xFB, 0x0C, 0x00, 0x81, 0xCE, 0x59, 0x02, 0xFF, 0x81, 0xD6, 0xBA, 0x02, 0xFF, 0x81, 0x52, 0x8A,
    0x08, 0x00, 0x81, 0x42, 0x08, 0x02, 0xFF, 0x83, 0xC6, 0x38, 0x52, 0xAA, 0x02, 0xFF, 0x81, 0xC6,
    0x18, 0x08, 0x00, 0x81, 0xBD, 0xD7, 0x02, 0xFF, 0x85, 0x5A, 0xEB, 0x08, 0x41, 0xF7, 0x9E, 0x02,
    0xFF, 0x81, 0x31, 0x86, 0x04, 0x00, 0x81, 0x31, 0x86, 0x02, 0xFF, 0x83, 0xF7, 0x9E, 0x08, 0x41,
    0x02, 0x00, 0x81, 0x9C, 0xD3, 0x02, 0xFF, 0x81, 0xA5, 0x14, 0x04, 0x00, 0x81, 0xAD, 0x55, 0x02,
    0xFF, 0x81, 0x94, 0x92, 0x04, 0x00, 0x81, 0x39, 0xE7, 0x03, 0xFF, 0x84, 0xDF, 0x18, 0xC3, 0x21,
    0x04, 0x04, 0xFF, 0x81, 0x29, 0x65, 0x06, 0x00, 0x81, 0xDE, 0xFB, 0x02, 0xFF, 0x81, 0x84, 0x10,
    0x50, 0x00, 0x3C, 0x00, 0x81, 0x5A, 0xEB, 0x03, 0xFF, 0x82, 0xDF, 0x08, 0x61, 0x06, 0x00, 0x81,
    0x84, 0x30, 0x02, 0xFF, 0x85, 0xBD, 0xD7, 0x08, 0x41, 0xEF, 0x7D, 0x02, 0xFF, 0x81, 0x5A, 0xCB,
    0x06, 0x00, 0x81, 0xDE, 0xFB, 0x02, 0xFF, 0x81, 0x52, 0x8A, 0x02, 0x00, 0x81, 0x94, 0xB2, 0x02,
    0xFF, 0x81, 0xAD, 0x75, 0x04, 0x00, 0x81, 0x31, 0xA6, 0x02, 0xFF, 0x83, 0xE7, 0x3C, 0x00, 0x20,
    0x02, 0x00, 0x81, 0x31, 0x86, 0x02, 0xFF, 0x83, 0xF7, 0xBE, 0x08, 0x61, 0x02, 0x00, 0x81, 0x8C,
    0x71, 0x02, 0xFF, 0x81, 0x7B, 0xEF, 0x06, 0x00, 0x81, 0xCE, 0x59, 0x02, 0xFF, 0x81, 0x5A, 0xCB,
    0x02, 0x00, 0x85, 0xE7, 0x3C, 0xFF, 0xDF, 0x18, 0xC3, 0x06, 0x00, 0x81, 0x63, 0x2C, 0x02, 0xFF,
    0x83, 0xAD, 0x75, 0x42, 0x08, 0x02, 0xFF, 0x81, 0xAD, 0x75, 0x08, 0x00, 0x87, 0x08, 0x61, 0xF7,
    0xBE, 0xF7, 0xBE, 0xA5, 0x34, 0x02, 0xFF, 0x81, 0x42, 0x28, 0x0A, 0x00, 0x81, 0x9C, 0xF3, 0x04,
    0xFF, 0x81, 0xDE, 0xDB, 0x0C, 0x00, 0x81, 0x39, 0xC7, 0x04, 0xFF, 0x81, 0x73, 0x8E, 0x0C, 0x00,
    0x81, 0x08, 0x41, 0x04, 0xFF, 0x81, 0x39, 0xE7, 0x0C, 0x00, 0x81, 0x08, 0x41, 0x04, 0xFF, 0x81,
    0x39, 0xE7, 0x0C, 0x00, 0x81, 0x08, 0x41, 0x04, 0xFF, 0x81, 0x39, 0xE7, 0x0C, 0x00, 0x81, 0x08,
    0x41, 0x04, 0xFF, 0x81, 0x39, 0xE7, 0x0C, 0x00, 0x81, 0x08, 0x41, 0x04, 0xFF, 0x81, 0x39, 0xE7,
    0x56, 0x00, 0x3C, 0x00, 0x81, 0x52, 0x8A, 0x10, 0xFF, 0x91, 0xAD, 0x75, 0x08, 0x41, 0x21, 0x04,
    0x21, 0x04, 0x21, 0x04, 0x21, 0x04, 0x21, 0x04, 0x21, 0x24, 0xD6, 0xBA, 0x02, 0xFF, 0x81, 0x73,
    0xAE, 0x0C, 0x00, 0x81, 0x52, 0x8A, 0x02, 0xFF, 0x83, 0xE7, 0x1C, 0x00, 0x20, 0x0B, 0x00, 0x82,
    0x20, 0xDE, 0xDB, 0x02, 0xFF, 0x81, 0x5A, 0xCB, 0x0C, 0x00, 0x81, 0x73, 0x8E, 0x02, 0xFF, 0x81,
    0xCE, 0x79, 0x0C, 0x00, 0x83, 0x10, 0x82, 0xEF, 0x7D, 0x02, 0xFF, 0x81, 0x42, 0x28, 0x0C, 0x00,
    0x81, 0x8C, 0x71, 0x02, 0xFF, 0x81, 0xB5, 0xB6, 0x0C, 0x00, 0x83, 0x21, 0x04, 0xFF, 0xDF, 0x02,
    0xFF, 0x81, 0x29, 0x65, 0x0C, 0x00, 0x81, 0xAD, 0x55, 0x02, 0xFF, 0x81, 0x9C, 0xF3, 0x0C, 0x00,
    0x81, 0x39, 0xC7, 0x02, 0xFF, 0x83, 0xF7, 0xBE, 0x18, 0xE3, 0x0C, 0x00, 0x81, 0xCE, 0x59, 0x02,
    0xFF, 0x81, 0x84, 0x30, 0x0C, 0x00, 0x81, 0x5A, 0xCB, 0x02, 0xFF, 0x83, 0xEF, 0x7D, 0x08, 0x61,
    0x0B, 0x00, 0x82, 0x20, 0xDE, 0xFB, 0x02, 0xFF, 0x8F, 0x8C, 0x51, 0x18, 0xE3, 0x18, 0xE3, 0x18,
    0xE3, 0x18, 0xE3, 0x18, 0xE3, 0x10, 0xA2, 0x4A, 0x69, 0x10, 0xFF, 0x81, 0xAD, 0x75, 0x50, 0x00,
    0x04, 0x00, 0x8B, 0x10, 0xA2, 0x21, 0x04, 0x21, 0x04, 0x21, 0x04, 0x21, 0x04, 0x21, 0x04, 0x08,
    0x00, 0x81, 0x9C, 0xD3, 0x09, 0xFF, 0x80, 0xDF, 0x08, 0x00, 0x81, 0x9C, 0xD3, 0x02, 0xFF, 0x81,
    0x42, 0x28, 0x0E, 0x00, 0x81, 0x9C, 0xD3, 0x02, 0xFF, 0x81, 0x42, 0x28, 0x0E, 0x00, 0x81, 0x9C,
    0xD3, 0x02, 0xFF, 0x81, 0x42, 0x28, 0x0E, 0x00, 0x81, 0x9C, 0xD3, 0x02, 0xFF, 0x81, 0x42, 0x28,
    0x0E, 0x00, 0x81, 0x9C, 0xD3, 0x02, 0xFF, 0x81, 0x42, 0x28, 0x0E, 0x00, 0x81, 0x9C, 0xD3, 0x02,
    0xFF, 0x81, 0x42, 0x28, 0x0E, 0x00, 0x81, 0x9C, 0xD3, 0x02, 0xFF, 0x81, 0x42, 0x28, 0x0E, 0x00,
    0x81, 0x9C, 0xD3, 0x02, 0xFF, 0x81, 0x42, 0x28, 0x0E, 0x00, 0x81, 0x9C, 0xD3, 0x02, 0xFF, 0x81,
    0x42, 0x28, 0x0E, 0x00, 0x81, 0x9C, 0xD3, 0x02, 0xFF, 0x81, 0x42, 0x28, 0x0E, 0x00, 0x81, 0x9C,
    0xD3, 0x02, 0xFF, 0x81, 0x42, 0x28, 0x0E, 0x00, 0x81, 0x9C, 0xD3, 0x02, 0xFF, 0x81, 0x42, 0x28,
    0x0E, 0x00, 0x81, 0x9C, 0xD3, 0x02, 0xFF, 0x81, 0x42, 0x28, 0x0E, 0x00, 0x81, 0x9C, 0xD3, 0x02,
    0xFF, 0x81, 0x42, 0x28, 0x0E, 0x00, 0x81, 0x9C, 0xD3, 0x02, 0xFF, 0x81, 0x42, 0x28, 0x0E, 0x00,
    0x81, 0x9C, 0xD3, 0x02, 0xFF, 0x81, 0x42, 0x28, 0x0E, 0x00, 0x81, 0x9C, 0xD3, 0x02, 0xFF, 0x81,
    0x42, 0x28, 0x0E, 0x00, 0x81, 0x9C, 0xD3, 0x02, 0xFF, 0x87, 0x63, 0x0C, 0x21, 0x04, 0x21, 0x04,
    0x21, 0x04, 0x08, 0x00, 0x81, 0x9C, 0xD3, 0x09, 0xFF, 0x80, 0xDF, 0x04, 0x00, 0x3C, 0x00, 0x85,
    0x10, 0x82, 0xEF, 0x7D, 0x6B, 0x6D, 0x10, 0x00, 0x85, 0x7B, 0xCF, 0xEF, 0x5D, 0x08, 0x61, 0x0E,
    0x00, 0x85, 0x08, 0x41, 0xE7, 0x3C, 0x84, 0x10, 0x10, 0x00, 0x85, 0x6B, 0x4D, 0xF7, 0x9E, 0x10,
    0xA2, 0x0F, 0x00, 0x84, 0x20, 0xDE, 0xFB, 0x94, 0x92, 0x10, 0x00, 0x85, 0x5A, 0xCB, 0xFF, 0xDF,
    0x21, 0x04, 0x10, 0x00, 0x83, 0xD6, 0x9A, 0xA5, 0x14, 0x10, 0x00, 0x81, 0x4A, 0x49, 0x02, 0xFF,
    0x81, 0x29, 0x65, 0x10, 0x00, 0x83, 0xC6, 0x18, 0xB5, 0xB6, 0x10, 0x00, 0x81, 0x39, 0xC7, 0x02,
    0xFF, 0x81, 0x39, 0xE7, 0x10, 0x00, 0x83, 0xB5, 0x96, 0xC6, 0x38, 0x10, 0x00, 0x81, 0x29, 0x65,
    0x02, 0xFF, 0x81, 0x4A, 0x69, 0x10, 0x00, 0x83, 0xA5, 0x14, 0xD6, 0x9A, 0x10, 0x00, 0x85, 0x21,
    0x04, 0xFF, 0xDF, 0x5A, 0xEB, 0x50, 0x00, 0x04, 0x00, 0x8B, 0x10, 0xA2, 0x21, 0x04, 0x21, 0x04,
    0x21, 0x04, 0x21, 0x04, 0x21, 0x04, 0x08, 0x00, 0x81, 0x9C, 0xD3, 0x09, 0xFF, 0x80, 0xDF, 0x10,
    0x00, 0x83, 0xE7, 0x3C, 0xFF, 0xDF, 0x10, 0x00, 0x83, 0xE7, 0x3C, 0xFF, 0xDF, 0x10, 0x00, 0x83,
    0xE7, 0x3C, 0xFF, 0xDF, 0x10, 0x00, 0x83, 0xE7, 0x3C, 0xFF, 0xDF, 0x10, 0x00, 0x83, 0xE7, 0x3C,
    0xFF, 0xDF, 0x10, 0x00, 0x83, 0xE7, 0x3C, 0xFF, 0xDF, 0x10, 0x00, 0x83, 0xE7, 0x3C, 0xFF, 0xDF,
    0x10, 0x00, 0x83, 0xE7, 0x3C, 0xFF, 0xDF, 0x10, 0x00, 0x83, 0xE7, 0x3C, 0xFF, 0xDF, 0x10, 0x00,
    0x83, 0xE7, 0x3C, 0xFF, 0xDF, 0x10, 0x00, 0x83, 0xE7, 0x3C, 0xFF, 0xDF, 0x10, 0x00, 0x83, 0xE7,
    0x3C, 0xFF, 0xDF, 0x10, 0x00, 0x83, 0xE7, 0x3C, 0xFF, 0xDF, 0x10, 0x00, 0x83, 0xE7, 0x3C, 0xFF,
    0xDF, 0x10, 0x00, 0x83, 0xE7, 0x3C, 0xFF, 0xDF, 0x10, 0x00, 0x83, 0xE7, 0x3C, 0xFF, 0xDF, 0x10,
    0x00, 0x83, 0xE7, 0x3C, 0xFF, 0xDF, 0x08, 0x00, 0x8B, 0x10, 0xA2, 0x21, 0x04, 0x21, 0x04, 0x21,
    0x04, 0xEF, 0x5D, 0xFF, 0xDF, 0x08, 0x00, 0x81, 0x9C, 0xD3, 0x09, 0xFF, 0x80, 0xDF, 0x04, 0x00,
    0x4A, 0x00, 0x83, 0x42, 0x28, 0x94, 0x92, 0x10, 0x00, 0x83, 0x29, 0x45, 0xF7, 0x9E, 0x02, 0xFF,
    0x81, 0x73, 0x8E, 0x0C, 0x00, 0x8B, 0x10, 0xA2, 0xDE, 0xFB, 0xA5, 0x14, 0x4A, 0x49, 0xFF, 0xDF,
    0x4A, 0x69, 0x09, 0x00, 0x86, 0x20, 0xC6, 0x38, 0xBD, 0xF7, 0x00, 0x20, 0x02, 0x00, 0x85, 0x63,
    0x2C, 0xF7, 0xBE, 0x31, 0x86, 0x06, 0x00, 0x85, 0xA5, 0x34, 0xD6, 0xBA, 0x10, 0x82, 0x06, 0x00,
    0x85, 0x84, 0x30, 0xE7, 0x3C, 0x18, 0xE3, 0x02, 0x00, 0x80, 0x7B, 0x02, 0xEF, 0x82, 0x5D, 0x21,
    0x04, 0x0A, 0x00, 0x85, 0xA5, 0x34, 0xD6, 0x9A, 0x08, 0x61, 0x7F, 0x00, 0x7F, 0x00, 0x0A, 0x00,
    0x7F, 0x00, 0x7F, 0x00, 0x7F, 0x00, 0x26, 0x00, 0x96, 0x20, 0x73, 0x8E, 0x73, 0x8E, 0x73, 0x8E,
    0x73, 0x8E, 0x73, 0x8E, 0x73, 0x8E, 0x73, 0x8E, 0x73, 0x8E, 0x73, 0x8E, 0x73, 0x8E, 0x08, 0x41,
    0x14, 0xFF, 0x54, 0x00, 0x89, 0x7B, 0xEF, 0xC6, 0x38, 0x8C, 0x71, 0x5A, 0xCB, 0x18, 0xC3, 0x0A,
    0x00, 0x89, 0x4A, 0x69, 0xAD, 0x75, 0xCE, 0x59, 0xE7, 0x3C, 0x84, 0x30, 0x7F, 0x00, 0x7F, 0x00,
    0x34, 0x00, 0x7C, 0x00, 0x0A, 0xFF, 0x85, 0xF7, 0x9E, 0xC6, 0x18, 0x21, 0x24, 0x04, 0x00, 0x8B,
    0x21, 0x04, 0x21, 0x04, 0x21, 0x04, 0x21, 0x04, 0x42, 0x28, 0xCE, 0x79, 0x02, 0xFF, 0x81, 0xAD,
    0x55, 0x0E, 0x00, 0x81, 0x73, 0xAE, 0x02, 0xFF, 0x81, 0xD6, 0x9A, 0x0E, 0x00, 0x81, 0x6B, 0x4D,
    0x02, 0xFF, 0x81, 0xDE, 0xFB, 0x02, 0x00, 0x83, 0x84, 0x10, 0xEF, 0x7D, 0x0C, 0xFF, 0x83, 0xDE,
    0xFB, 0x31, 0x86, 0x04, 0xFF, 0x89, 0x63, 0x2C, 0x21, 0x24, 0x18, 0xE3, 0x18, 0xE3, 0x7B, 0xEF,
    0x02, 0xFF, 0x83, 0xDE, 0xFB, 0x6B, 0x4D, 0x02, 0xFF, 0x81, 0xC6, 0x38, 0x08, 0x00, 0x81, 0x6B,
    0x4D, 0x02, 0xFF, 0x83, 0xDE, 0xFB, 0x7B, 0xCF, 0x02, 0xFF, 0x81, 0xAD, 0x75, 0x08, 0x00, 0x81,
    0x6B, 0x4D, 0x02, 0xFF, 0x83, 0xDE, 0xFB, 0x6B, 0x4D, 0x02, 0xFF, 0x81, 0xC6, 0x38, 0x08, 0x00,
    0x81, 0x6B, 0x4D, 0x02, 0xFF, 0x83, 0xDE, 0xFB, 0x29, 0x65, 0x04, 0xFF, 0x89, 0x5A, 0xEB, 0x21,
    0x04, 0x18, 0xE3, 0x18, 0xE3, 0x7B, 0xEF, 0x02, 0xFF, 0x81, 0xDE, 0xFB, 0x02, 0x00, 0x80, 0x7B,
    0x02, 0xEF, 0x80, 0x7D, 0x0C, 0xFF, 0x81, 0xDE, 0xFB, 0x50, 0x00, 0x3C, 0x00, 0x81, 0x5A, 0xCB,
    0x02, 0xFF, 0x81, 0xEF, 0x7D, 0x0E, 0x00, 0x81, 0x5A, 0xCB, 0x02, 0xFF, 0x81, 0xEF, 0x7D, 0x0E,
    0x00, 0x81, 0x5A, 0xCB, 0x02, 0xFF, 0x81, 0xEF, 0x7D, 0x0E, 0x00, 0x81, 0x5A, 0xCB, 0x0C, 0xFF,
    0x87, 0xEF, 0x5D, 0x9C, 0xD3, 0x00, 0x20, 0x5A, 0xCB, 0x02, 0xFF, 0x8B, 0xF7, 0x9E, 0x21, 0x24,
    0x21, 0x24, 0x21, 0x24, 0x4A, 0x49, 0xEF, 0x7D, 0x02, 0xFF, 0x83, 0x63, 0x0C, 0x5A, 0xCB, 0x02,
    0xFF, 0x81, 0xEF, 0x7D, 0x08, 0x00, 0x81, 0xA5, 0x34, 0x02, 0xFF, 0x83, 0xA5, 0x14, 0x5A, 0xCB,
    0x02, 0xFF, 0x81, 0xEF, 0x7D, 0x08, 0x00, 0x81, 0x8C, 0x71, 0x02, 0xFF, 0x83, 0xBD, 0xD7, 0x5A,
    0xCB, 0x02, 0xFF, 0x81, 0xEF, 0x7D, 0x08, 0x00, 0x81, 0x8C, 0x51, 0x02, 0xFF, 0x83, 0xBD, 0xF7,
    0x5A, 0xCB, 0x02, 0xFF, 0x81, 0xEF, 0x7D, 0x08, 0x00, 0x81, 0x8C, 0x51, 0x02, 0xFF, 0x83, 0xBD,
    0xF7, 0x5A, 0xCB, 0x02, 0xFF, 0x81, 0xEF, 0x7D, 0x08, 0x00, 0x81, 0x8C, 0x51, 0x02, 0xFF, 0x83,
    0xBD, 0xF7, 0x5A, 0xCB, 0x02, 0xFF, 0x81, 0xEF, 0x7D, 0x08, 0x00, 0x81, 0x8C, 0x71, 0x02, 0xFF,
    0x83, 0xBD, 0xD7, 0x5A, 0xCB, 0x02, 0xFF, 0x81, 0xEF, 0x7D, 0x08, 0x00, 0x81, 0xA5, 0x14, 0x02,
    0xFF, 0x83, 0xA5, 0x14, 0x5A, 0xCB, 0x02, 0xFF, 0x8B, 0xF7, 0x9E, 0x18, 0xE3, 0x18, 0xE3, 0x18,
    0xE3, 0x39, 0xC7, 0xEF, 0x7D, 0x02, 0xFF, 0x83, 0x63, 0x0C, 0x5A, 0xCB, 0x0C, 0xFF, 0x85, 0xEF,
    0x7D, 0x9C, 0xD3, 0x00, 0x20, 0x50, 0x00, 0x7A, 0x00, 0x85, 0x42, 0x08, 0xD6, 0x9A, 0xFF, 0xDF,
    0x0A, 0xFF, 0x81, 0x84, 0x30, 0x02, 0x00, 0x81, 0xE7, 0x1C, 0x02, 0xFF, 0x8F, 0xAD, 0x55, 0x29,
    0x65, 0x21, 0x04, 0x21, 0x04, 0x21, 0x04, 0x21, 0x04, 0x10, 0x82, 0x18, 0xC3, 0x04, 0xFF, 0x81,
    0x39, 0xC7, 0x0C, 0x00, 0x81, 0x29, 0x65, 0x04, 0xFF, 0x81, 0x21, 0x24, 0x0C, 0x00, 0x81, 0x29,
    0x65, 0x04, 0xFF, 0x81, 0x21, 0x04, 0x0C, 0x00, 0x81, 0x29, 0x65, 0x04, 0xFF, 0x81, 0x21, 0x04,
    0x0C, 0x00, 0x81, 0x29, 0x65, 0x04, 0xFF, 0x81, 0x21, 0x04, 0x0C, 0x00, 0x81, 0x29, 0x65, 0x04,
    0xFF, 0x81, 0x21, 0x24, 0x0C, 0x00, 0x81, 0x18, 0xC3, 0x04, 0xFF, 0x81, 0x39, 0xC7, 0x0E, 0x00,
    0x81, 0xE7, 0x1C, 0x02, 0xFF, 0x8D, 0xBD, 0xF7, 0x39, 0xE7, 0x21, 0x24, 0x18, 0xE3, 0x18, 0xE3,
    0x18, 0xE3, 0x10, 0x82, 0x02, 0x00, 0x85, 0x42, 0x08, 0xD6, 0xBA, 0xFF, 0xDF, 0x0A, 0xFF, 0x81,
    0x84, 0x30, 0x50, 0x00, 0x4A, 0x00, 0x81, 0x8C, 0x71, 0x02, 0xFF, 0x81, 0xB5, 0xB6, 0x0E, 0x00,
    0x81, 0x8C, 0x71, 0x02, 0xFF, 0x81, 0xB5, 0xB6, 0x0E, 0x00, 0x81, 0x8C, 0x71, 0x02, 0xFF, 0x81,
    0xB5, 0xB6, 0x02, 0x00, 0x85, 0x4A, 0x69, 0xDE, 0xDB, 0xFF, 0xDF, 0x0A, 0xFF, 0x85, 0xB5, 0xB6,
    0x08, 0x41, 0xF7, 0x9E, 0x02, 0xFF, 0x89, 0x8C, 0x51, 0x29, 0x45, 0x21, 0x24, 0x21, 0x24, 0xA5,
    0x14, 0x02, 0xFF, 0x83, 0xB5, 0xB6, 0x39, 0xC7, 0x04, 0xFF, 0x81, 0x08, 0x41, 0x06, 0x00, 0x81,
    0x8C, 0x71, 0x02, 0xFF, 0x83, 0xB5, 0xB6, 0x4A, 0x69, 0x02, 0xFF, 0x81, 0xF7, 0x9E, 0x08, 0x00,
    0x81, 0x8C, 0x71, 0x02, 0xFF, 0x83, 0xB5, 0xB6, 0x52, 0x8A, 0x02, 0xFF, 0x81, 0xEF, 0x7D, 0x08,
    0x00, 0x81, 0x8C, 0x71, 0x02, 0xFF, 0x83, 0xB5, 0xB6, 0x52, 0x8A, 0x02, 0xFF, 0x81, 0xEF, 0x7D,
    0x08, 0x00, 0x81, 0x8C, 0x71, 0x02, 0xFF, 0x83, 0xB5, 0xB6, 0x52, 0x8A, 0x02, 0xFF, 0x81, 0xF7,
    0x9E, 0x08, 0x00, 0x81, 0x8C, 0x71, 0x02, 0xFF, 0x83, 0xB5, 0xB6, 0x4A, 0x69, 0x04, 0xFF, 0x08,
    0x00, 0x81, 0x8C, 0x71, 0x02, 0xFF, 0x83, 0xB5, 0xB6, 0x39, 0xC7, 0x04, 0xFF, 0x81, 0x21, 0x24,
    0x06, 0x00, 0x81, 0x8C, 0x71, 0x02, 0xFF, 0x85, 0xB5, 0xB6, 0x08, 0x41, 0xEF, 0x7D, 0x02, 0xFF,
    0x89, 0xB5, 0xB6, 0x31, 0xA6, 0x21, 0x04, 0x18, 0xE3, 0x9C, 0xF3, 0x02, 0xFF, 0x81, 0xB5, 0xB6,
    0x02, 0x00, 0x83, 0x4A, 0x69, 0xDE, 0xDB, 0x0C, 0xFF, 0x81, 0xB5, 0xB6, 0x50, 0x00, 0x7A, 0x00,
    0x83, 0x63, 0x2C, 0xE7, 0x1C, 0x09, 0xFF, 0x86, 0xDF, 0xBD, 0xD7, 0x10, 0x82, 0x18, 0xE3, 0x04,
    0xFF, 0x89, 0x7B, 0xEF, 0x21, 0x24, 0x21, 0x04, 0x29, 0x45, 0x9C, 0xF3, 0x02, 0xFF, 0x83, 0x84,
    0x30, 0x4A, 0x69, 0x03, 0xFF, 0x80, 0xDF, 0x08, 0x00, 0x81, 0x29, 0x65, 0x02, 0xFF, 0x83, 0xBD,
    0xD7, 0x63, 0x0C, 0x02, 0xFF, 0x81, 0xEF, 0x5D, 0x08, 0x00, 0x81, 0x29, 0x45, 0x02, 0xFF, 0x83,
    0xC6, 0x18, 0x63, 0x0C, 0x02, 0xFF, 0x81, 0xE7, 0x3C, 0x06, 0x00, 0x83, 0x08, 0x61, 0x84, 0x30,
    0x02, 0xFF, 0x83, 0x94, 0xB2, 0x63, 0x0C, 0x0E, 0xFF, 0x85, 0xDE, 0xFB, 0x21, 0x04, 0x63, 0x0C,
    0x02, 0xFF, 0x8B, 0xEF, 0x5D, 0x21, 0x04, 0x21, 0x04, 0x21, 0x04, 0x21, 0x04, 0x18, 0xE3, 0x04,
    0x00, 0x81, 0x63, 0x0C, 0x02, 0xFF, 0x81, 0xEF, 0x5D, 0x0E, 0x00, 0x81, 0x4A, 0x49, 0x03, 0xFF,
    0x82, 0xDF, 0x00, 0x20, 0x0C, 0x00, 0x83, 0x18, 0xC3, 0xFF, 0xDF, 0x02, 0xFF, 0x8B, 0x84, 0x10,
    0x21, 0x24, 0x18, 0xE3, 0x18, 0xE3, 0x18, 0xE3, 0x10, 0xA2, 0x04, 0x00, 0x83, 0x63, 0x2C, 0xE7,
    0x1C, 0x0A, 0xFF, 0x81, 0xBD, 0xF7, 0x52, 0x00, 0x33, 0x00, 0x88, 0x20, 0x21, 0x04, 0x21, 0x04,
    0x21, 0x04, 0x10, 0xA2, 0x08, 0x00, 0x83, 0x9C, 0xD3, 0xFF, 0xDF, 0x06, 0xFF, 0x81, 0x9C, 0xD3,
    0x06, 0x00, 0x81, 0x4A, 0x49, 0x04, 0xFF, 0x81, 0x42, 0x28, 0x0C, 0x00, 0x81, 0x7B, 0xEF, 0x02,
    0xFF, 0x81, 0xDE, 0xFB, 0x08, 0x00, 0x81, 0x39, 0xE7, 0x0E, 0xFF, 0x81, 0x5A, 0xEB, 0x02, 0x00,
    0x87, 0x08, 0x41, 0x21, 0x04, 0x21, 0x04, 0x9C, 0xF3, 0x02, 0xFF, 0x87, 0xCE, 0x59, 0x21, 0x04,
    0x21, 0x04, 0x08, 0x61, 0x08, 0x00, 0x81, 0x8C, 0x51, 0x02, 0xFF, 0x81, 0xBD, 0xF7, 0x0E, 0x00,
    0x81, 0x8C, 0x51, 0x02, 0xFF, 0x81, 0xBD, 0xF7, 0x0E, 0x00, 0x81, 0x8C, 0x51, 0x02, 0xFF, 0x81,
    0xBD, 0xF7, 0x0E, 0x00, 0x81, 0x8C, 0x51, 0x02, 0xFF, 0x81, 0xBD, 0xF7, 0x0E, 0x00, 0x81, 0x8C,
    0x51, 0x02, 0xFF, 0x81, 0xBD, 0xF7, 0x0E, 0x00, 0x81, 0x8C, 0x51, 0x02, 0xFF, 0x81, 0xBD, 0xF7,
    0x0E, 0x00, 0x81, 0x8C, 0x51, 0x02, 0xFF, 0x81, 0xBD, 0xF7, 0x0E, 0x00, 0x81, 0x8C, 0x51, 0x02,
    0xFF, 0x81, 0xBD, 0xF7, 0x0E, 0x00, 0x81, 0x8C, 0x51, 0x02, 0xFF, 0x81, 0xBD, 0xF7, 0x58, 0x00,
    0x7A, 0x00, 0x83, 0x5A, 0xEB, 0xDE, 0xFB, 0x0C, 0xFF, 0x85, 0xBD, 0xF7, 0x10, 0xA2, 0xFF, 0xDF,
    0x02, 0xFF, 0x89, 0x9C, 0xD3, 0x31, 0xA6, 0x21, 0x24, 0x21, 0x04, 0x9C, 0xD3, 0x02, 0xFF, 0x83,
    0xBD, 0xF7, 0x42, 0x28, 0x03, 0xFF, 0x82, 0xDF, 0x00, 0x20, 0x06, 0x00, 0x81, 0x84, 0x30, 0x02,
    0xFF, 0x83, 0xBD, 0xF7, 0x5A, 0xCB, 0x02, 0xFF, 0x81, 0xEF, 0x5D, 0x08, 0x00, 0x81, 0x84, 0x30,
    0x02, 0xFF, 0x83, 0xBD, 0xF7, 0x5A, 0xCB, 0x02, 0xFF, 0x81, 0xE7, 0x3C, 0x08, 0x00, 0x81, 0x84,
    0x30, 0x02, 0xFF, 0x83, 0xBD, 0xF7, 0x5A, 0xCB, 0x02, 0xFF, 0x81, 0xE7, 0x3C, 0x08, 0x00, 0x81,
    0x84, 0x30, 0x02, 0xFF, 0x83, 0xBD, 0xF7, 0x5A, 0xCB, 0x02, 0xFF, 0x81, 0xE7, 0x3C, 0x08, 0x00,
    0x81, 0x84, 0x30, 0x02, 0xFF, 0x83, 0xBD, 0xF7, 0x5A, 0xCB, 0x02, 0xFF, 0x81, 0xEF, 0x5D, 0x08,
    0x00, 0x81, 0x84, 0x30, 0x02, 0xFF, 0x83, 0xBD, 0xF7, 0x42, 0x28, 0x03, 0xFF, 0x80, 0xDF, 0x08,
    0x00, 0x81, 0x84, 0x30, 0x02, 0xFF, 0x85, 0xBD, 0xF7, 0x18, 0xC3, 0xFF, 0xDF, 0x02, 0xFF, 0x89,
    0x7B, 0xCF, 0x21, 0x04, 0x18, 0xE3, 0x18, 0xE3, 0x94, 0xB2, 0x02, 0xFF, 0x81, 0xBD, 0xF7, 0x02,
    0x00, 0x83, 0x63, 0x2C, 0xE7, 0x1C, 0x0C, 0xFF, 0x81, 0xBD, 0xF7, 0x0E, 0x00, 0x81, 0x8C, 0x51,
    0x02, 0xFF, 0x81, 0xBD, 0xF7, 0x0E, 0x00, 0x81, 0x9C, 0xD3, 0x02, 0xFF, 0x81, 0xAD, 0x55, 0x04,
    0x00, 0x8B, 0x08, 0x61, 0x18, 0xE3, 0x21, 0x04, 0x29, 0x45, 0x52, 0xAA, 0xEF, 0x7D, 0x02, 0xFF,
    0x81, 0x7B, 0xCF, 0x04, 0x00, 0x81, 0x63, 0x2C, 0x08, 0xFF, 0x85, 0xF7, 0x9E, 0xAD, 0x55, 0x08,
    0x61, 0x3C, 0x00, 0x81, 0x63, 0x0C, 0x02, 0xFF, 0x81, 0xE7, 0x3C, 0x0E, 0x00, 0x81, 0x63, 0x0C,
    0x02, 0xFF, 0x81, 0xE7, 0x3C, 0x0E, 0x00, 0x81, 0x63, 0x0C, 0x02, 0xFF, 0x81, 0xE7, 0x3C, 0x0E,
    0x00, 0x81, 0x63, 0x0C, 0x0C, 0xFF, 0x87, 0xF7, 0x9E, 0xBD, 0xD7, 0x18, 0xC3, 0x63, 0x0C, 0x02,
    0xFF, 0x8B, 0xEF, 0x5D, 0x18, 0xE3, 0x18, 0xE3, 0x18, 0xE3, 0x39, 0xC7, 0xE7, 0x3C, 0x02, 0xFF,
    0x83, 0x8C, 0x71, 0x63, 0x0C, 0x02, 0xFF, 0x81, 0xE7, 0x3C, 0x08, 0x00, 0x81, 0x94, 0x92, 0x02,
    0xFF, 0x83, 0xBD, 0xD7, 0x63, 0x0C, 0x02, 0xFF, 0x81, 0xE7, 0x3C, 0x08, 0x00, 0x81, 0x7B, 0xEF,
    0x02, 0xFF, 0x83, 0xCE, 0x59, 0x63, 0x0C, 0x02, 0xFF, 0x81, 0xE7, 0x3C, 0x08, 0x00, 0x81, 0x7B,
    0xCF, 0x02, 0xFF, 0x83, 0xCE, 0x59, 0x63, 0x0C, 0x02, 0xFF, 0x81, 0xE7, 0x3C, 0x08, 0x00, 0x81,
    0x7B, 0xCF, 0x02, 0xFF, 0x83, 0xCE, 0x59, 0x63, 0x0C, 0x02, 0xFF, 0x81, 0xE7, 0x3C, 0x08, 0x00,
    0x81, 0x7B, 0xCF, 0x02, 0xFF, 0x83, 0xCE, 0x59, 0x63, 0x0C, 0x02, 0xFF, 0x81, 0xE7, 0x3C, 0x08,
    0x00, 0x81, 0x7B, 0xCF, 0x02, 0xFF, 0x83, 0xCE, 0x59, 0x63, 0x0C, 0x02, 0xFF, 0x81, 0xE7, 0x3C,
    0x08, 0x00, 0x81, 0x7B, 0xCF, 0x02, 0xFF, 0x83, 0xCE, 0x59, 0x63, 0x0C, 0x02, 0xFF, 0x81, 0xE7,
    0x3C, 0x08, 0x00, 0x81, 0x7B, 0xCF, 0x02, 0xFF, 0x83, 0xCE, 0x59, 0x63, 0x0C, 0x02, 0xFF, 0x81,
    0xE7, 0x3C, 0x08, 0x00, 0x81, 0x7B, 0xCF, 0x02, 0xFF, 0x81, 0xCE, 0x59, 0x50, 0x00, 0x2E, 0x00,
    0x87, 0x18, 0xE3, 0xE7, 0x1C, 0xE7, 0x1C, 0x73, 0x8E, 0x0C, 0x00, 0x81, 0x18, 0xE3, 0x04, 0xFF,
    0x81, 0x7B, 0xEF, 0x2E, 0x00, 0x81, 0x31, 0xA6, 0x0A, 0xFF, 0x81, 0x52, 0x8A, 0x06, 0x00, 0x89,
    0x08, 0x41, 0x21, 0x24, 0x21, 0x24, 0x21, 0x24, 0xFF, 0xDF, 0x02, 0xFF, 0x81, 0x52, 0x8A, 0x0E,
    0x00, 0x81, 0xF7, 0xBE, 0x02, 0xFF, 0x81, 0x52, 0x8A, 0x0E, 0x00, 0x81, 0xF7, 0xBE, 0x02, 0xFF,
    0x81, 0x52, 0x8A, 0x0E, 0x00, 0x81, 0xF7, 0xBE, 0x02, 0xFF, 0x81, 0x52, 0x8A, 0x0E, 0x00, 0x81,
    0xF7, 0xBE, 0x02, 0xFF, 0x81, 0x52, 0x8A, 0x0E, 0x00, 0x81, 0xF7, 0xBE, 0x02, 0xFF, 0x81, 0x52,
    0x8A, 0x0E, 0x00, 0x81, 0xF7, 0xBE, 0x02, 0xFF, 0x81, 0x52, 0x8A, 0x0E, 0x00, 0x81, 0xF7, 0xBE,
    0x02, 0xFF, 0x81, 0x52, 0x8A, 0x07, 0x00, 0x88, 0x20, 0x18, 0xE3, 0x18, 0xE3, 0x18, 0xE3, 0xFF,
    0xDF, 0x02, 0xFF, 0x89, 0x6B, 0x4D, 0x18, 0xE3, 0x18, 0xE3, 0x10, 0x82, 0x31, 0xA6, 0x10, 0xFF,
    0x81, 0x94, 0xB2, 0x50, 0x00, 0x33, 0x00, 0x86, 0x20, 0xE7, 0x1C, 0xE7, 0x1C, 0x8C, 0x51, 0x0D,
    0x00, 0x80, 0x20, 0x04, 0xFF, 0x81, 0x9C, 0xD3, 0x2C, 0x00, 0x81, 0x08, 0x61, 0x0C, 0xFF, 0x81,
    0x6B, 0x6D, 0x06, 0x00, 0x89, 0x21, 0x04, 0x21, 0x04, 0x21, 0x04, 0x21, 0x04, 0xE7, 0x1C, 0x02,
    0xFF, 0x81, 0x6B, 0x6D, 0x0E, 0x00, 0x81, 0xDE, 0xDB, 0x02, 0xFF, 0x81, 0x6B, 0x6D, 0x0E, 0x00,
    0x81, 0xDE, 0xDB, 0x02, 0xFF, 0x81, 0x6B, 0x6D, 0x0E, 0x00, 0x81, 0xDE, 0xDB, 0x02, 0xFF, 0x81,
    0x6B, 0x6D, 0x0E, 0x00, 0x81, 0xDE, 0xDB, 0x02, 0xFF, 0x81, 0x6B, 0x6D, 0x0E, 0x00, 0x81, 0xDE,
    0xDB, 0x02, 0xFF, 0x81, 0x6B, 0x6D, 0x0E, 0x00, 0x81, 0xDE, 0xDB, 0x02, 0xFF, 0x81, 0x6B, 0x6D,
    0x0E, 0x00, 0x81, 0xDE, 0xDB, 0x02, 0xFF, 0x81, 0x6B, 0x6D, 0x0E, 0x00, 0x81, 0xDE, 0xDB, 0x02,
    0xFF, 0x81, 0x6B, 0x6D, 0x0E, 0x00, 0x81, 0xDE, 0xDB, 0x02, 0xFF, 0x81, 0x6B, 0x6D, 0x0E, 0x00,
    0x81, 0xDE, 0xFB, 0x02, 0xFF, 0x81, 0x6B, 0x6D, 0x0E, 0x00, 0x81, 0xEF, 0x7D, 0x02, 0xFF, 0x81,
    0x5A, 0xEB, 0x06, 0x00, 0x87, 0x18, 0xE3, 0x18, 0xE3, 0x21, 0x24, 0x73, 0x8E, 0x04, 0xFF, 0x81,
    0x31, 0x86, 0x04, 0x00, 0x81, 0x08, 0x61, 0x08, 0xFF, 0x83, 0xEF, 0x5D, 0x84, 0x10, 0x04, 0x00,
    0x3C, 0x00, 0x81, 0x63, 0x0C, 0x02, 0xFF, 0x81, 0xE7, 0x3C, 0x0E, 0x00, 0x81, 0x63, 0x0C, 0x02,
    0xFF, 0x81, 0xE7, 0x3C, 0x0E, 0x00, 0x81, 0x63, 0x0C, 0x02, 0xFF, 0x81, 0xE7, 0x3C, 0x0E, 0x00,
    0x81, 0x63, 0x0C, 0x02, 0xFF, 0x81, 0xE7, 0x3C, 0x06, 0x00, 0x89, 0x18, 0xE3, 0x9C, 0xD3, 0x9C,
    0xD3, 0x18, 0xC3, 0x63, 0x0C, 0x02, 0xFF, 0x81, 0xE7, 0x3C, 0x04, 0x00, 0x83, 0x18, 0xC3, 0xDE,
    0xDB, 0x02, 0xFF, 0x81, 0x63, 0x0C, 0x02, 0x00, 0x81, 0x63, 0x0C, 0x02, 0xFF, 0x81, 0xE7, 0x3C,
    0x02, 0x00, 0x83, 0x18, 0xC3, 0xDE, 0xDB, 0x02, 0xFF, 0x81, 0x6B, 0x4D, 0x04, 0x00, 0x81, 0x63,
    0x0C, 0x02, 0xFF, 0x85, 0xE7, 0x3C, 0x10, 0xA2, 0xD6, 0xBA, 0x02, 0xFF, 0x81, 0x73, 0xAE, 0x06,
    0x00, 0x81, 0x63, 0x0C, 0x02, 0xFF, 0x83, 0xF7, 0x9E, 0xD6, 0x9A, 0x02, 0xFF, 0x81, 0x84, 0x10,
    0x08, 0x00, 0x81, 0x63, 0x0C, 0x07, 0xFF, 0x82, 0xDF, 0x29, 0x65, 0x08, 0x00, 0x81, 0x63, 0x0C,
    0x02, 0xFF, 0x83, 0xEF, 0x5D, 0xA5, 0x34, 0x02, 0xFF, 0x83, 0xE7, 0x1C, 0x18, 0xC3, 0x06, 0x00,
    0x81, 0x63, 0x0C, 0x02, 0xFF, 0x85, 0xE7, 0x3C, 0x08, 0x41, 0xCE, 0x59, 0x02, 0xFF, 0x83, 0xCE,
    0x59, 0x08, 0x41, 0x04, 0x00, 0x81, 0x63, 0x0C, 0x02, 0xFF, 0x81, 0xE7, 0x3C, 0x02, 0x00, 0x83,
    0x18, 0xC3, 0xE7, 0x1C, 0x02, 0xFF, 0x81, 0xAD, 0x55, 0x04, 0x00, 0x81, 0x63, 0x0C, 0x02, 0xFF,
    0x81, 0xE7, 0x3C, 0x04, 0x00, 0x83, 0x31, 0x86, 0xF7, 0xBE, 0x02, 0xFF, 0x81, 0x84, 0x30, 0x02,
    0x00, 0x81, 0x63, 0x0C, 0x02, 0xFF, 0x81, 0xE7, 0x3C, 0x06, 0x00, 0x81, 0x52, 0x8A, 0x04, 0xFF,
    0x81, 0x5A, 0xEB, 0x50, 0x00, 0x28, 0x00, 0x8D, 0x08, 0x41, 0x21, 0x04, 0x21, 0x04, 0x21, 0x04,
    0x21, 0x04, 0x21, 0x04, 0x08, 0x41, 0x06, 0x00, 0x81, 0x39, 0xE7, 0x0A, 0xFF, 0x81, 0x42, 0x08,
    0x0E, 0x00, 0x04, 0xFF, 0x81, 0x42, 0x08, 0x0E, 0x00, 0x04, 0xFF, 0x81, 0x42, 0x08, 0x0E, 0x00,
    0x04, 0xFF, 0x81, 0x42, 0x08, 0x0E, 0x00, 0x04, 0xFF, 0x81, 0x42, 0x08, 0x0E, 0x00, 0x04, 0xFF,
    0x81, 0x42, 0x08, 0x0E, 0x00, 0x04, 0xFF, 0x81, 0x42, 0x08, 0x0E, 0x00, 0x04, 0xFF, 0x81, 0x42,
    0x08, 0x0E, 0x00, 0x04, 0xFF, 0x81, 0x42, 0x08, 0x0E, 0x00, 0x04, 0xFF, 0x81, 0x42, 0x08, 0x0E,
    0x00, 0x04, 0xFF, 0x81, 0x42, 0x08, 0x0E, 0x00, 0x04, 0xFF, 0x81, 0x42, 0x08, 0x07, 0x00, 0x86,
    0x20, 0x18, 0xE3, 0x18, 0xE3, 0x21, 0x04, 0x04, 0xFF, 0x89, 0x5A, 0xCB, 0x18, 0xE3, 0x18, 0xE3,
    0x10, 0x82, 0x39, 0xE7, 0x10, 0xFF, 0x81, 0x94, 0xB2, 0x50, 0x00, 0x78, 0x00, 0x81, 0x7B, 0xEF,
    0x0C, 0xFF, 0x87, 0xF7, 0x9E, 0xC6, 0x18, 0x21, 0x04, 0x7B, 0xEF, 0x02, 0xFF, 0x8B, 0xCE, 0x59,
    0x21, 0x04, 0xCE, 0x79, 0x9C, 0xF3, 0x31, 0xA6, 0xDE, 0xDB, 0x02, 0xFF, 0x83, 0xA5, 0x14, 0x7B,
    0xEF, 0x02, 0xFF, 0x81, 0xBD, 0xF7, 0x02, 0x00, 0x83, 0xC6, 0x18, 0x8C, 0x71, 0x02, 0x00, 0x81,
    0x7B, 0xCF, 0x02, 0xFF, 0x83, 0xCE, 0x79, 0x7B, 0xEF, 0x02, 0xFF, 0x81, 0xBD, 0xF7, 0x02, 0x00,
    0x83, 0xC6, 0x18, 0x8C, 0x71, 0x02, 0x00, 0x81, 0x63, 0x0C, 0x02, 0xFF, 0x83, 0xDE, 0xFB, 0x7B,
    0xEF, 0x02, 0xFF, 0x81, 0xBD, 0xF7, 0x02, 0x00, 0x83, 0xC6, 0x18, 0x8C, 0x71, 0x02, 0x00, 0x81,
    0x5A, 0xEB, 0x02, 0xFF, 0x83, 0xDE, 0xFB, 0x7B, 0xEF, 0x02, 0xFF, 0x81, 0xBD, 0xF7, 0x02, 0x00,
    0x83, 0xC6, 0x18, 0x8C, 0x71, 0x02, 0x00, 0x81, 0x5A, 0xEB, 0x02, 0xFF, 0x83, 0xDE, 0xFB, 0x7B,
    0xEF, 0x02, 0xFF, 0x81, 0xBD, 0xF7, 0x02, 0x00, 0x83, 0xC6, 0x18, 0x8C, 0x71, 0x02, 0x00, 0x81,
    0x5A, 0xEB, 0x02, 0xFF, 0x83, 0xDE, 0xFB, 0x7B, 0xEF, 0x02, 0xFF, 0x81, 0xBD, 0xF7, 0x02, 0x00,
    0x83, 0xC6, 0x18, 0x8C, 0x71, 0x02, 0x00, 0x81, 0x5A, 0xEB, 0x02, 0xFF, 0x83, 0xDE, 0xFB, 0x7B,
    0xEF, 0x02, 0xFF, 0x81, 0xBD, 0xF7, 0x02, 0x00, 0x83, 0xC6, 0x18, 0x8C, 0x71, 0x02, 0x00, 0x81,
    0x5A, 0xEB, 0x02, 0xFF, 0x83, 0xDE, 0xFB, 0x7B, 0xEF, 0x02, 0xFF, 0x81, 0xBD, 0xF7, 0x02, 0x00,
    0x83, 0xC6, 0x18, 0x8C, 0x71, 0x02, 0x00, 0x81, 0x5A, 0xEB, 0x02, 0xFF, 0x83, 0xDE, 0xFB, 0x7B,
    0xEF, 0x02, 0xFF, 0x81, 0xBD, 0xF7, 0x02, 0x00, 0x83, 0xC6, 0x18, 0x8C, 0x71, 0x02, 0x00, 0x81,
    0x5A, 0xEB, 0x02, 0xFF, 0x81, 0xDE, 0xFB, 0x50, 0x00, 0x78, 0x00, 0x81, 0x5A, 0xEB, 0x0C, 0xFF,
    0x87, 0xF7, 0x9E, 0xB5, 0xB6, 0x10, 0xA2, 0x5A, 0xEB, 0x02, 0xFF, 0x88, 0xE7, 0x3C, 0x21, 0x04,
    0x21, 0x04, 0x21, 0x04, 0x39, 0x02, 0xE7, 0x80, 0x3C, 0x02, 0xFF, 0x83, 0x84, 0x30, 0x5A, 0xEB,
    0x02, 0xFF, 0x81, 0xDE, 0xFB, 0x08, 0x00, 0x81, 0x94, 0x92, 0x02, 0xFF, 0x83, 0xB5, 0x96, 0x5A,
    0xEB, 0x02, 0xFF, 0x81, 0xDE, 0xFB, 0x08, 0x00, 0x81, 0x7B, 0xEF, 0x02, 0xFF, 0x83, 0xC6, 0x18,
    0x5A, 0xEB, 0x02, 0xFF, 0x81, 0xDE, 0xFB, 0x08, 0x00, 0x81, 0x7B, 0xCF, 0x02, 0xFF, 0x83, 0xC6,
    0x18, 0x5A, 0xEB, 0x02, 0xFF, 0x81, 0xDE, 0xFB, 0x08, 0x00, 0x81, 0x7B, 0xCF, 0x02, 0xFF, 0x83,
    0xC6, 0x18, 0x5A, 0xEB, 0x02, 0xFF, 0x81, 0xDE, 0xFB, 0x08, 0x00, 0x81, 0x7B, 0xCF, 0x02, 0xFF,
    0x83, 0xC6, 0x18, 0x5A, 0xEB, 0x02, 0xFF, 0x81, 0xDE, 0xFB, 0x08, 0x00, 0x81, 0x7B, 0xCF, 0x02,
    0xFF, 0x83, 0xC6, 0x18, 0x5A, 0xEB, 0x02, 0xFF, 0x81, 0xDE, 0xFB, 0x08, 0x00, 0x81, 0x7B, 0xCF,
    0x02, 0xFF, 0x83, 0xC6, 0x18, 0x5A, 0xEB, 0x02, 0xFF, 0x81, 0xDE, 0xFB, 0x08, 0x00, 0x81, 0x7B,
    0xCF, 0x02, 0xFF, 0x83, 0xC6, 0x18, 0x5A, 0xEB, 0x02, 0xFF, 0x81, 0xDE, 0xFB, 0x08, 0x00, 0x81,
    0x7B, 0xCF, 0x02, 0xFF, 0x81, 0xC6, 0x18, 0x50, 0x00, 0x7A, 0x00, 0x83, 0x94, 0x92, 0xEF, 0x5D,
    0x08, 0xFF, 0x87, 0xF7, 0xBE, 0xC6, 0x18, 0x21, 0x24, 0x4A, 0x49, 0x04, 0xFF, 0x89, 0x5A, 0xCB,
    0x21, 0x24, 0x21, 0x04, 0x31, 0x86, 0xD6, 0x9A, 0x02, 0xFF, 0x83, 0xAD, 0x75, 0x7B, 0xEF, 0x02,
    0xFF, 0x81, 0xC6, 0x38, 0x08, 0x00, 0x81, 0x6B, 0x4D, 0x02, 0xFF, 0x83, 0xE7, 0x1C, 0x94, 0x92,
    0x02, 0xFF, 0x81, 0xB5, 0x96, 0x08, 0x00, 0x81, 0x52, 0xAA, 0x02, 0xFF, 0x83, 0xF7, 0xBE, 0x94,
    0x92, 0x02, 0xFF, 0x81, 0xAD, 0x75, 0x08, 0x00, 0x81, 0x52, 0x8A, 0x02, 0xFF, 0x83, 0xF7, 0xBE,
    0x94, 0x92, 0x02, 0xFF, 0x81, 0xAD, 0x75, 0x08, 0x00, 0x81, 0x52, 0x8A, 0x02, 0xFF, 0x83, 0xF7,
    0xBE, 0x94, 0x92, 0x02, 0xFF, 0x81, 0xAD, 0x75, 0x08, 0x00, 0x81, 0x52, 0x8A, 0x02, 0xFF, 0x83,
    0xF7, 0xBE, 0x94, 0x92, 0x02, 0xFF, 0x81, 0xB5, 0x96, 0x08, 0x00, 0x81, 0x52, 0xAA, 0x02, 0xFF,
    0x83, 0xF7, 0xBE, 0x7B, 0xEF, 0x02, 0xFF, 0x81, 0xCE, 0x59, 0x08, 0x00, 0x81, 0x6B, 0x4D, 0x02,
    0xFF, 0x83, 0xE7, 0x1C, 0x4A, 0x69, 0x04, 0xFF, 0x89, 0x5A, 0xEB, 0x21, 0x24, 0x21, 0x04, 0x31,
    0xA6, 0xCE, 0x79, 0x02, 0xFF, 0x81, 0xAD, 0x75, 0x02, 0x00, 0x83, 0x94, 0x92, 0xEF, 0x5D, 0x08,
    0xFF, 0x85, 0xF7, 0xBE, 0xC6, 0x18, 0x21, 0x24, 0x50, 0x00, 0x78, 0x00, 0x81, 0x7B, 0xEF, 0x0C,
    0xFF, 0x87, 0xEF, 0x7D, 0xAD, 0x75, 0x10, 0xA2, 0x7B, 0xEF, 0x02, 0xFF, 0x8B, 0xCE, 0x79, 0x21,
    0x04, 0x21, 0x04, 0x29, 0x45, 0x4A, 0x69, 0xE7, 0x1C, 0x02, 0xFF, 0x83, 0x94, 0x92, 0x7B, 0xEF,
    0x02, 0xFF, 0x81, 0xC6, 0x38, 0x08, 0x00, 0x81, 0x84, 0x10, 0x02, 0xFF, 0x83, 0xCE, 0x59, 0x7B,
    0xEF, 0x02, 0xFF, 0x81, 0xC6, 0x38, 0x08, 0x00, 0x81, 0x6B, 0x6D, 0x02, 0xFF, 0x83, 0xE7, 0x1C,
    0x7B, 0xEF, 0x02, 0xFF, 0x81, 0xC6, 0x38, 0x08, 0x00, 0x81, 0x6B, 0x4D, 0x02, 0xFF, 0x83, 0xE7,
    0x1C, 0x7B, 0xEF, 0x02, 0xFF, 0x81, 0xC6, 0x38, 0x08, 0x00, 0x81, 0x6B, 0x4D, 0x02, 0xFF, 0x83,
    0xE7, 0x1C, 0x7B, 0xEF, 0x02, 0xFF, 0x81, 0xC6, 0x38, 0x08, 0x00, 0x81, 0x6B, 0x4D, 0x02, 0xFF,
    0x83, 0xE7, 0x1C, 0x7B, 0xEF, 0x02, 0xFF, 0x81, 0xC6, 0x38, 0x08, 0x00, 0x81, 0x6B, 0x6D, 0x02,
    0xFF, 0x83, 0xE7, 0x1C, 0x7B, 0xEF, 0x02, 0xFF, 0x81, 0xC6, 0x38, 0x08, 0x00, 0x81, 0x7B, 0xEF,
    0x02, 0xFF, 0x83, 0xCE, 0x79, 0x7B, 0xEF, 0x02, 0xFF, 0x8B, 0xCE, 0x79, 0x18, 0xE3, 0x18, 0xE3,
    0x18, 0xE3, 0x31, 0xA6, 0xDE, 0xDB, 0x02, 0xFF, 0x83, 0x9C, 0xD3, 0x7B, 0xEF, 0x0C, 0xFF, 0x87,
    0xF7, 0x9E, 0xBD, 0xD7, 0x18, 0xC3, 0x7B, 0xEF, 0x02, 0xFF, 0x81, 0xC6, 0x38, 0x0E, 0x00, 0x81,
    0x7B, 0xEF, 0x02, 0xFF, 0x81, 0xC6, 0x38, 0x0E, 0x00, 0x81, 0x7B, 0xEF, 0x02, 0xFF, 0x81, 0xC6,
    0x38, 0x0E, 0x00, 0x81, 0x7B, 0xEF, 0x02, 0xFF, 0x81, 0xC6, 0x38, 0x0E, 0x00, 0x7A, 0x00, 0x83,
    0x5A, 0xCB, 0xDE, 0xFB, 0x0C, 0xFF, 0x85, 0xB5, 0xB6, 0x10, 0x82, 0xF7, 0xBE, 0x02, 0xFF, 0x89,
    0x9C, 0xF3, 0x31, 0xA6, 0x21, 0x24, 0x21, 0x04, 0x9C, 0xF3, 0x02, 0xFF, 0x83, 0xB5, 0xB6, 0x39,
    0xE7, 0x04, 0xFF, 0x81, 0x00, 0x20, 0x06, 0x00, 0x81, 0x8C, 0x71, 0x02, 0xFF, 0x83, 0xB5, 0xB6,
    0x52, 0x8A, 0x02, 0xFF, 0x81, 0xF7, 0x9E, 0x08, 0x00, 0x81, 0x8C, 0x71, 0x02, 0xFF, 0x83, 0xB5,
    0xB6, 0x52, 0x8A, 0x02, 0xFF, 0x81, 0xEF, 0x7D, 0x08, 0x00, 0x81, 0x8C, 0x71, 0x02, 0xFF, 0x83,
    0xB5, 0xB6, 0x52, 0x8A, 0x02, 0xFF, 0x81, 0xEF, 0x7D, 0x08, 0x00, 0x81, 0x8C, 0x71, 0x02, 0xFF,
    0x83, 0xB5, 0xB6, 0x52, 0x8A, 0x02, 0xFF, 0x81, 0xEF, 0x7D, 0x08, 0x00, 0x81, 0x8C, 0x71, 0x02,
    0xFF, 0x83, 0xB5, 0xB6, 0x52, 0x8A, 0x02, 0xFF, 0x81, 0xF7, 0x9E, 0x08, 0x00, 0x81, 0x8C, 0x71,
    0x02, 0xFF, 0x83, 0xB5, 0xB6, 0x39, 0xE7, 0x04, 0xFF, 0x81, 0x00, 0x20, 0x06, 0x00, 0x81, 0x8C,
    0x71, 0x02, 0xFF, 0x85, 0xB5, 0xB6, 0x10, 0xA2, 0xFF, 0xDF, 0x02, 0xFF, 0x89, 0x7B, 0xEF, 0x21,
    0x04, 0x18, 0xE3, 0x18, 0xE3, 0x9C, 0xF3, 0x02, 0xFF, 0x81, 0xB5, 0xB6, 0x02, 0x00, 0x83, 0x63,
    0x0C, 0xE7, 0x1C, 0x0C, 0xFF, 0x81, 0xB5, 0xB6, 0x0E, 0x00, 0x81, 0x8C, 0x71, 0x02, 0xFF, 0x81,
    0xB5, 0xB6, 0x0E, 0x00, 0x81, 0x8C, 0x71, 0x02, 0xFF, 0x81, 0xB5, 0xB6, 0x0E, 0x00, 0x81, 0x8C,
    0x71, 0x02, 0xFF, 0x81, 0xB5, 0xB6, 0x0E, 0x00, 0x81, 0x8C, 0x71, 0x02, 0xFF, 0x81, 0xB5, 0xB6,
    0x7B, 0x00, 0x86, 0x20, 0x73, 0x8E, 0xD6, 0x9A, 0xF7, 0x9E, 0x08, 0xFF, 0x81, 0x63, 0x0C, 0x02,
    0x00, 0x81, 0x84, 0x10, 0x02, 0xFF, 0x8D, 0xC6, 0x38, 0x31, 0xA6, 0x21, 0x24, 0x21, 0x04, 0x21,
    0x04, 0x21, 0x04, 0x08, 0x61, 0x02, 0x00, 0x81, 0xE7, 0x1C, 0x02, 0xFF, 0x81, 0x5A, 0xEB, 0x0E,
    0x00, 0x04, 0xFF, 0x81, 0x4A, 0x69, 0x0E, 0x00, 0x04, 0xFF, 0x81, 0x4A, 0x49, 0x0E, 0x00, 0x04,
    0xFF, 0x81, 0x4A, 0x49, 0x0E, 0x00, 0x04, 0xFF, 0x81, 0x4A, 0x49, 0x0E, 0x00, 0x04, 0xFF, 0x81,
    0x4A, 0x49, 0x0E, 0x00, 0x04, 0xFF, 0x81, 0x4A, 0x49, 0x0E, 0x00, 0x04, 0xFF, 0x81, 0x4A, 0x49,
    0x0E, 0x00, 0x04, 0xFF, 0x81, 0x4A, 0x49, 0x5C, 0x00, 0x7A, 0x00, 0x83, 0x7B, 0xCF, 0xE7, 0x1C,
    0x0C, 0xFF, 0x83, 0x18, 0xE3, 0x39, 0xE7, 0x02, 0xFF, 0x91, 0xDE, 0xFB, 0x31, 0xA6, 0x21, 0x04,
    0x21, 0x04, 0x21, 0x04, 0x21, 0x04, 0x21, 0x04, 0x00, 0x20, 0x7B, 0xCF, 0x02, 0xFF, 0x81, 0x8C,
    0x51, 0x0E, 0x00, 0x81, 0x7B, 0xEF, 0x02, 0xFF, 0x81, 0xA5, 0x34, 0x0E, 0x00, 0x81, 0x39, 0xC7,
    0x04, 0xFF, 0x8B, 0xB5, 0x96, 0x9C, 0xF3, 0x9C, 0xF3, 0x9C, 0xF3, 0x9C, 0xD3, 0x52, 0xAA, 0x04,
    0x00, 0x83, 0x73, 0xAE, 0xEF, 0x7D, 0x0C, 0xFF, 0x81, 0x63, 0x2C, 0x0E, 0x00, 0x81, 0x5A, 0xEB,
    0x02, 0xFF, 0x81, 0xCE, 0x59, 0x0E, 0x00, 0x81, 0x08, 0x61, 0x02, 0xFF, 0x81, 0xEF, 0x5D, 0x0E,
    0x00, 0x81, 0x18, 0xC3, 0x02, 0xFF, 0x91, 0xDE, 0xDB, 0x00, 0x20, 0x18, 0xE3, 0x18, 0xE3, 0x18,
    0xE3, 0x18, 0xE3, 0x18, 0xE3, 0x21, 0x04, 0x8C, 0x51, 0x02, 0xFF, 0x83, 0x9C, 0xD3, 0x21, 0x24,
    0x0E, 0xFF, 0x83, 0xC6, 0x38, 0x18, 0xC3, 0x50, 0x00, 0x42, 0x00, 0x81, 0x6B, 0x6D, 0x02, 0xFF,
    0x81, 0xD6, 0xBA, 0x0E, 0x00, 0x81, 0x6B, 0x6D, 0x02, 0xFF, 0x81, 0xD6, 0xBA, 0x0E, 0x00, 0x81,
    0x6B, 0x6D, 0x02, 0xFF, 0x81, 0xD6, 0xBA, 0x08, 0x00, 0x81, 0x39, 0xE7, 0x10, 0xFF, 0x89, 0x94,
    0xB2, 0x08, 0x41, 0x21, 0x04, 0x21, 0x04, 0x84, 0x30, 0x02, 0xFF, 0x89, 0xDE, 0xFB, 0x21, 0x04,
    0x21, 0x04, 0x21, 0x04, 0x10, 0xA2, 0x06, 0x00, 0x81, 0x6B, 0x6D, 0x02, 0xFF, 0x81, 0xD6, 0xBA,
    0x0E, 0x00, 0x81, 0x6B, 0x6D, 0x02, 0xFF, 0x81, 0xD6, 0xBA, 0x0E, 0x00, 0x81, 0x6B, 0x6D, 0x02,
    0xFF, 0x81, 0xD6, 0xBA, 0x0E, 0x00, 0x81, 0x6B, 0x6D, 0x02, 0xFF, 0x81, 0xD6, 0xBA, 0x0E, 0x00,
    0x81, 0x6B, 0x6D, 0x02, 0xFF, 0x81, 0xD6, 0xBA, 0x0E, 0x00, 0x81, 0x6B, 0x6D, 0x02, 0xFF, 0x81,
    0xDE, 0xDB, 0x0E, 0x00, 0x81, 0x6B, 0x4D, 0x02, 0xFF, 0x81, 0xE7, 0x1C, 0x0E, 0x00, 0x81, 0x52,
    0x8A, 0x04, 0xFF, 0x83, 0x63, 0x0C, 0x21, 0x24, 0x0B, 0x00, 0x84, 0x20, 0xAD, 0x75, 0xEF, 0x7D,
    0x03, 0xFF, 0x80, 0xDF, 0x54, 0x00, 0x78, 0x00, 0x81, 0x63, 0x0C, 0x02, 0xFF, 0x81, 0xD6, 0xBA,
    0x08, 0x00, 0x81, 0x84, 0x10, 0x02, 0xFF, 0x83, 0xCE, 0x59, 0x63, 0x0C, 0x02, 0xFF, 0x81, 0xD6,
    0xBA, 0x08, 0x00, 0x81, 0x84, 0x10, 0x02, 0xFF, 0x83, 0xCE, 0x59, 0x63, 0x0C, 0x02, 0xFF, 0x81,
    0xD6, 0xBA, 0x08, 0x00, 0x81, 0x84, 0x10, 0x02, 0xFF, 0x83, 0xCE, 0x59, 0x63, 0x0C, 0x02, 0xFF,
    0x81, 0xD6, 0xBA, 0x08, 0x00, 0x81, 0x84, 0x10, 0x02, 0xFF, 0x83, 0xCE, 0x59, 0x63, 0x0C, 0x02,
    0xFF, 0x81, 0xD6, 0xBA, 0x08, 0x00, 0x81, 0x84, 0x10, 0x02, 0xFF, 0x83, 0xCE, 0x59, 0x63, 0x0C,
    0x02, 0xFF, 0x81, 0xD6, 0xBA, 0x08, 0x00, 0x81, 0x84, 0x10, 0x02, 0xFF, 0x83, 0xCE, 0x59, 0x63,
    0x0C, 0x02, 0xFF, 0x81, 0xD6, 0xBA, 0x08, 0x00, 0x81, 0x84, 0x10, 0x02, 0xFF, 0x83, 0xCE, 0x59,
    0x63, 0x0C, 0x02, 0xFF, 0x81, 0xDE, 0xDB, 0x08, 0x00, 0x81, 0x84, 0x10, 0x02, 0xFF, 0x83, 0xCE,
    0x59, 0x52, 0xAA, 0x02, 0xFF, 0x81, 0xEF, 0x7D, 0x08, 0x00, 0x81, 0x84, 0x10, 0x02, 0xFF, 0x83,
    0xCE, 0x59, 0x29, 0x65, 0x04, 0xFF, 0x89, 0x73, 0x8E, 0x21, 0x04, 0x18, 0xE3, 0x18, 0xE3, 0x94,
    0x92, 0x02, 0xFF, 0x81, 0xCE, 0x59, 0x02, 0x00, 0x83, 0x84, 0x10, 0xEF, 0x5D, 0x0C, 0xFF, 0x81,
    0xCE, 0x59, 0x50, 0x00, 0x7F, 0x00, 0x05, 0x00, 0x81, 0x84, 0x10, 0x02, 0xFF, 0x81, 0xC6, 0x38,
    0x08, 0x00, 0x81, 0x6B, 0x4D, 0x02, 0xFF, 0x81, 0xE7, 0x1C, 0x02, 0x00, 0x81, 0x31, 0xA6, 0x04,
    0xFF, 0x81, 0x08, 0x61, 0x06, 0x00, 0x81, 0xAD, 0x75, 0x02, 0xFF, 0x81, 0x94, 0xB2, 0x04, 0x00,
    0x81, 0xEF, 0x5D, 0x02, 0xFF, 0x81, 0x4A, 0x49, 0x06, 0x00, 0x81, 0xEF, 0x7D, 0x02, 0xFF, 0x81,
    0x4A, 0x49, 0x04, 0x00, 0x81, 0x9C, 0xF3, 0x02, 0xFF, 0x81, 0x8C, 0x71, 0x04, 0x00, 0x81, 0x31,
    0x86, 0x02, 0xFF, 0x83, 0xF7, 0xBE, 0x08, 0x41, 0x04, 0x00, 0x81, 0x52, 0x8A, 0x02, 0xFF, 0x81,
    0xCE, 0x79, 0x04, 0x00, 0x81, 0x73, 0xAE, 0x02, 0xFF, 0x81, 0xB5, 0xB6, 0x06, 0x00, 0x83, 0x08,
    0x61, 0xFF, 0xDF, 0x02, 0xFF, 0x81, 0x10, 0x82, 0x02, 0x00, 0x81, 0xBD, 0xD7, 0x02, 0xFF, 0x81,
    0x6B, 0x4D, 0x08, 0x00, 0x81, 0xBD, 0xF7, 0x02, 0xFF, 0x85, 0x52, 0x8A, 0x00, 0x20, 0xF7, 0xBE,
    0x02, 0xFF, 0x81, 0x18, 0xE3, 0x08, 0x00, 0x81, 0x73, 0x8E, 0x02, 0xFF, 0x83, 0x94, 0x92, 0x39,
    0xE7, 0x02, 0xFF, 0x81, 0xD6, 0x9A, 0x0A, 0x00, 0x81, 0x21, 0x24, 0x02, 0xFF, 0x83, 0xD6, 0x9A,
    0x84, 0x10, 0x02, 0xFF, 0x81, 0x84, 0x30, 0x0C, 0x00, 0x81, 0xDE, 0xDB, 0x02, 0xFF, 0x81, 0xDE,
    0xDB, 0x02, 0xFF, 0x81, 0x39, 0xE7, 0x0C, 0x00, 0x81, 0x8C, 0x71, 0x04, 0xFF, 0x81, 0xEF, 0x7D,
    0x60, 0x00, 0x7F, 0x00, 0x05, 0x00, 0x81, 0xCE, 0x59, 0x02, 0xFF, 0x81, 0x84, 0x10, 0x08, 0x00,
    0x81, 0x21, 0x24, 0x04, 0xFF, 0x83, 0x21, 0x04, 0x9C, 0xF3, 0x02, 0xFF, 0x81, 0x9C, 0xD3, 0x08,
    0x00, 0x81, 0x42, 0x08, 0x03, 0xFF, 0x80, 0xDF, 0x02, 0x00, 0x81, 0x73, 0xAE, 0x02, 0xFF, 0x81,
    0xB5, 0xB6, 0x03, 0x00, 0x82, 0x20, 0x08, 0x61, 0x02, 0x00, 0x81, 0x5A, 0xCB, 0x02, 0xFF, 0x81,
    0xD6, 0xBA, 0x02, 0x00, 0x81, 0x4A, 0x69, 0x02, 0xFF, 0x81, 0xCE, 0x79, 0x02, 0x00, 0x83, 0x84,
    0x10, 0xE7, 0x3C, 0x02, 0x00, 0x81, 0x73, 0xAE, 0x02, 0xFF, 0x81, 0xAD, 0x75, 0x02, 0x00, 0x81,
    0x21, 0x24, 0x02, 0xFF, 0x81, 0xEF, 0x5D, 0x02, 0x00, 0x81, 0xAD, 0x75, 0x02, 0xFF, 0x83, 0x08,
    0x61, 0x94, 0x92, 0x02, 0xFF, 0x81, 0x84, 0x30, 0x03, 0x00, 0x82, 0x20, 0xFF, 0xDF, 0x02, 0xFF,
    0x83, 0x00, 0x20, 0xD6, 0xBA, 0x02, 0xFF, 0x83, 0x31, 0xA6, 0xAD, 0x75, 0x02, 0xFF, 0x81, 0x5A,
    0xEB, 0x04, 0x00, 0x81, 0xD6, 0xBA, 0x02, 0xFF, 0x89, 0x21, 0x24, 0xFF, 0xDF, 0xCE, 0x79, 0x5A,
    0xEB, 0xC6, 0x38, 0x02, 0xFF, 0x81, 0x31, 0xA6, 0x04, 0x00, 0x81, 0xAD, 0x75, 0x02, 0xFF, 0x89,
    0x63, 0x2C, 0xF7, 0x9E, 0x94, 0xB2, 0x84, 0x30, 0xE7, 0x1C, 0x02, 0xFF, 0x81, 0x08, 0x61, 0x04,
    0x00, 0x81, 0x84, 0x30, 0x02, 0xFF, 0x8B, 0xAD, 0x55, 0xCE, 0x79, 0x73, 0x8E, 0xAD, 0x75, 0xFF,
    0xDF, 0xE7, 0x3C, 0x06, 0x00, 0x81, 0x5A, 0xEB, 0x02, 0xFF, 0x87, 0xEF, 0x5D, 0xAD, 0x55, 0x4A,
    0x49, 0xEF, 0x5D, 0x02, 0xFF, 0x81, 0xBD, 0xF7, 0x06, 0x00, 0x81, 0x31, 0xA6, 0x04, 0xFF, 0x83,
    0x8C, 0x51, 0x21, 0x24, 0x04, 0xFF, 0x81, 0x94, 0xB2, 0x5C, 0x00, 0x78, 0x00, 0x87, 0x29, 0x65,
    0xFF, 0xDF, 0xF7, 0x9E, 0x18, 0xC3, 0x06, 0x00, 0x81, 0x84, 0x10, 0x02, 0xFF, 0x81, 0x8C, 0x51,
    0x02, 0x00, 0x81, 0x84, 0x30, 0x02, 0xFF, 0x81, 0xA5, 0x14, 0x04, 0x00, 0x87, 0x21, 0x24, 0xFF,
    0xDF, 0xDE, 0xDB, 0x08, 0x41, 0x02, 0x00, 0x83, 0x08, 0x41, 0xDE, 0xDB, 0x02, 0xFF, 0x81, 0x39,
    0xC7, 0x02, 0x00, 0x81, 0xBD, 0xF7, 0x02, 0xFF, 0x81, 0x39, 0xE7, 0x06, 0x00, 0x81, 0x42, 0x08,
    0x02, 0xFF, 0x83, 0xCE, 0x59, 0x5A, 0xEB, 0x02, 0xFF, 0x81, 0x94, 0x92, 0x0A, 0x00, 0x81, 0x9C,
    0xF3, 0x03, 0xFF, 0x84, 0xDF, 0xDE, 0xFB, 0x08, 0x41, 0x0A, 0x00, 0x81, 0x29, 0x45, 0x04, 0xFF,
    0x81, 0x84, 0x10, 0x0C, 0x00, 0x81, 0xA5, 0x34, 0x02, 0xFF, 0x85, 0xF7, 0xBE, 0xF7, 0x9E, 0x18,
    0xC3, 0x08, 0x00, 0x81, 0x42, 0x28, 0x02, 0xFF, 0x83, 0xBD, 0xF7, 0x63, 0x2C, 0x02, 0xFF, 0x81,
    0xAD, 0x55, 0x06, 0x00, 0x83, 0x08, 0x41, 0xDE, 0xFB, 0x02, 0xFF, 0x81, 0x29, 0x65, 0x02, 0x00,
    0x81, 0xD6, 0x9A, 0x02, 0xFF, 0x81, 0x4A, 0x49, 0x04, 0x00, 0x81, 0x84, 0x30, 0x02, 0xFF, 0x81,
    0x94, 0xB2, 0x04, 0x00, 0x81, 0x42, 0x08, 0x02, 0xFF, 0x8B, 0xDE, 0xFB, 0x08, 0x41, 0x29, 0x65,
    0xFF, 0xDF, 0xF7, 0x9E, 0x10, 0xA2, 0x06, 0x00, 0x81, 0xAD, 0x75, 0x02, 0xFF, 0x81, 0x8C, 0x51,
    0x50, 0x00, 0x7F, 0x00, 0x05, 0x00, 0x81, 0x94, 0x92, 0x02, 0xFF, 0x81, 0xEF, 0x5D, 0x0A, 0x00,
    0x87, 0xD6, 0x9A, 0xEF, 0x7D, 0x08, 0x41, 0x31, 0x86, 0x04, 0xFF, 0x81, 0x42, 0x08, 0x06, 0x00,
    0x81, 0x29, 0x45, 0x02, 0xFF, 0x81, 0x94, 0xB2, 0x04, 0x00, 0x81, 0xD6, 0x9A, 0x02, 0xFF, 0x81,
    0x94, 0xB2, 0x06, 0x00, 0x81, 0x84, 0x10, 0x02, 0xFF, 0x81, 0x31, 0xA6, 0x04, 0x00, 0x81, 0x6B,
    0x6D, 0x02, 0xFF, 0x81, 0xEF, 0x5D, 0x06, 0x00, 0x83, 0xDE, 0xDB, 0xD6, 0xBA, 0x06, 0x00, 0x83,
    0x10, 0xA2, 0xFF, 0xDF, 0x02, 0xFF, 0x81, 0x42, 0x08, 0x02, 0x00, 0x81, 0x31, 0x86, 0x02, 0xFF,
    0x81, 0x73, 0xAE, 0x08, 0x00, 0x81, 0xAD, 0x75, 0x02, 0xFF, 0x81, 0x94, 0xB2, 0x02, 0x00, 0x81,
    0x8C, 0x71, 0x02, 0xFF, 0x81, 0x18, 0xC3, 0x08, 0x00, 0x81, 0x4A, 0x49, 0x02, 0xFF, 0x87, 0xEF,
    0x5D, 0x00, 0x20, 0xE7, 0x1C, 0xB5, 0xB6, 0x0C, 0x00, 0x81, 0xE7, 0x3C, 0x02, 0xFF, 0x81, 0x7B,
    0xEF, 0x02, 0xFF, 0x81, 0x52, 0xAA, 0x0C, 0x00, 0x81, 0x8C, 0x51, 0x03, 0xFF, 0x84, 0xDF, 0xEF,
    0x7D, 0x08, 0x41, 0x0C, 0x00, 0x81, 0x29, 0x45, 0x04, 0xFF, 0x81, 0x94, 0xB2, 0x10, 0x00, 0x81,
    0xC6, 0x38, 0x02, 0xFF, 0x81, 0x31, 0xA6, 0x10, 0x00, 0x83, 0xDE, 0xFB, 0xD6, 0xBA, 0x10, 0x00,
    0x81, 0x4A, 0x69, 0x02, 0xFF, 0x81, 0x73, 0xAE, 0x10, 0x00, 0x81, 0xB5, 0xB6, 0x02, 0xFF, 0x81,
    0x18, 0xC3, 0x0E, 0x00, 0x81, 0x21, 0x24, 0x02, 0xFF, 0x81, 0xB5, 0xB6, 0x0C, 0x00, 0x78, 0x00,
    0x81, 0x10, 0x82, 0x10, 0xFF, 0x81, 0x6B, 0x6D, 0x02, 0x00, 0x8B, 0x21, 0x04, 0x21, 0x04, 0x21,
    0x04, 0x21, 0x04, 0x21, 0x04, 0x5A, 0xEB, 0x02, 0xFF, 0x83, 0xF7, 0xBE, 0x21, 0x24, 0x0A, 0x00,
    0x83, 0x08, 0x41, 0xDE, 0xDB, 0x02, 0xFF, 0x81, 0x7B, 0xCF, 0x0C, 0x00, 0x81, 0x8C, 0x71, 0x02,
    0xFF, 0x83, 0xCE, 0x79, 0x00, 0x20, 0x0A, 0x00, 0x81, 0x39, 0xC7, 0x03, 0xFF, 0x82, 0xDF, 0x31,
    0x86, 0x0A, 0x00, 0x83, 0x08, 0x41, 0xDE, 0xDB, 0x02, 0xFF, 0x81, 0x84, 0x30, 0x0C, 0x00, 0x81,
    0x8C, 0x51, 0x02, 0xFF, 0x83, 0xDE, 0xDB, 0x00, 0x20, 0x0A, 0x00, 0x81, 0x31, 0xA6, 0x04, 0xFF,
    0x81, 0x39, 0xE7, 0x0B, 0x00, 0x82, 0x20, 0xD6, 0xBA, 0x02, 0xFF, 0x81, 0x94, 0x92, 0x0C, 0x00,
    0x81, 0x84, 0x30, 0x02, 0xFF, 0x8F, 0xEF, 0x7D, 0x29, 0x65, 0x18, 0xE3, 0x18, 0xE3, 0x18, 0xE3,
    0x18, 0xE3, 0x08, 0x61, 0x08, 0x61, 0x10, 0xFF, 0x81, 0x6B, 0x6D, 0x50, 0x00, 0x0E, 0x00, 0x83,
    0x10, 0xA2, 0x10, 0x82, 0x0C, 0x00, 0x83, 0x6B, 0x6D, 0xE7, 0x3C, 0x02, 0xFF, 0x81, 0x84, 0x10,
    0x0A, 0x00, 0x81, 0x8C, 0x71, 0x02, 0xFF, 0x83, 0x8C, 0x51, 0x08, 0x61, 0x0A, 0x00, 0x81, 0x10,
    0x82, 0x02, 0xFF, 0x81, 0xD6, 0xBA, 0x0E, 0x00, 0x81, 0x42, 0x08, 0x02, 0xFF, 0x81, 0xA5, 0x34,
    0x0E, 0x00, 0x81, 0x42, 0x08, 0x02, 0xFF, 0x81, 0xA5, 0x14, 0x0E, 0x00, 0x81, 0x42, 0x08, 0x02,
    0xFF, 0x81, 0xA5, 0x14, 0x0E, 0x00, 0x81, 0x42, 0x08, 0x02, 0xFF, 0x81, 0xA5, 0x14, 0x0E, 0x00,
    0x81, 0x52, 0x8A, 0x02, 0xFF, 0x81, 0x9C, 0xD3, 0x0E, 0x00, 0x81, 0xA5, 0x34, 0x02, 0xFF, 0x81,
    0x42, 0x08, 0x0C, 0x00, 0x85, 0x8C, 0x71, 0xF7, 0xBE, 0x4A, 0x69, 0x0E, 0x00, 0x85, 0x63, 0x2C,
    0xF7, 0xBE, 0x73, 0x8E, 0x10, 0x00, 0x81, 0x8C, 0x71, 0x02, 0xFF, 0x81, 0x5A, 0xCB, 0x0E, 0x00,
    0x81, 0x4A, 0x49, 0x02, 0xFF, 0x81, 0xA5, 0x14, 0x0E, 0x00, 0x81, 0x42, 0x08, 0x02, 0xFF, 0x81,
    0xA5, 0x14, 0x0E, 0x00, 0x81, 0x42, 0x08, 0x02, 0xFF, 0x81, 0xA5, 0x14, 0x0E, 0x00, 0x81, 0x42,
    0x08, 0x02, 0xFF, 0x81, 0xA5, 0x14, 0x0E, 0x00, 0x81, 0x42, 0x08, 0x02, 0xFF, 0x81, 0xA5, 0x34,
    0x0E, 0x00, 0x81, 0x10, 0xA2, 0x02, 0xFF, 0x81, 0xB5, 0xB6, 0x10, 0x00, 0x89, 0x94, 0xB2, 0xFF,
    0xDF, 0x63, 0x0C, 0x29, 0x65, 0x10, 0x82, 0x0C, 0x00, 0x87, 0x63, 0x0C, 0xC6, 0x38, 0xEF, 0x5D,
    0x84, 0x10, 0x02, 0x00, 0x1C, 0x00, 0x81, 0xA5, 0x14, 0x02, 0xFF, 0x10, 0x00, 0x81, 0xA5, 0x14,
    0x02, 0xFF, 0x10, 0x00, 0x81, 0xA5, 0x14, 0x02, 0xFF, 0x10, 0x00, 0x81, 0xA5, 0x14, 0x02, 0xFF,
    0x10, 0x00, 0x81, 0xA5, 0x14, 0x02, 0xFF, 0x10, 0x00, 0x81, 0xA5, 0x14, 0x02, 0xFF, 0x10, 0x00,
    0x81, 0xA5, 0x14, 0x02, 0xFF, 0x10, 0x00, 0x81, 0xA5, 0x14, 0x02, 0xFF, 0x10, 0x00, 0x81, 0xA5,
    0x14, 0x02, 0xFF, 0x10, 0x00, 0x81, 0xA5, 0x14, 0x02, 0xFF, 0x10, 0x00, 0x81, 0xA5, 0x14, 0x02,
    0xFF, 0x10, 0x00, 0x81, 0xA5, 0x14, 0x02, 0xFF, 0x10, 0x00, 0x81, 0xA5, 0x14, 0x02, 0xFF, 0x10,
    0x00, 0x81, 0xA5, 0x14, 0x02, 0xFF, 0x10, 0x00, 0x81, 0xA5, 0x14, 0x02, 0xFF, 0x10, 0x00, 0x81,
    0xA5, 0x14, 0x02, 0xFF, 0x10, 0x00, 0x81, 0xA5, 0x14, 0x02, 0xFF, 0x10, 0x00, 0x81, 0xA5, 0x14,
    0x02, 0xFF, 0x10, 0x00, 0x81, 0xA5, 0x14, 0x02, 0xFF, 0x10, 0x00, 0x81, 0xA5, 0x14, 0x02, 0xFF,
    0x08, 0x00, 0x03, 0x00, 0x82, 0x20, 0x18, 0xE3, 0x10, 0x00, 0x81, 0x18, 0xE3, 0x02, 0xFF, 0x85,
    0xF7, 0xBE, 0xA5, 0x14, 0x18, 0xC3, 0x0E, 0x00, 0x87, 0x42, 0x28, 0xF7, 0x9E, 0xD6, 0xBA, 0x08,
    0x61, 0x0E, 0x00, 0x81, 0x7B, 0xEF, 0x02, 0xFF, 0x81, 0x6B, 0x4D, 0x0E, 0x00, 0x81, 0x42, 0x28,
    0x02, 0xFF, 0x81, 0x9C, 0xD3, 0x0E, 0x00, 0x81, 0x42, 0x08, 0x02, 0xFF, 0x81, 0x9C, 0xF3, 0x0E,
    0x00, 0x81, 0x42, 0x08, 0x02, 0xFF, 0x81, 0x9C, 0xF3, 0x0E, 0x00, 0x81, 0x42, 0x08, 0x02, 0xFF,
    0x81, 0x9C, 0xF3, 0x0E, 0x00, 0x81, 0x39, 0xC7, 0x02, 0xFF, 0x81, 0xAD, 0x75, 0x0F, 0x00, 0x86,
    0x20, 0xDE, 0xDB, 0xF7, 0x9E, 0x08, 0x41, 0x0E, 0x00, 0x87, 0x18, 0xC3, 0xCE, 0x79, 0xD6, 0x9A,
    0x21, 0x04, 0x0C, 0x00, 0x87, 0x31, 0x86, 0xE7, 0x1C, 0xAD, 0x75, 0x10, 0x82, 0x0A, 0x00, 0x85,
    0x08, 0x61, 0xEF, 0x7D, 0xE7, 0x3C, 0x0E, 0x00, 0x81, 0x42, 0x08, 0x02, 0xFF, 0x81, 0xA5, 0x34,
    0x0E, 0x00, 0x81, 0x42, 0x08, 0x02, 0xFF, 0x81, 0x9C, 0xF3, 0x0E, 0x00, 0x81, 0x42, 0x08, 0x02,
    0xFF, 0x81, 0x9C, 0xF3, 0x0E, 0x00, 0x81, 0x42, 0x08, 0x02, 0xFF, 0x81, 0x9C, 0xF3, 0x0E, 0x00,
    0x81, 0x42, 0x28, 0x02, 0xFF, 0x81, 0x9C, 0xF3, 0x0E, 0x00, 0x81, 0x5A, 0xEB, 0x02, 0xFF, 0x81,
    0x73, 0x8E, 0x09, 0x00, 0x8A, 0x20, 0x21, 0x24, 0x42, 0x28, 0xD6, 0xBA, 0xDE, 0xFB, 0x10, 0xA2,
    0x08, 0x00, 0x89, 0x18, 0xE3, 0xF7, 0xBE, 0xD6, 0xBA, 0x8C, 0x51, 0x10, 0xA2, 0x08, 0x00, 0x7F,
    0x00, 0x25, 0x00, 0x81, 0xBD, 0xF7, 0x02, 0xFF, 0x83, 0xE7, 0x1C, 0x29, 0x45, 0x02, 0x00, 0x83,
    0x84, 0x30, 0xCE, 0x59, 0x04, 0x00, 0x81, 0x42, 0x08, 0x02, 0xFF, 0x8B, 0x4A, 0x49, 0x94, 0xB2,
    0xD6, 0xBA, 0x21, 0x04, 0xCE, 0x59, 0x94, 0x92, 0x04, 0x00, 0x83, 0x73, 0xAE, 0xEF, 0x7D, 0x03,
    0x00, 0x82, 0x20, 0xCE, 0x79, 0x03, 0xFF, 0x82, 0xDF, 0x31, 0xA6, 0x04, 0x00, 0x83, 0x84, 0x30,
    0xD6, 0xBA, 0x05, 0x00, 0x84, 0x20, 0x31, 0xA6, 0x18, 0xC3, 0x7F, 0x00, 0x39, 0x00,
};
// clang-format on
