// Copyright 2025 QMK -- generated source code only, image retains original copyright
// SPDX-License-Identifier: GPL-2.0-or-later

// This file was auto-generated by `qmk painter-convert-graphics -i d48jsqjz.png -f rgb565`

#include <qp.h>

const uint32_t gfx_d48jsqjz_length = 25395;

// clang-format off
const uint8_t gfx_d48jsqjz[25395] = {
    0x00, 0xFF, 0x12, 0x00, 0x00, 0x51, 0x47, 0x46, 0x01, 0x33, 0x63, 0x00, 0x00, 0xCC, 0x9C, 0xFF,
    0xFF, 0x40, 0x01, 0xF0, 0x00, 0x01, 0x00, 0x01, 0xFE, 0x04, 0x00, 0x00, 0x20, 0x00, 0x00, 0x00,
    0x02, 0xFD, 0x06, 0x00, 0x00, 0x08, 0x00, 0x01, 0xFF, 0xE8, 0x03, 0x05, 0xFA, 0x03, 0x63, 0x00,
    0x7F, 0x00, 0x6D, 0x00, 0x87, 0x39, 0xC6, 0x39, 0xC6, 0x63, 0x4D, 0x63, 0x4D, 0x0C, 0x00, 0x8B,
    0x39, 0xC6, 0x39, 0xC6, 0x52, 0x8A, 0x52, 0x8A, 0x63, 0x4D, 0x63, 0x4D, 0x0C, 0x00, 0x87, 0x39,
    0xC6, 0x39, 0xC6, 0x63, 0x4D, 0x63, 0x4D, 0x0C, 0x00, 0x87, 0x63, 0x4D, 0x63, 0x4D, 0x39, 0xC6,
    0x39, 0xC6, 0x08, 0x00, 0x87, 0x63, 0x4D, 0x63, 0x4D, 0x52, 0x8A, 0x52, 0x8A, 0x08, 0x00, 0x87,
    0x63, 0x4D, 0x63, 0x4D, 0x63, 0x4D, 0x63, 0x4D, 0x10, 0x00, 0x87, 0x63, 0x4D, 0x63, 0x4D, 0x52,
    0x8A, 0x52, 0x8A, 0x0C, 0x00, 0x8F, 0x63, 0x4D, 0x63, 0x4D, 0x63, 0x4D, 0x63, 0x4D, 0x52, 0x8A,
    0x52, 0x8A, 0x31, 0x44, 0x31, 0x44, 0x0C, 0x00, 0x8B, 0x63, 0x4D, 0x63, 0x4D, 0x63, 0x4D, 0x63,
    0x4D, 0x31, 0x44, 0x31, 0x44, 0x7F, 0x00, 0x7F, 0x00, 0x7F, 0x00, 0x4F, 0x00, 0x8B, 0x52, 0x8A,
    0x52, 0x8A, 0x52, 0x8A, 0x52, 0x8A, 0x63, 0x4D, 0x63, 0x4D, 0x0C, 0x00, 0x87, 0x52, 0x8A, 0x52,
    0x8A, 0x63, 0x4D, 0x63, 0x4D, 0x08, 0x00, 0x87, 0x39, 0xC6, 0x39, 0xC6, 0x63, 0x4D, 0x63, 0x4D,
    0x10, 0x00, 0x8B, 0x63, 0x4D, 0x63, 0x4D, 0x52, 0x8A, 0x52, 0x8A, 0x31, 0x44, 0x31, 0x44, 0x08,
    0x00, 0x87, 0x52, 0x8A, 0x52, 0x8A, 0x31, 0x44, 0x31, 0x44, 0x04, 0x00, 0x87, 0x63, 0x4D, 0x63,
    0x4D, 0x52, 0x8A, 0x52, 0x8A, 0x0C, 0x00, 0x8B, 0x63, 0x4D, 0x63, 0x4D, 0x63, 0x4D, 0x63, 0x4D,
    0x52, 0x8A, 0x52, 0x8A, 0x0C, 0x00, 0x8B, 0x63, 0x4D, 0x63, 0x4D, 0x63, 0x4D, 0x63, 0x4D, 0x31,
    0x44, 0x31, 0x44, 0x0C, 0x00, 0x8B, 0x63, 0x4D, 0x63, 0x4D, 0x63, 0x4D, 0x63, 0x4D, 0x31, 0x44,
    0x31, 0x44, 0x7F, 0x00, 0x7F, 0x00, 0x7F, 0x00, 0x53, 0x00, 0x8B, 0x52, 0x8A, 0x52, 0x8A, 0x52,
    0x8A, 0x52, 0x8A, 0x63, 0x4D, 0x63, 0x4D, 0x0C, 0x00, 0x87, 0x52, 0x8A, 0x52, 0x8A, 0x63, 0x4D,
    0x63, 0x4D, 0x08, 0x00, 0x87, 0x39, 0xC6, 0x39, 0xC6, 0x63, 0x4D, 0x63, 0x4D, 0x10, 0x00, 0x8B,
    0x63, 0x4D, 0x63, 0x4D, 0x52, 0x8A, 0x52, 0x8A, 0x31, 0x44, 0x31, 0x44, 0x08, 0x00, 0x87, 0x52,
    0x8A, 0x52, 0x8A, 0x31, 0x44, 0x31, 0x44, 0x04, 0x00, 0x87, 0x63, 0x4D, 0x63, 0x4D, 0x52, 0x8A,
    0x52, 0x8A, 0x0C, 0x00, 0x8B, 0x63, 0x4D, 0x63, 0x4D, 0x63, 0x4D, 0x63, 0x4D, 0x52, 0x8A, 0x52,
    0x8A, 0x0C, 0x00, 0x8B, 0x63, 0x4D, 0x63, 0x4D, 0x63, 0x4D, 0x63, 0x4D, 0x31, 0x44, 0x31, 0x44,
    0x0C, 0x00, 0x8B, 0x63, 0x4D, 0x63, 0x4D, 0x63, 0x4D, 0x63, 0x4D, 0x31, 0x44, 0x31, 0x44, 0x7F,
    0x00, 0x7F, 0x00, 0x7F, 0x00, 0x57, 0x00, 0x87, 0x39, 0xC6, 0x39, 0xC6, 0x9C, 0xDE, 0x9C, 0xDE,
    0x0C, 0x00, 0x8B, 0x39, 0xC6, 0x39, 0xC6, 0x63, 0x4D, 0x63, 0x4D, 0x63, 0x4D, 0x63, 0x4D, 0x04,
    0x00, 0x87, 0x39, 0xC6, 0x39, 0xC6, 0x63, 0x4D, 0x63, 0x4D, 0x10, 0x00, 0x8B, 0x63, 0x4D, 0x63,
    0x4D, 0x63, 0x4D, 0x63, 0x4D, 0x31, 0x44, 0x31, 0x44, 0x08, 0x00, 0x87, 0x63, 0x4D, 0x63, 0x4D,
    0x52, 0x8A, 0x52, 0x8A, 0x04, 0x00, 0x87, 0x63, 0x4D, 0x63, 0x4D, 0x52, 0x8A, 0x52, 0x8A, 0x0C,
    0x00, 0x8B, 0x63, 0x4D, 0x63, 0x4D, 0xF7, 0x93, 0xF7, 0x93, 0x39, 0xC6, 0x39, 0xC6, 0x0C, 0x00,
    0x9F, 0x63, 0x4D, 0x63, 0x4D, 0x52, 0x8A, 0x52, 0x8A, 0x63, 0x0B, 0x63, 0x0B, 0x63, 0x4D, 0x63,
    0x4D, 0x63, 0x4D, 0x63, 0x4D, 0x63, 0x4D, 0x63, 0x4D, 0x63, 0x4D, 0x63, 0x4D, 0x52, 0x8A, 0x52,
    0x8A, 0x14, 0x00, 0x8B, 0x63, 0x4D, 0x63, 0x4D, 0x63, 0x4D, 0x63, 0x4D, 0x39, 0xC6, 0x39, 0xC6,
    0x7F, 0x00, 0x7F, 0x00, 0x7F, 0x00, 0x3B, 0x00, 0x87, 0x39, 0xC6, 0x39, 0xC6, 0x9C, 0xDE, 0x9C,
    0xDE, 0x0C, 0x00, 0x8B, 0x39, 0xC6, 0x39, 0xC6, 0x63, 0x4D, 0x63, 0x4D, 0x63, 0x4D, 0x63, 0x4D,
    0x04, 0x00, 0x87, 0x39, 0xC6, 0x39, 0xC6, 0x63, 0x4D, 0x63, 0x4D, 0x10, 0x00, 0x8B, 0x63, 0x4D,
    0x63, 0x4D, 0x63, 0x4D, 0x63, 0x4D, 0x31, 0x44, 0x31, 0x44, 0x08, 0x00, 0x87, 0x63, 0x4D, 0x63,
    0x4D, 0x52, 0x8A, 0x52, 0x8A, 0x04, 0x00, 0x87, 0x63, 0x4D, 0x63, 0x4D, 0x52, 0x8A, 0x52, 0x8A,
    0x0C, 0x00, 0x8B, 0x63, 0x4D, 0x63, 0x4D, 0xF7, 0x93, 0xF7, 0x93, 0x39, 0xC6, 0x39, 0xC6, 0x0C,
    0x00, 0x9F, 0x63, 0x4D, 0x63, 0x4D, 0x52, 0x8A, 0x52, 0x8A, 0x63, 0x0B, 0x63, 0x0B, 0x63, 0x4D,
    0x63, 0x4D, 0x63, 0x4D, 0x63, 0x4D, 0x63, 0x4D, 0x63, 0x4D, 0x63, 0x4D, 0x63, 0x4D, 0x52, 0x8A,
    0x52, 0x8A, 0x14, 0x00, 0x8B, 0x63, 0x4D, 0x63, 0x4D, 0x63, 0x4D, 0x63, 0x4D, 0x39, 0xC6, 0x39,
    0xC6, 0x7F, 0x00, 0x7F, 0x00, 0x7F, 0x00, 0x3B, 0x00, 0x8B, 0x39, 0xC6, 0x39, 0xC6, 0x63, 0x4D,
    0x63, 0x4D, 0x63, 0x4D, 0x63, 0x4D, 0x08, 0x00, 0x8B, 0x39, 0xC6, 0x39, 0xC6, 0x52, 0x8A, 0x52,
    0x8A, 0x63, 0x4D, 0x63, 0x4D, 0x04, 0x00, 0x87, 0x39, 0xC6, 0x39, 0xC6, 0x63, 0x4D, 0x63, 0x4D,
    0x10, 0x00, 0x8B, 0x63, 0x4D, 0x63, 0x4D, 0x52, 0x8A, 0x52, 0x8A, 0x31, 0x44, 0x31, 0x44, 0x0C,
    0x00, 0x8F, 0x63, 0x4D, 0x63, 0x4D, 0x31, 0x44, 0x31, 0x44, 0x63, 0x4D, 0x63, 0x4D, 0x52, 0x8A,
    0x52, 0x8A, 0x08, 0x00, 0x8B, 0x63, 0x4D, 0x63, 0x4D, 0x63, 0x4D, 0x63, 0x4D, 0x52, 0x8A, 0x52,
    0x8A, 0x10, 0x00, 0x9F, 0x63, 0x4D, 0x63, 0x4D, 0x39, 0xC6, 0x39, 0xC6, 0x63, 0x4D, 0x63, 0x4D,
    0x63, 0x4D, 0x63, 0x4D, 0x52, 0x8A, 0x52, 0x8A, 0x52, 0x8A, 0x52, 0x8A, 0x52, 0x8A, 0x52, 0x8A,
    0x31, 0x44, 0x31, 0x44, 0x10, 0x00, 0x8B, 0x63, 0x4D, 0x63, 0x4D, 0x63, 0x4D, 0x63, 0x4D, 0x39,
    0xC6, 0x39, 0xC6, 0x7F, 0x00, 0x7F, 0x00, 0x7F, 0x00, 0x3F, 0x00, 0x8B, 0x39, 0xC6, 0x39, 0xC6,
    0x63, 0x4D, 0x63, 0x4D, 0x63, 0x4D, 0x63, 0x4D, 0x08, 0x00, 0x8B, 0x39, 0xC6, 0x39, 0xC6, 0x52,
    0x8A, 0x52, 0x8A, 0x63, 0x4D, 0x63, 0x4D, 0x04, 0x00, 0x87, 0x39, 0xC6, 0x39, 0xC6, 0x63, 0x4D,
    0x63, 0x4D, 0x10, 0x00, 0x8B, 0x63, 0x4D, 0x63, 0x4D, 0x52, 0x8A, 0x52, 0x8A, 0x31, 0x44, 0x31,
    0x44, 0x0C, 0x00, 0x8F, 0x63, 0x4D, 0x63, 0x4D, 0x31, 0x44, 0x31, 0x44, 0x63, 0x4D, 0x63, 0x4D,
    0x52, 0x8A, 0x52, 0x8A, 0x08, 0x00, 0x8B, 0x63, 0x4D, 0x63, 0x4D, 0x63, 0x4D, 0x63, 0x4D, 0x52,
    0x8A, 0x52, 0x8A, 0x10, 0x00, 0x9F, 0x63, 0x4D, 0x63, 0x4D, 0x39, 0xC6, 0x39, 0xC6, 0x63, 0x4D,
    0x63, 0x4D, 0x63, 0x4D, 0x63, 0x4D, 0x52, 0x8A, 0x52, 0x8A, 0x52, 0x8A, 0x52, 0x8A, 0x52, 0x8A,
    0x52, 0x8A, 0x31, 0x44, 0x31, 0x44, 0x10, 0x00, 0x8B, 0x63, 0x4D, 0x63, 0x4D, 0x63, 0x4D, 0x63,
    0x4D, 0x39, 0xC6, 0x39, 0xC6, 0x7F, 0x00, 0x7F, 0x00, 0x7F, 0x00, 0x43, 0x00, 0x8B, 0x52, 0x8A,
    0x52, 0x8A, 0x63, 0x4D, 0x63, 0x4D, 0x63, 0x4D, 0x63, 0x4D, 0x08, 0x00, 0x93, 0x52, 0x8A, 0x52,
    0x8A, 0x52, 0x8A, 0x52, 0x8A, 0x63, 0x4D, 0x63, 0x4D, 0x39, 0xC6, 0x39, 0xC6, 0x63, 0x4D, 0x63,
    0x4D, 0x10, 0x00, 0x8B, 0x63, 0x4D, 0x63, 0x4D, 0x52, 0x8A, 0x52, 0x8A, 0x31, 0x44, 0x31, 0x44,
    0x0C, 0x00, 0x8F, 0x63, 0x4D, 0x63, 0x4D, 0x63, 0x4D, 0x63, 0x4D, 0x63, 0x4D, 0x63, 0x4D, 0x31,
    0x44, 0x31, 0x44, 0x08, 0x00, 0x8B, 0x63, 0x4D, 0x63, 0x4D, 0x63, 0x4D, 0x63, 0x4D, 0x39, 0xC6,
    0x39, 0xC6, 0x0C, 0x00, 0x93, 0x63, 0x4D, 0x63, 0x4D, 0x52, 0x8A, 0x52, 0x8A, 0x39, 0xC6, 0x39,
    0xC6, 0x63, 0x4D, 0x63, 0x4D, 0x31, 0x44, 0x31, 0x44, 0x0C, 0x00, 0x83, 0x31, 0x44, 0x31, 0x44,
    0x10, 0x00, 0x87, 0x63, 0x4D, 0x63, 0x4D, 0x39, 0xC6, 0x39, 0xC6, 0x7F, 0x00, 0x7F, 0x00, 0x7F,
    0x00, 0x47, 0x00, 0x8B, 0x52, 0x8A, 0x52, 0x8A, 0x63, 0x4D, 0x63, 0x4D, 0x63, 0x4D, 0x63, 0x4D,
    0x08, 0x00, 0x93, 0x52, 0x8A, 0x52, 0x8A, 0x52, 0x8A, 0x52, 0x8A, 0x63, 0x4D, 0x63, 0x4D, 0x39,
    0xC6, 0x39, 0xC6, 0x63, 0x4D, 0x63, 0x4D, 0x10, 0x00, 0x8B, 0x63, 0x4D, 0x63, 0x4D, 0x52, 0x8A,
    0x52, 0x8A, 0x31, 0x44, 0x31, 0x44, 0x0C, 0x00, 0x8F, 0x63, 0x4D, 0x63, 0x4D, 0x63, 0x4D, 0x63,
    0x4D, 0x63, 0x4D, 0x63, 0x4D, 0x31, 0x44, 0x31, 0x44, 0x08, 0x00, 0x8B, 0x63, 0x4D, 0x63, 0x4D,
    0x63, 0x4D, 0x63, 0x4D, 0x39, 0xC6, 0x39, 0xC6, 0x0C, 0x00, 0x93, 0x63, 0x4D, 0x63, 0x4D, 0x52,
    0x8A, 0x52, 0x8A, 0x39, 0xC6, 0x39, 0xC6, 0x63, 0x4D, 0x63, 0x4D, 0x31, 0x44, 0x31, 0x44, 0x0C,
    0x00, 0x83, 0x31, 0x44, 0x31, 0x44, 0x10, 0x00, 0x87, 0x63, 0x4D, 0x63, 0x4D, 0x39, 0xC6, 0x39,
    0xC6, 0x7F, 0x00, 0x7F, 0x00, 0x7F, 0x00, 0x1B, 0x00, 0x8F, 0x39, 0xC6, 0x39, 0xC6, 0x63, 0x4D,
    0x63, 0x4D, 0x63, 0x4D, 0x63, 0x4D, 0x63, 0x4D, 0x63, 0x4D, 0x20, 0x00, 0x8B, 0x52, 0x8A, 0x52,
    0x8A, 0x63, 0x4D, 0x63, 0x4D, 0x63, 0x4D, 0x63, 0x4D, 0x08, 0x00, 0x8F, 0x31, 0x44, 0x31, 0x44,
    0x63, 0x4D, 0x63, 0x4D, 0x52, 0x8A, 0x52, 0x8A, 0x63, 0x4D, 0x63, 0x4D, 0x10, 0x00, 0x8B, 0x63,
    0x4D, 0x63, 0x4D, 0x63, 0x4D, 0x63, 0x4D, 0x52, 0x8A, 0x52, 0x8A, 0x10, 0x00, 0x87, 0x63, 0x4D,
    0x63, 0x4D, 0x52, 0x8A, 0x52, 0x8A, 0x0C, 0x00, 0x8B, 0x63, 0x4D, 0x63, 0x4D, 0x52, 0x8A, 0x52,
    0x8A, 0x39, 0xC6, 0x39, 0xC6, 0x08, 0x00, 0x93, 0x63, 0x4D, 0x63, 0x4D, 0x63, 0x4D, 0x63, 0x4D,
    0x39, 0xC6, 0x39, 0xC6, 0x63, 0x4D, 0x63, 0x4D, 0x39, 0xC6, 0x39, 0xC6, 0x10, 0x00, 0x83, 0x31,
    0x44, 0x31, 0x44, 0x0C, 0x00, 0x8B, 0x63, 0x4D, 0x63, 0x4D, 0x63, 0x4D, 0x63, 0x4D, 0x39, 0xC6,
    0x39, 0xC6, 0x7F, 0x00, 0x7F, 0x00, 0x7F, 0x00, 0x1B, 0x00, 0x8F, 0x39, 0xC6, 0x39, 0xC6, 0x63,
    0x4D, 0x63, 0x4D, 0x63, 0x4D, 0x63, 0x4D, 0x63, 0x4D, 0x63, 0x4D, 0x20, 0x00, 0x8B, 0x52, 0x8A,
    0x52, 0x8A, 0x63, 0x4D, 0x63, 0x4D, 0x63, 0x4D, 0x63, 0x4D, 0x08, 0x00, 0x8F, 0x31, 0x44, 0x31,
    0x44, 0x63, 0x4D, 0x63, 0x4D, 0x52, 0x8A, 0x52, 0x8A, 0x63, 0x4D, 0x63, 0x4D, 0x10, 0x00, 0x8B,
    0x63, 0x4D, 0x63, 0x4D, 0x63, 0x4D, 0x63, 0x4D, 0x52, 0x8A, 0x52, 0x8A, 0x10, 0x00, 0x87, 0x63,
    0x4D, 0x63, 0x4D, 0x52, 0x8A, 0x52, 0x8A, 0x0C, 0x00, 0x8B, 0x63, 0x4D, 0x63, 0x4D, 0x52, 0x8A,
    0x52, 0x8A, 0x39, 0xC6, 0x39, 0xC6, 0x08, 0x00, 0x93, 0x63, 0x4D, 0x63, 0x4D, 0x63, 0x4D, 0x63,
    0x4D, 0x39, 0xC6, 0x39, 0xC6, 0x63, 0x4D, 0x63, 0x4D, 0x39, 0xC6, 0x39, 0xC6, 0x10, 0x00, 0x83,
    0x31, 0x44, 0x31, 0x44, 0x0C, 0x00, 0x8B, 0x63, 0x4D, 0x63, 0x4D, 0x63, 0x4D, 0x63, 0x4D, 0x39,
    0xC6, 0x39, 0xC6, 0x7F, 0x00, 0x7F, 0x00, 0x7F, 0x00, 0x1F, 0x00, 0x93, 0x39, 0xC6, 0x39, 0xC6,
    0x52, 0x8A, 0x52, 0x8A, 0x63, 0x4D, 0x63, 0x4D, 0x63, 0x4D, 0x63, 0x4D, 0x63, 0x4D, 0x63, 0x4D,
    0x04, 0x00, 0x8F, 0x63, 0x4D, 0x63, 0x4D, 0x63, 0x4D, 0x63, 0x4D, 0x63, 0x4D, 0x63, 0x4D, 0x63,
    0x4D, 0x63, 0x4D, 0x08, 0x00, 0xA3, 0x39, 0xC6, 0x39, 0xC6, 0x63, 0x4D, 0x63, 0x4D, 0x63, 0x4D,
    0x63, 0x4D, 0x63, 0x4D, 0x63, 0x4D, 0x63, 0x0B, 0x63, 0x0B, 0x39, 0xC6, 0x39, 0xC6, 0x52, 0x8A,
    0x52, 0x8A, 0x63, 0x4D, 0x63, 0x4D, 0x63, 0x4D, 0x63, 0x4D, 0x0C, 0x00, 0x8B, 0x9C, 0xDE, 0x9C,
    0xDE, 0x63, 0x4D, 0x63, 0x4D, 0x52, 0x8A, 0x52, 0x8A, 0x10, 0x00, 0x87, 0x63, 0x4D, 0x63, 0x4D,
    0x39, 0xC6, 0x39, 0xC6, 0x04, 0x00, 0x8F, 0x63, 0x4D, 0x63, 0x4D, 0x63, 0x4D, 0x63, 0x4D, 0x63,
    0x4D, 0x63, 0x4D, 0x52, 0x8A, 0x52, 0x8A, 0x08, 0x00, 0x93, 0x63, 0x4D, 0x63, 0x4D, 0x52, 0x8A,
    0x52, 0x8A, 0x52, 0x8A, 0x52, 0x8A, 0x39, 0xC6, 0x39, 0xC6, 0x39, 0xC6, 0x39, 0xC6, 0x10, 0x00,
    0x83, 0x31, 0x44, 0x31, 0x44, 0x10, 0x00, 0x87, 0x63, 0x4D, 0x63, 0x4D, 0x52, 0x8A, 0x52, 0x8A,
    0x7F, 0x00, 0x7F, 0x00, 0x7F, 0x00, 0x23, 0x00, 0x93, 0x39, 0xC6, 0x39, 0xC6, 0x52, 0x8A, 0x52,
    0x8A, 0x63, 0x4D, 0x63, 0x4D, 0x63, 0x4D, 0x63, 0x4D, 0x63, 0x4D, 0x63, 0x4D, 0x04, 0x00, 0x8F,
    0x63, 0x4D, 0x63, 0x4D, 0x63, 0x4D, 0x63, 0x4D, 0x63, 0x4D, 0x63, 0x4D, 0x63, 0x4D, 0x63, 0x4D,
    0x08, 0x00, 0xA3, 0x39, 0xC6, 0x39, 0xC6, 0x63, 0x4D, 0x63, 0x4D, 0x63, 0x4D, 0x63, 0x4D, 0x63,
    0x4D, 0x63, 0x4D, 0x63, 0x0B, 0x63, 0x0B, 0x39, 0xC6, 0x39, 0xC6, 0x52, 0x8A, 0x52, 0x8A, 0x63,
    0x4D, 0x63, 0x4D, 0x63, 0x4D, 0x63, 0x4D, 0x0C, 0x00, 0x8B, 0x9C, 0xDE, 0x9C, 0xDE, 0x63, 0x4D,
    0x63, 0x4D, 0x52, 0x8A, 0x52, 0x8A, 0x10, 0x00, 0x87, 0x63, 0x4D, 0x63, 0x4D, 0x39, 0xC6, 0x39,
    0xC6, 0x04, 0x00, 0x8F, 0x63, 0x4D, 0x63, 0x4D, 0x63, 0x4D, 0x63, 0x4D, 0x63, 0x4D, 0x63, 0x4D,
    0x52, 0x8A, 0x52, 0x8A, 0x08, 0x00, 0x93, 0x63, 0x4D, 0x63, 0x4D, 0x52, 0x8A, 0x52, 0x8A, 0x52,
    0x8A, 0x52, 0x8A, 0x39, 0xC6, 0x39, 0xC6, 0x39, 0xC6, 0x39, 0xC6, 0x10, 0x00, 0x83, 0x31, 0x44,
    0x31, 0x44, 0x10, 0x00, 0x87, 0x63, 0x4D, 0x63, 0x4D, 0x52, 0x8A, 0x52, 0x8A, 0x7F, 0x00, 0x7F,
    0x00, 0x7F, 0x00, 0x2B, 0x00, 0xCB, 0x39, 0xC6, 0x39, 0xC6, 0x52, 0x8A, 0x52, 0x8A, 0x63, 0x4D,
    0x63, 0x4D, 0x63, 0x4D, 0x63, 0x4D, 0x63, 0x4D, 0x63, 0x4D, 0x39, 0xC6, 0x39, 0xC6, 0x52, 0x8A,
    0x52, 0x8A, 0x63, 0x4D, 0x63, 0x4D, 0x63, 0x4D, 0x63, 0x4D, 0x63, 0x4D, 0x63, 0x4D, 0x39, 0xC6,
    0x39, 0xC6, 0x52, 0x8A, 0x52, 0x8A, 0x52, 0x8A, 0x52, 0x8A, 0x63, 0x4D, 0x63, 0x4D, 0x63, 0x4D,
    0x63, 0x4D, 0x31, 0x44, 0x31, 0x44, 0x63, 0x4D, 0x63, 0x4D, 0x63, 0x4D, 0x63, 0x4D, 0x63, 0x4D,
    0x63, 0x4D, 0x0C, 0x00, 0x8B, 0x63, 0x4D, 0x63, 0x4D, 0x63, 0x4D, 0x63, 0x4D, 0x39, 0xC6, 0x39,
    0xC6, 0x10, 0x00, 0x9B, 0x63, 0x4D, 0x63, 0x4D, 0x52, 0x8A, 0x52, 0x8A, 0x39, 0xC6, 0x39, 0xC6,
    0x39, 0xC6, 0x39, 0xC6, 0x63, 0x4D, 0x63, 0x4D, 0x63, 0x4D, 0x63, 0x4D, 0x52, 0x8A, 0x52, 0x8A,
    0x04, 0x00, 0x8B, 0x63, 0x4D, 0x63, 0x4D, 0x52, 0x8A, 0x52, 0x8A, 0x52, 0x8A, 0x52, 0x8A, 0x18,
    0x00, 0x87, 0x63, 0x4D, 0x63, 0x4D, 0x31, 0x44, 0x31, 0x44, 0x0C, 0x00, 0x8B, 0x63, 0x4D, 0x63,
    0x4D, 0x63, 0x4D, 0x63, 0x4D, 0x39, 0xC6, 0x39, 0xC6, 0x0C, 0x00, 0x87, 0x63, 0x4D, 0x63, 0x4D,
    0x63, 0x4D, 0x63, 0x4D, 0x7F, 0x00, 0x7F, 0x00, 0x7F, 0x00, 0x17, 0x00, 0xCB, 0x39, 0xC6, 0x39,
    0xC6, 0x52, 0x8A, 0x52, 0x8A, 0x63, 0x4D, 0x63, 0x4D, 0x63, 0x4D, 0x63, 0x4D, 0x63, 0x4D, 0x63,
    0x4D, 0x39, 0xC6, 0x39, 0xC6, 0x52, 0x8A, 0x52, 0x8A, 0x63, 0x4D, 0x63, 0x4D, 0x63, 0x4D, 0x63,
    0x4D, 0x63, 0x4D, 0x63, 0x4D, 0x39, 0xC6, 0x39, 0xC6, 0x52, 0x8A, 0x52, 0x8A, 0x52, 0x8A, 0x52,
    0x8A, 0x63, 0x4D, 0x63, 0x4D, 0x63, 0x4D, 0x63, 0x4D, 0x31, 0x44, 0x31, 0x44, 0x63, 0x4D, 0x63,
    0x4D, 0x63, 0x4D, 0x63, 0x4D, 0x63, 0x4D, 0x63, 0x4D, 0x0C, 0x00, 0x8B, 0x63, 0x4D, 0x63, 0x4D,
    0x63, 0x4D, 0x63, 0x4D, 0x39, 0xC6, 0x39, 0xC6, 0x10, 0x00, 0x9B, 0x63, 0x4D, 0x63, 0x4D, 0x52,
    0x8A, 0x52, 0x8A, 0x39, 0xC6, 0x39, 0xC6, 0x39, 0xC6, 0x39, 0xC6, 0x63, 0x4D, 0x63, 0x4D, 0x63,
    0x4D, 0x63, 0x4D, 0x52, 0x8A, 0x52, 0x8A, 0x04, 0x00, 0x8B, 0x63, 0x4D, 0x63, 0x4D, 0x52, 0x8A,
    0x52, 0x8A, 0x52, 0x8A, 0x52, 0x8A, 0x18, 0x00, 0x87, 0x63, 0x4D, 0x63, 0x4D, 0x31, 0x44, 0x31,
    0x44, 0x0C, 0x00, 0x8B, 0x63, 0x4D, 0x63, 0x4D, 0x63, 0x4D, 0x63, 0x4D, 0x39, 0xC6, 0x39, 0xC6,
    0x0C, 0x00, 0x87, 0x63, 0x4D, 0x63, 0x4D, 0x63, 0x4D, 0x63, 0x4D, 0x7F, 0x00, 0x7F, 0x00, 0x7F,
    0x00, 0x1B, 0x00, 0xC7, 0x39, 0xC6, 0x39, 0xC6, 0x39, 0xC6, 0x39, 0xC6, 0x52, 0x8A, 0x52, 0x8A,
    0x63, 0x4D, 0x63, 0x4D, 0x63, 0x4D, 0x63, 0x4D, 0x39, 0xC6, 0x39, 0xC6, 0x39, 0xC6, 0x39, 0xC6,
    0x52, 0x8A, 0x52, 0x8A, 0x63, 0x4D, 0x63, 0x4D, 0x63, 0x4D, 0x63, 0x4D, 0x39, 0xC6, 0x39, 0xC6,
    0x39, 0xC6, 0x39, 0xC6, 0x31, 0x44, 0x31, 0x44, 0x52, 0x8A, 0x52, 0x8A, 0x63, 0x4D, 0x63, 0x4D,
    0x52, 0x8A, 0x52, 0x8A, 0x63, 0x4D, 0x63, 0x4D, 0x63, 0x4D, 0x63, 0x4D, 0x0C, 0x00, 0x8B, 0x63,
    0x4D, 0x63, 0x4D, 0x63, 0x4D, 0x63, 0x4D, 0x52, 0x8A, 0x52, 0x8A, 0x0C, 0x00, 0x8B, 0x63, 0x4D,
    0x63, 0x4D, 0x63, 0x4D, 0x63, 0x4D, 0x39, 0xC6, 0x39, 0xC6, 0x08, 0x00, 0x97, 0x39, 0xC6, 0x39,
    0xC6, 0x63, 0x4D, 0x63, 0x4D, 0x39, 0xC6, 0x39, 0xC6, 0x63, 0x4D, 0x63, 0x4D, 0x52, 0x8A, 0x52,
    0x8A, 0x39, 0xC6, 0x39, 0xC6, 0x1C, 0x00, 0x87, 0x63, 0x4D, 0x63, 0x4D, 0x31, 0x44, 0x31, 0x44,
    0x08, 0x00, 0x8B, 0x63, 0x4D, 0x63, 0x4D, 0x63, 0x4D, 0x63, 0x4D, 0x39, 0xC6, 0x39, 0xC6, 0x08,
    0x00, 0x8F, 0x63, 0x4D, 0x63, 0x4D, 0x63, 0x4D, 0x63, 0x4D, 0x52, 0x8A, 0x52, 0x8A, 0x39, 0xC6,
    0x39, 0xC6, 0x7F, 0x00, 0x7F, 0x00, 0x7F, 0x00, 0x1B, 0x00, 0xC7, 0x39, 0xC6, 0x39, 0xC6, 0x39,
    0xC6, 0x39, 0xC6, 0x52, 0x8A, 0x52, 0x8A, 0x63, 0x4D, 0x63, 0x4D, 0x63, 0x4D, 0x63, 0x4D, 0x39,
    0xC6, 0x39, 0xC6, 0x39, 0xC6, 0x39, 0xC6, 0x52, 0x8A, 0x52, 0x8A, 0x63, 0x4D, 0x63, 0x4D, 0x63,
    0x4D, 0x63, 0x4D, 0x39, 0xC6, 0x39, 0xC6, 0x39, 0xC6, 0x39, 0xC6, 0x31, 0x44, 0x31, 0x44, 0x52,
    0x8A, 0x52, 0x8A, 0x63, 0x4D, 0x63, 0x4D, 0x52, 0x8A, 0x52, 0x8A, 0x63, 0x4D, 0x63, 0x4D, 0x63,
    0x4D, 0x63, 0x4D, 0x0C, 0x00, 0x8B, 0x63, 0x4D, 0x63, 0x4D, 0x63, 0x4D, 0x63, 0x4D, 0x52, 0x8A,
    0x52, 0x8A, 0x0C, 0x00, 0x8B, 0x63, 0x4D, 0x63, 0x4D, 0x63, 0x4D, 0x63, 0x4D, 0x39, 0xC6, 0x39,
    0xC6, 0x08, 0x00, 0x97, 0x39, 0xC6, 0x39, 0xC6, 0x63, 0x4D, 0x63, 0x4D, 0x39, 0xC6, 0x39, 0xC6,
    0x63, 0x4D, 0x63, 0x4D, 0x52, 0x8A, 0x52, 0x8A, 0x39, 0xC6, 0x39, 0xC6, 0x1C, 0x00, 0x87, 0x63,
    0x4D, 0x63, 0x4D, 0x31, 0x44, 0x31, 0x44, 0x08, 0x00, 0x8B, 0x63, 0x4D, 0x63, 0x4D, 0x63, 0x4D,
    0x63, 0x4D, 0x39, 0xC6, 0x39, 0xC6, 0x08, 0x00, 0x8F, 0x63, 0x4D, 0x63, 0x4D, 0x63, 0x4D, 0x63,
    0x4D, 0x52, 0x8A, 0x52, 0x8A, 0x39, 0xC6, 0x39, 0xC6, 0x7F, 0x00, 0x7F, 0x00, 0x7F, 0x00, 0x27,
    0x00, 0x8B, 0x52, 0x8A, 0x52, 0x8A, 0x63, 0x4D, 0x63, 0x4D, 0x63, 0x4D, 0x63, 0x4D, 0x08, 0x00,
    0xAB, 0x39, 0xC6, 0x39, 0xC6, 0x52, 0x8A, 0x52, 0x8A, 0x63, 0x4D, 0x63, 0x4D, 0x63, 0x0B, 0x63,
    0x0B, 0x63, 0x0B, 0x63, 0x0B, 0x31, 0x44, 0x31, 0x44, 0x39, 0xC6, 0x39, 0xC6, 0x39, 0xC6, 0x39,
    0xC6, 0x52, 0x8A, 0x52, 0x8A, 0x63, 0x4D, 0x63, 0x4D, 0x63, 0x4D, 0x63, 0x4D, 0x08, 0x00, 0x8B,
    0x63, 0x4D, 0x63, 0x4D, 0x52, 0x8A, 0x52, 0x8A, 0x39, 0xC6, 0x39, 0xC6, 0x04, 0x00, 0x8F, 0x63,
    0x4D, 0x63, 0x4D, 0x52, 0x8A, 0x52, 0x8A, 0x63, 0x4D, 0x63, 0x4D, 0x52, 0x8A, 0x52, 0x8A, 0x0C,
    0x00, 0x93, 0x39, 0xC6, 0x39, 0xC6, 0x63, 0x4D, 0x63, 0x4D, 0x39, 0xC6, 0x39, 0xC6, 0x63, 0x4D,
    0x63, 0x4D, 0x52, 0x8A, 0x52, 0x8A, 0x1C, 0x00, 0x8B, 0x63, 0x4D, 0x63, 0x4D, 0x63, 0x4D, 0x63,
    0x4D, 0x52, 0x8A, 0x52, 0x8A, 0x04, 0x00, 0x8B, 0x63, 0x4D, 0x63, 0x4D, 0x63, 0x4D, 0x63, 0x4D,
    0x39, 0xC6, 0x39, 0xC6, 0x04, 0x00, 0x8F, 0x63, 0x4D, 0x63, 0x4D, 0x63, 0x4D, 0x63, 0x4D, 0x63,
    0x4D, 0x63, 0x4D, 0x39, 0xC6, 0x39, 0xC6, 0x04, 0x00, 0x83, 0x39, 0xC6, 0x39, 0xC6, 0x7F, 0x00,
    0x7F, 0x00, 0x7F, 0x00, 0x27, 0x00, 0x8B, 0x52, 0x8A, 0x52, 0x8A, 0x63, 0x4D, 0x63, 0x4D, 0x63,
    0x4D, 0x63, 0x4D, 0x08, 0x00, 0xAB, 0x39, 0xC6, 0x39, 0xC6, 0x52, 0x8A, 0x52, 0x8A, 0x63, 0x4D,
    0x63, 0x4D, 0x63, 0x0B, 0x63, 0x0B, 0x63, 0x0B, 0x63, 0x0B, 0x31, 0x44, 0x31, 0x44, 0x39, 0xC6,
    0x39, 0xC6, 0x39, 0xC6, 0x39, 0xC6, 0x52, 0x8A, 0x52, 0x8A, 0x63, 0x4D, 0x63, 0x4D, 0x63, 0x4D,
    0x63, 0x4D, 0x08, 0x00, 0x8B, 0x63, 0x4D, 0x63, 0x4D, 0x52, 0x8A, 0x52, 0x8A, 0x39, 0xC6, 0x39,
    0xC6, 0x04, 0x00, 0x8F, 0x63, 0x4D, 0x63, 0x4D, 0x52, 0x8A, 0x52, 0x8A, 0x63, 0x4D, 0x63, 0x4D,
    0x52, 0x8A, 0x52, 0x8A, 0x0C, 0x00, 0x93, 0x39, 0xC6, 0x39, 0xC6, 0x63, 0x4D, 0x63, 0x4D, 0x39,
    0xC6, 0x39, 0xC6, 0x63, 0x4D, 0x63, 0x4D, 0x52, 0x8A, 0x52, 0x8A, 0x1C, 0x00, 0x8B, 0x63, 0x4D,
    0x63, 0x4D, 0x63, 0x4D, 0x63, 0x4D, 0x52, 0x8A, 0x52, 0x8A, 0x04, 0x00, 0x8B, 0x63, 0x4D, 0x63,
    0x4D, 0x63, 0x4D, 0x63, 0x4D, 0x39, 0xC6, 0x39, 0xC6, 0x04, 0x00, 0x8F, 0x63, 0x4D, 0x63, 0x4D,
    0x63, 0x4D, 0x63, 0x4D, 0x63, 0x4D, 0x63, 0x4D, 0x39, 0xC6, 0x39, 0xC6, 0x04, 0x00, 0x83, 0x39,
    0xC6, 0x39, 0xC6, 0x7F, 0x00, 0x7F, 0x00, 0x7F, 0x00, 0x2B, 0x00, 0x8B, 0x39, 0xC6, 0x39, 0xC6,
    0x63, 0x4D, 0x63, 0x4D, 0x63, 0x4D, 0x63, 0x4D, 0x0C, 0x00, 0xA3, 0x31, 0x44, 0x31, 0x44, 0x52,
    0x8A, 0x52, 0x8A, 0x63, 0x4D, 0x63, 0x4D, 0x63, 0x4D, 0x63, 0x4D, 0x63, 0x0B, 0x63, 0x0B, 0x31,
    0x44, 0x31, 0x44, 0x52, 0x8A, 0x52, 0x8A, 0x63, 0x4D, 0x63, 0x4D, 0x63, 0x4D, 0x63, 0x4D, 0x04,
    0x00, 0xA3, 0x63, 0x4D, 0x63, 0x4D, 0x63, 0x4D, 0x63, 0x4D, 0x52, 0x8A, 0x52, 0x8A, 0x63, 0x0B,
    0x63, 0x0B, 0x63, 0x4D, 0x63, 0x4D, 0x39, 0xC6, 0x39, 0xC6, 0x63, 0x0B, 0x63, 0x0B, 0x63, 0x4D,
    0x63, 0x4D, 0x39, 0xC6, 0x39, 0xC6, 0x10, 0x00, 0x8F, 0x63, 0x4D, 0x63, 0x4D, 0x39, 0xC6, 0x39,
    0xC6, 0x63, 0x4D, 0x63, 0x4D, 0x39, 0xC6, 0x39, 0xC6, 0x1C, 0x00, 0x87, 0x63, 0x4D, 0x63, 0x4D,
    0x52, 0x8A, 0x52, 0x8A, 0x04, 0x00, 0x8B, 0x63, 0x4D, 0x63, 0x4D, 0x63, 0x4D, 0x63, 0x4D, 0x52,
    0x8A, 0x52, 0x8A, 0x08, 0x00, 0x8B, 0x63, 0x4D, 0x63, 0x4D, 0x63, 0x4D, 0x63, 0x4D, 0x39, 0xC6,
    0x39, 0xC6, 0x7F, 0x00, 0x7F, 0x00, 0x7F, 0x00, 0x37, 0x00, 0x8B, 0x39, 0xC6, 0x39, 0xC6, 0x63,
    0x4D, 0x63, 0x4D, 0x63, 0x4D, 0x63, 0x4D, 0x0C, 0x00, 0xA3, 0x31, 0x44, 0x31, 0x44, 0x52, 0x8A,
    0x52, 0x8A, 0x63, 0x4D, 0x63, 0x4D, 0x63, 0x4D, 0x63, 0x4D, 0x63, 0x0B, 0x63, 0x0B, 0x31, 0x44,
    0x31, 0x44, 0x52, 0x8A, 0x52, 0x8A, 0x63, 0x4D, 0x63, 0x4D, 0x63, 0x4D, 0x63, 0x4D, 0x04, 0x00,
    0xA3, 0x63, 0x4D, 0x63, 0x4D, 0x63, 0x4D, 0x63, 0x4D, 0x52, 0x8A, 0x52, 0x8A, 0x63, 0x0B, 0x63,
    0x0B, 0x63, 0x4D, 0x63, 0x4D, 0x39, 0xC6, 0x39, 0xC6, 0x63, 0x0B, 0x63, 0x0B, 0x63, 0x4D, 0x63,
    0x4D, 0x39, 0xC6, 0x39, 0xC6, 0x10, 0x00, 0x8F, 0x63, 0x4D, 0x63, 0x4D, 0x39, 0xC6, 0x39, 0xC6,
    0x63, 0x4D, 0x63, 0x4D, 0x39, 0xC6, 0x39, 0xC6, 0x1C, 0x00, 0x87, 0x63, 0x4D, 0x63, 0x4D, 0x52,
    0x8A, 0x52, 0x8A, 0x04, 0x00, 0x8B, 0x63, 0x4D, 0x63, 0x4D, 0x63, 0x4D, 0x63, 0x4D, 0x52, 0x8A,
    0x52, 0x8A, 0x08, 0x00, 0x8B, 0x63, 0x4D, 0x63, 0x4D, 0x63, 0x4D, 0x63, 0x4D, 0x39, 0xC6, 0x39,
    0xC6, 0x7F, 0x00, 0x7F, 0x00, 0x7F, 0x00, 0x17, 0x00, 0x8F, 0x63, 0x4D, 0x63, 0x4D, 0x9F, 0x93,
    0x9F, 0x93, 0x63, 0x4D, 0x63, 0x4D, 0x63, 0x4D, 0x63, 0x4D, 0x14, 0x00, 0x87, 0x52, 0x8A, 0x52,
    0x8A, 0x63, 0x4D, 0x63, 0x4D, 0x10, 0x00, 0x9F, 0x31, 0x44, 0x31, 0x44, 0x39, 0xC6, 0x39, 0xC6,
    0x52, 0x8A, 0x52, 0x8A, 0x63, 0x4D, 0x63, 0x4D, 0x63, 0x4D, 0x63, 0x4D, 0x31, 0x44, 0x31, 0x44,
    0x52, 0x8A, 0x52, 0x8A, 0x63, 0x4D, 0x63, 0x4D, 0x04, 0x00, 0x9F, 0x63, 0x4D, 0x63, 0x4D, 0x52,
    0x8A, 0x52, 0x8A, 0x63, 0x0B, 0x63, 0x0B, 0x63, 0x4D, 0x63, 0x4D, 0x63, 0x4D, 0x63, 0x4D, 0x52,
    0x8A, 0x52, 0x8A, 0x63, 0x4D, 0x63, 0x4D, 0x52, 0x8A, 0x52, 0x8A, 0x14, 0x00, 0x8B, 0x63, 0x4D,
    0x63, 0x4D, 0x39, 0xC6, 0x39, 0xC6, 0x63, 0x4D, 0x63, 0x4D, 0x10, 0x00, 0x83, 0xF7, 0x93, 0xF7,
    0x93, 0x0C, 0x00, 0x87, 0x63, 0x4D, 0x63, 0x4D, 0x52, 0x8A, 0x52, 0x8A, 0x04, 0x00, 0x87, 0x63,
    0x4D, 0x63, 0x4D, 0x52, 0x8A, 0x52, 0x8A, 0x08, 0x00, 0x8B, 0x63, 0x4D, 0x63, 0x4D, 0x63, 0x4D,
    0x63, 0x4D, 0x39, 0xC6, 0x39, 0xC6, 0x7F, 0x00, 0x7F, 0x00, 0x7F, 0x00, 0x1B, 0x00, 0x8F, 0x63,
    0x4D, 0x63, 0x4D, 0x9F, 0x93, 0x9F, 0x93, 0x63, 0x4D, 0x63, 0x4D, 0x63, 0x4D, 0x63, 0x4D, 0x14,
    0x00, 0x87, 0x52, 0x8A, 0x52, 0x8A, 0x63, 0x4D, 0x63, 0x4D, 0x10, 0x00, 0x9F, 0x31, 0x44, 0x31,
    0x44, 0x39, 0xC6, 0x39, 0xC6, 0x52, 0x8A, 0x52, 0x8A, 0x63, 0x4D, 0x63, 0x4D, 0x63, 0x4D, 0x63,
    0x4D, 0x31, 0x44, 0x31, 0x44, 0x52, 0x8A, 0x52, 0x8A, 0x63, 0x4D, 0x63, 0x4D, 0x04, 0x00, 0x9F,
    0x63, 0x4D, 0x63, 0x4D, 0x52, 0x8A, 0x52, 0x8A, 0x63, 0x0B, 0x63, 0x0B, 0x63, 0x4D, 0x63, 0x4D,
    0x63, 0x4D, 0x63, 0x4D, 0x52, 0x8A, 0x52, 0x8A, 0x63, 0x4D, 0x63, 0x4D, 0x52, 0x8A, 0x52, 0x8A,
    0x14, 0x00, 0x8B, 0x63, 0x4D, 0x63, 0x4D, 0x39, 0xC6, 0x39, 0xC6, 0x63, 0x4D, 0x63, 0x4D, 0x10,
    0x00, 0x83, 0xF7, 0x93, 0xF7, 0x93, 0x0C, 0x00, 0x87, 0x63, 0x4D, 0x63, 0x4D, 0x52, 0x8A, 0x52,
    0x8A, 0x04, 0x00, 0x87, 0x63, 0x4D, 0x63, 0x4D, 0x52, 0x8A, 0x52, 0x8A, 0x08, 0x00, 0x8B, 0x63,
    0x4D, 0x63, 0x4D, 0x63, 0x4D, 0x63, 0x4D, 0x39, 0xC6, 0x39, 0xC6, 0x7F, 0x00, 0x7F, 0x00, 0x7F,
    0x00, 0x1B, 0x00, 0x93, 0x39, 0xC6, 0x39, 0xC6, 0x39, 0xC6, 0x39, 0xC6, 0x52, 0x8A, 0x52, 0x8A,
    0x63, 0x4D, 0x63, 0x4D, 0x63, 0x4D, 0x63, 0x4D, 0x14, 0x00, 0x87, 0x52, 0x8A, 0x52, 0x8A, 0x63,
    0x4D, 0x63, 0x4D, 0x14, 0x00, 0xBB, 0x31, 0x44, 0x31, 0x44, 0x39, 0xC6, 0x39, 0xC6, 0x63, 0x4D,
    0x63, 0x4D, 0x63, 0x4D, 0x63, 0x4D, 0x52, 0x8A, 0x52, 0x8A, 0x63, 0x4D, 0x63, 0x4D, 0x63, 0x4D,
    0x63, 0x4D, 0x63, 0x4D, 0x63, 0x4D, 0x39, 0xC6, 0x39, 0xC6, 0x63, 0x4D, 0x63, 0x4D, 0x63, 0x4D,
    0x63, 0x4D, 0x39, 0xC6, 0x39, 0xC6, 0x63, 0x4D, 0x63, 0x4D, 0x63, 0x4D, 0x63, 0x4D, 0x39, 0xC6,
    0x39, 0xC6, 0x10, 0x00, 0x93, 0x63, 0x4D, 0x63, 0x4D, 0x52, 0x8A, 0x52, 0x8A, 0x39, 0xC6, 0x39,
    0xC6, 0x63, 0x4D, 0x63, 0x4D, 0x63, 0x4D, 0x63, 0x4D, 0x0C, 0x00, 0x83, 0x39, 0xC6, 0x39, 0xC6,
    0x08, 0x00, 0x8B, 0x63, 0x4D, 0x63, 0x4D, 0x63, 0x4D, 0x63, 0x4D, 0x52, 0x8A, 0x52, 0x8A, 0x04,
    0x00, 0x87, 0x63, 0x4D, 0x63, 0x4D, 0x31, 0x44, 0x31, 0x44, 0x08, 0x00, 0x8B, 0x63, 0x4D, 0x63,
    0x4D, 0x63, 0x4D, 0x63, 0x4D, 0x39, 0xC6, 0x39, 0xC6, 0x08, 0x00, 0x87, 0x63, 0x4D, 0x63, 0x4D,
    0x63, 0x4D, 0x63, 0x4D, 0x7F, 0x00, 0x7F, 0x00, 0x7F, 0x00, 0x0B, 0x00, 0x93, 0x39, 0xC6, 0x39,
    0xC6, 0x39, 0xC6, 0x39, 0xC6, 0x52, 0x8A, 0x52, 0x8A, 0x63, 0x4D, 0x63, 0x4D, 0x63, 0x4D, 0x63,
    0x4D, 0x14, 0x00, 0x87, 0x52, 0x8A, 0x52, 0x8A, 0x63, 0x4D, 0x63, 0x4D, 0x14, 0x00, 0xBB, 0x31,
    0x44, 0x31, 0x44, 0x39, 0xC6, 0x39, 0xC6, 0x63, 0x4D, 0x63, 0x4D, 0x63, 0x4D, 0x63, 0x4D, 0x52,
    0x8A, 0x52, 0x8A, 0x63, 0x4D, 0x63, 0x4D, 0x63, 0x4D, 0x63, 0x4D, 0x63, 0x4D, 0x63, 0x4D, 0x39,
    0xC6, 0x39, 0xC6, 0x63, 0x4D, 0x63, 0x4D, 0x63, 0x4D, 0x63, 0x4D, 0x39, 0xC6, 0x39, 0xC6, 0x63,
    0x4D, 0x63, 0x4D, 0x63, 0x4D, 0x63, 0x4D, 0x39, 0xC6, 0x39, 0xC6, 0x10, 0x00, 0x93, 0x63, 0x4D,
    0x63, 0x4D, 0x52, 0x8A, 0x52, 0x8A, 0x39, 0xC6, 0x39, 0xC6, 0x63, 0x4D, 0x63, 0x4D, 0x63, 0x4D,
    0x63, 0x4D, 0x0C, 0x00, 0x83, 0x39, 0xC6, 0x39, 0xC6, 0x08, 0x00, 0x8B, 0x63, 0x4D, 0x63, 0x4D,
    0x63, 0x4D, 0x63, 0x4D, 0x52, 0x8A, 0x52, 0x8A, 0x04, 0x00, 0x87, 0x63, 0x4D, 0x63, 0x4D, 0x31,
    0x44, 0x31, 0x44, 0x08, 0x00, 0x8B, 0x63, 0x4D, 0x63, 0x4D, 0x63, 0x4D, 0x63, 0x4D, 0x39, 0xC6,
    0x39, 0xC6, 0x08, 0x00, 0x87, 0x63, 0x4D, 0x63, 0x4D, 0x63, 0x4D, 0x63, 0x4D, 0x7F, 0x00, 0x7F,
    0x00, 0x7F, 0x00, 0x13, 0x00, 0x97, 0x39, 0xC6, 0x39, 0xC6, 0x39, 0xC6, 0x39, 0xC6, 0x52, 0x8A,
    0x52, 0x8A, 0x52, 0x8A, 0x52, 0x8A, 0x63, 0x4D, 0x63, 0x4D, 0xF4, 0x51, 0xF4, 0x51, 0x08, 0x00,
    0x87, 0x39, 0xC6, 0x39, 0xC6, 0x63, 0x4D, 0x63, 0x4D, 0x1C, 0x00, 0xAF, 0x31, 0x44, 0x31, 0x44,
    0x39, 0xC6, 0x39, 0xC6, 0x39, 0xC6, 0x39, 0xC6, 0x52, 0x8A, 0x52, 0x8A, 0x52, 0x8A, 0x52, 0x8A,
    0x39, 0xC6, 0x39, 0xC6, 0x63, 0x4D, 0x63, 0x4D, 0x63, 0x4D, 0x63, 0x4D, 0x52, 0x8A, 0x52, 0x8A,
    0x63, 0x0B, 0x63, 0x0B, 0x63, 0x4D, 0x63, 0x4D, 0x52, 0x8A, 0x52, 0x8A, 0x14, 0x00, 0x87, 0x63,
    0x4D, 0x63, 0x4D, 0x52, 0x8A, 0x52, 0x8A, 0x04, 0x00, 0x87, 0x52, 0x8A, 0x52, 0x8A, 0x63, 0x4D,
    0x63, 0x4D, 0x0C, 0x00, 0x83, 0x31, 0x44, 0x31, 0x44, 0x08, 0x00, 0x93, 0x63, 0x4D, 0x63, 0x4D,
    0x52, 0x8A, 0x52, 0x8A, 0x63, 0x0B, 0x63, 0x0B, 0x63, 0x4D, 0x63, 0x4D, 0x52, 0x8A, 0x52, 0x8A,
    0x08, 0x00, 0x8B, 0x63, 0x4D, 0x63, 0x4D, 0x63, 0x4D, 0x63, 0x4D, 0x52, 0x8A, 0x52, 0x8A, 0x08,
    0x00, 0x8B, 0x63, 0x4D, 0x63, 0x4D, 0x52, 0x8A, 0x52, 0x8A, 0x63, 0x4D, 0x63, 0x4D, 0x7F, 0x00,
    0x7F, 0x00, 0x7F, 0x00, 0x13, 0x00, 0x97, 0x39, 0xC6, 0x39, 0xC6, 0x39, 0xC6, 0x39, 0xC6, 0x52,
    0x8A, 0x52, 0x8A, 0x52, 0x8A, 0x52, 0x8A, 0x63, 0x4D, 0x63, 0x4D, 0xF4, 0x51, 0xF4, 0x51, 0x08,
    0x00, 0x87, 0x39, 0xC6, 0x39, 0xC6, 0x63, 0x4D, 0x63, 0x4D, 0x1C, 0x00, 0xAF, 0x31, 0x44, 0x31,
    0x44, 0x39, 0xC6, 0x39, 0xC6, 0x39, 0xC6, 0x39, 0xC6, 0x52, 0x8A, 0x52, 0x8A, 0x52, 0x8A, 0x52,
    0x8A, 0x39, 0xC6, 0x39, 0xC6, 0x63, 0x4D, 0x63, 0x4D, 0x63, 0x4D, 0x63, 0x4D, 0x52, 0x8A, 0x52,
    0x8A, 0x63, 0x0B, 0x63, 0x0B, 0x63, 0x4D, 0x63, 0x4D, 0x52, 0x8A, 0x52, 0x8A, 0x14, 0x00, 0x87,
    0x63, 0x4D, 0x63, 0x4D, 0x52, 0x8A, 0x52, 0x8A, 0x04, 0x00, 0x87, 0x52, 0x8A, 0x52, 0x8A, 0x63,
    0x4D, 0x63, 0x4D, 0x0C, 0x00, 0x83, 0x31, 0x44, 0x31, 0x44, 0x08, 0x00, 0x93, 0x63, 0x4D, 0x63,
    0x4D, 0x52, 0x8A, 0x52, 0x8A, 0x63, 0x0B, 0x63, 0x0B, 0x63, 0x4D, 0x63, 0x4D, 0x52, 0x8A, 0x52,
    0x8A, 0x08, 0x00, 0x8B, 0x63, 0x4D, 0x63, 0x4D, 0x63, 0x4D, 0x63, 0x4D, 0x52, 0x8A, 0x52, 0x8A,
    0x08, 0x00, 0x8B, 0x63, 0x4D, 0x63, 0x4D, 0x52, 0x8A, 0x52, 0x8A, 0x63, 0x4D, 0x63, 0x4D, 0x7F,
    0x00, 0x7F, 0x00, 0x7F, 0x00, 0x1F, 0x00, 0x8F, 0x39, 0xC6, 0x39, 0xC6, 0x52, 0x8A, 0x52, 0x8A,
    0x63, 0x4D, 0x63, 0x4D, 0x63, 0x4D, 0x63, 0x4D, 0x04, 0x00, 0x87, 0x52, 0x8A, 0x52, 0x8A, 0x63,
    0x4D, 0x63, 0x4D, 0x0C, 0x00, 0x87, 0x52, 0x8A, 0x52, 0x8A, 0x63, 0x4D, 0x63, 0x4D, 0x10, 0x00,
    0xA7, 0x31, 0x44, 0x31, 0x44, 0x39, 0xC6, 0x39, 0xC6, 0x63, 0x0B, 0x63, 0x0B, 0x39, 0xC6, 0x39,
    0xC6, 0x63, 0x4D, 0x63, 0x4D, 0x52, 0x8A, 0x52, 0x8A, 0x63, 0x0B, 0x63, 0x0B, 0x63, 0x4D, 0x63,
    0x4D, 0x63, 0x4D, 0x63, 0x4D, 0x39, 0xC6, 0x39, 0xC6, 0x10, 0x00, 0x8B, 0x63, 0x4D, 0x63, 0x4D,
    0x63, 0x4D, 0x63, 0x4D, 0x39, 0xC6, 0x39, 0xC6, 0x04, 0x00, 0x87, 0x52, 0x8A, 0x52, 0x8A, 0x63,
    0x4D, 0x63, 0x4D, 0x0C, 0x00, 0x83, 0x39, 0xC6, 0x39, 0xC6, 0x04, 0x00, 0x97, 0x63, 0x4D, 0x63,
    0x4D, 0x63, 0x4D, 0x63, 0x4D, 0x39, 0xC6, 0x39, 0xC6, 0x63, 0x4D, 0x63, 0x4D, 0x63, 0x4D, 0x63,
    0x4D, 0x52, 0x8A, 0x52, 0x8A, 0x08, 0x00, 0x87, 0x63, 0x4D, 0x63, 0x4D, 0x52, 0x8A, 0x52, 0x8A,
    0x0C, 0x00, 0x8B, 0x63, 0x4D, 0x63, 0x4D, 0x31, 0x44, 0x31, 0x44, 0x31, 0x44, 0x31, 0x44, 0x7F,
    0x00, 0x7F, 0x00, 0x7F, 0x00, 0x1F, 0x00, 0x8F, 0x39, 0xC6, 0x39, 0xC6, 0x52, 0x8A, 0x52, 0x8A,
    0x63, 0x4D, 0x63, 0x4D, 0x63, 0x4D, 0x63, 0x4D, 0x04, 0x00, 0x87, 0x52, 0x8A, 0x52, 0x8A, 0x63,
    0x4D, 0x63, 0x4D, 0x0C, 0x00, 0x87, 0x52, 0x8A, 0x52, 0x8A, 0x63, 0x4D, 0x63, 0x4D, 0x10, 0x00,
    0xA7, 0x31, 0x44, 0x31, 0x44, 0x39, 0xC6, 0x39, 0xC6, 0x63, 0x0B, 0x63, 0x0B, 0x39, 0xC6, 0x39,
    0xC6, 0x63, 0x4D, 0x63, 0x4D, 0x52, 0x8A, 0x52, 0x8A, 0x63, 0x0B, 0x63, 0x0B, 0x63, 0x4D, 0x63,
    0x4D, 0x63, 0x4D, 0x63, 0x4D, 0x39, 0xC6, 0x39, 0xC6, 0x10, 0x00, 0x8B, 0x63, 0x4D, 0x63, 0x4D,
    0x63, 0x4D, 0x63, 0x4D, 0x39, 0xC6, 0x39, 0xC6, 0x04, 0x00, 0x87, 0x52, 0x8A, 0x52, 0x8A, 0x63,
    0x4D, 0x63, 0x4D, 0x0C, 0x00, 0x83, 0x39, 0xC6, 0x39, 0xC6, 0x04, 0x00, 0x97, 0x63, 0x4D, 0x63,
    0x4D, 0x63, 0x4D, 0x63, 0x4D, 0x39, 0xC6, 0x39, 0xC6, 0x63, 0x4D, 0x63, 0x4D, 0x63, 0x4D, 0x63,
    0x4D, 0x52, 0x8A, 0x52, 0x8A, 0x08, 0x00, 0x87, 0x63, 0x4D, 0x63, 0x4D, 0x52, 0x8A, 0x52, 0x8A,
    0x0C, 0x00, 0x8B, 0x63, 0x4D, 0x63, 0x4D, 0x31, 0x44, 0x31, 0x44, 0x31, 0x44, 0x31, 0x44, 0x7F,
    0x00, 0x7F, 0x00, 0x7F, 0x00, 0x13, 0x00, 0x83, 0x63, 0x4D, 0x63, 0x4D, 0x10, 0x00, 0x87, 0x52,
    0x8A, 0x52, 0x8A, 0x63, 0x4D, 0x63, 0x4D, 0x04, 0x00, 0x87, 0x52, 0x8A, 0x52, 0x8A, 0x63, 0x4D,
    0x63, 0x4D, 0x0C, 0x00, 0x87, 0x52, 0x8A, 0x52, 0x8A, 0x63, 0x4D, 0x63, 0x4D, 0x04, 0x00, 0x87,
    0x39, 0xC6, 0x39, 0xC6, 0x63, 0x4D, 0x63, 0x4D, 0x08, 0x00, 0xA3, 0x39, 0xC6, 0x39, 0xC6, 0x39,
    0xC6, 0x39, 0xC6, 0x52, 0x47, 0x52, 0x47, 0x39, 0xC6, 0x39, 0xC6, 0x39, 0xC6, 0x39, 0xC6, 0x63,
    0x4D, 0x63, 0x4D, 0x63, 0x4D, 0x63, 0x4D, 0x52, 0x8A, 0x52, 0x8A, 0x39, 0xC6, 0x39, 0xC6, 0x10,
    0x00, 0x87, 0x63, 0x4D, 0x63, 0x4D, 0x52, 0x8A, 0x52, 0x8A, 0x08, 0x00, 0x87, 0x52, 0x8A, 0x52,
    0x8A, 0x63, 0x4D, 0x63, 0x4D, 0x0C, 0x00, 0x83, 0x39, 0xC6, 0x39, 0xC6, 0x04, 0x00, 0x93, 0x63,
    0x4D, 0x63, 0x4D, 0x52, 0x8A, 0x52, 0x8A, 0x63, 0x0B, 0x63, 0x0B, 0x63, 0x4D, 0x63, 0x4D, 0x52,
    0x8A, 0x52, 0x8A, 0x0C, 0x00, 0x87, 0x63, 0x4D, 0x63, 0x4D, 0x31, 0x44, 0x31, 0x44, 0x04, 0x00,
    0x8B, 0x63, 0x4D, 0x63, 0x4D, 0x63, 0x4D, 0x63, 0x4D, 0x52, 0x8A, 0x52, 0x8A, 0x7F, 0x00, 0x7F,
    0x00, 0x7F, 0x00, 0x1B, 0x00, 0x83, 0x63, 0x4D, 0x63, 0x4D, 0x10, 0x00, 0x87, 0x52, 0x8A, 0x52,
    0x8A, 0x63, 0x4D, 0x63, 0x4D, 0x04, 0x00, 0x87, 0x52, 0x8A, 0x52, 0x8A, 0x63, 0x4D, 0x63, 0x4D,
    0x0C, 0x00, 0x87, 0x52, 0x8A, 0x52, 0x8A, 0x63, 0x4D, 0x63, 0x4D, 0x04, 0x00, 0x87, 0x39, 0xC6,
    0x39, 0xC6, 0x63, 0x4D, 0x63, 0x4D, 0x08, 0x00, 0xA3, 0x39, 0xC6, 0x39, 0xC6, 0x39, 0xC6, 0x39,
    0xC6, 0x52, 0x47, 0x52, 0x47, 0x39, 0xC6, 0x39, 0xC6, 0x39, 0xC6, 0x39, 0xC6, 0x63, 0x4D, 0x63,
    0x4D, 0x63, 0x4D, 0x63, 0x4D, 0x52, 0x8A, 0x52, 0x8A, 0x39, 0xC6, 0x39, 0xC6, 0x10, 0x00, 0x87,
    0x63, 0x4D, 0x63, 0x4D, 0x52, 0x8A, 0x52, 0x8A, 0x08, 0x00, 0x87, 0x52, 0x8A, 0x52, 0x8A, 0x63,
    0x4D, 0x63, 0x4D, 0x0C, 0x00, 0x83, 0x39, 0xC6, 0x39, 0xC6, 0x04, 0x00, 0x93, 0x63, 0x4D, 0x63,
    0x4D, 0x52, 0x8A, 0x52, 0x8A, 0x63, 0x0B, 0x63, 0x0B, 0x63, 0x4D, 0x63, 0x4D, 0x52, 0x8A, 0x52,
    0x8A, 0x0C, 0x00, 0x87, 0x63, 0x4D, 0x63, 0x4D, 0x31, 0x44, 0x31, 0x44, 0x04, 0x00, 0x8B, 0x63,
    0x4D, 0x63, 0x4D, 0x63, 0x4D, 0x63, 0x4D, 0x52, 0x8A, 0x52, 0x8A, 0x7F, 0x00, 0x7F, 0x00, 0x7F,
    0x00, 0x17, 0x00, 0x87, 0x39, 0xC6, 0x39, 0xC6, 0x63, 0x4D, 0x63, 0x4D, 0x10, 0x00, 0x97, 0x31,
    0x44, 0x31, 0x44, 0x63, 0x4D, 0x63, 0x4D, 0x63, 0x4D, 0x63, 0x4D, 0x31, 0x44, 0x31, 0x44, 0x63,
    0x4D, 0x63, 0x4D, 0x63, 0x4D, 0x63, 0x4D, 0x08, 0x00, 0x87, 0x39, 0xC6, 0x39, 0xC6, 0x63, 0x4D,
    0x63, 0x4D, 0x04, 0x00, 0x87, 0x39, 0xC6, 0x39, 0xC6, 0x63, 0x4D, 0x63, 0x4D, 0x10, 0x00, 0x97,
    0x39, 0xC6, 0x39, 0xC6, 0x52, 0x8A, 0x52, 0x8A, 0x39, 0xC6, 0x39, 0xC6, 0x63, 0x4D, 0x63, 0x4D,
    0x52, 0x8A, 0x52, 0x8A, 0x39, 0xC6, 0x39, 0xC6, 0x10, 0x00, 0x8B, 0x63, 0x4D, 0x63, 0x4D, 0x63,
    0x4D, 0x63, 0x4D, 0x39, 0xC6, 0x39, 0xC6, 0x08, 0x00, 0x8B, 0x31, 0x44, 0x31, 0x44, 0x63, 0x4D,
    0x63, 0x4D, 0x63, 0x4D, 0x63, 0x4D, 0x08, 0x00, 0x97, 0x39, 0xC6, 0x39, 0xC6, 0x63, 0x4D, 0x63,
    0x4D, 0x52, 0x8A, 0x52, 0x8A, 0x39, 0xC6, 0x39, 0xC6, 0x63, 0x4D, 0x63, 0x4D, 0x52, 0x8A, 0x52,
    0x8A, 0x0C, 0x00, 0x97, 0x63, 0x4D, 0x63, 0x4D, 0x63, 0x4D, 0x63, 0x4D, 0x52, 0x8A, 0x52, 0x8A,
    0x31, 0x44, 0x31, 0x44, 0x63, 0x4D, 0x63, 0x4D, 0x31, 0x44, 0x31, 0x44, 0x7F, 0x00, 0x7F, 0x00,
    0x7F, 0x00, 0x1B, 0x00, 0x87, 0x39, 0xC6, 0x39, 0xC6, 0x63, 0x4D, 0x63, 0x4D, 0x10, 0x00, 0x97,
    0x31, 0x44, 0x31, 0x44, 0x63, 0x4D, 0x63, 0x4D, 0x63, 0x4D, 0x63, 0x4D, 0x31, 0x44, 0x31, 0x44,
    0x63, 0x4D, 0x63, 0x4D, 0x63, 0x4D, 0x63, 0x4D, 0x08, 0x00, 0x87, 0x39, 0xC6, 0x39, 0xC6, 0x63,
    0x4D, 0x63, 0x4D, 0x04, 0x00, 0x87, 0x39, 0xC6, 0x39, 0xC6, 0x63, 0x4D, 0x63, 0x4D, 0x10, 0x00,
    0x97, 0x39, 0xC6, 0x39, 0xC6, 0x52, 0x8A, 0x52, 0x8A, 0x39, 0xC6, 0x39, 0xC6, 0x63, 0x4D, 0x63,
    0x4D, 0x52, 0x8A, 0x52, 0x8A, 0x39, 0xC6, 0x39, 0xC6, 0x10, 0x00, 0x8B, 0x63, 0x4D, 0x63, 0x4D,
    0x63, 0x4D, 0x63, 0x4D, 0x39, 0xC6, 0x39, 0xC6, 0x08, 0x00, 0x8B, 0x31, 0x44, 0x31, 0x44, 0x63,
    0x4D, 0x63, 0x4D, 0x63, 0x4D, 0x63, 0x4D, 0x08, 0x00, 0x97, 0x39, 0xC6, 0x39, 0xC6, 0x63, 0x4D,
    0x63, 0x4D, 0x52, 0x8A, 0x52, 0x8A, 0x39, 0xC6, 0x39, 0xC6, 0x63, 0x4D, 0x63, 0x4D, 0x52, 0x8A,
    0x52, 0x8A, 0x0C, 0x00, 0x97, 0x63, 0x4D, 0x63, 0x4D, 0x63, 0x4D, 0x63, 0x4D, 0x52, 0x8A, 0x52,
    0x8A, 0x31, 0x44, 0x31, 0x44, 0x63, 0x4D, 0x63, 0x4D, 0x31, 0x44, 0x31, 0x44, 0x7F, 0x00, 0x7F,
    0x00, 0x7F, 0x00, 0x17, 0x00, 0x8F, 0x39, 0xC6, 0x39, 0xC6, 0x52, 0x8A, 0x52, 0x8A, 0x63, 0x4D,
    0x63, 0x4D, 0x63, 0x4D, 0x63, 0x4D, 0x10, 0x00, 0x93, 0x31, 0x44, 0x31, 0x44, 0x63, 0x4D, 0x63,
    0x4D, 0x63, 0x4D, 0x63, 0x4D, 0x52, 0x8A, 0x52, 0x8A, 0x63, 0x4D, 0x63, 0x4D, 0x08, 0x00, 0x8B,
    0x31, 0x44, 0x31, 0x44, 0x63, 0x4D, 0x63, 0x4D, 0x63, 0x4D, 0x63, 0x4D, 0x04, 0x00, 0x87, 0x52,
    0x8A, 0x52, 0x8A, 0x63, 0x4D, 0x63, 0x4D, 0x10, 0x00, 0x8F, 0x39, 0xC6, 0x39, 0xC6, 0x52, 0x8A,
    0x52, 0x8A, 0x52, 0x8A, 0x52, 0x8A, 0x63, 0x4D, 0x63, 0x4D, 0x14, 0x00, 0x8B, 0x63, 0x4D, 0x63,
    0x4D, 0x63, 0x4D, 0x63, 0x4D, 0x52, 0x8A, 0x52, 0x8A, 0x0C, 0x00, 0x87, 0x52, 0x8A, 0x52, 0x8A,
    0x63, 0x4D, 0x63, 0x4D, 0x08, 0x00, 0x9B, 0x31, 0x44, 0x31, 0x44, 0x63, 0x4D, 0x63, 0x4D, 0x39,
    0xC6, 0x39, 0xC6, 0x63, 0x4D, 0x63, 0x4D, 0x52, 0x8A, 0x52, 0x8A, 0x39, 0xC6, 0x39, 0xC6, 0x63,
    0x4D, 0x63, 0x4D, 0x04, 0x00, 0x97, 0x63, 0x4D, 0x63, 0x4D, 0x63, 0x4D, 0x63, 0x4D, 0x52, 0x8A,
    0x52, 0x8A, 0x39, 0xC6, 0x39, 0xC6, 0x39, 0xC6, 0x39, 0xC6, 0x31, 0x44, 0x31, 0x44, 0x7F, 0x00,
    0x7F, 0x00, 0x7F, 0x00, 0x1B, 0x00, 0x8F, 0x39, 0xC6, 0x39, 0xC6, 0x52, 0x8A, 0x52, 0x8A, 0x63,
    0x4D, 0x63, 0x4D, 0x63, 0x4D, 0x63, 0x4D, 0x10, 0x00, 0x93, 0x31, 0x44, 0x31, 0x44, 0x63, 0x4D,
    0x63, 0x4D, 0x63, 0x4D, 0x63, 0x4D, 0x52, 0x8A, 0x52, 0x8A, 0x63, 0x4D, 0x63, 0x4D, 0x08, 0x00,
    0x8B, 0x31, 0x44, 0x31, 0x44, 0x63, 0x4D, 0x63, 0x4D, 0x63, 0x4D, 0x63, 0x4D, 0x04, 0x00, 0x87,
    0x52, 0x8A, 0x52, 0x8A, 0x63, 0x4D, 0x63, 0x4D, 0x10, 0x00, 0x8F, 0x39, 0xC6, 0x39, 0xC6, 0x52,
    0x8A, 0x52, 0x8A, 0x52, 0x8A, 0x52, 0x8A, 0x63, 0x4D, 0x63, 0x4D, 0x14, 0x00, 0x8B, 0x63, 0x4D,
    0x63, 0x4D, 0x63, 0x4D, 0x63, 0x4D, 0x52, 0x8A, 0x52, 0x8A, 0x0C, 0x00, 0x87, 0x52, 0x8A, 0x52,
    0x8A, 0x63, 0x4D, 0x63, 0x4D, 0x08, 0x00, 0x9B, 0x31, 0x44, 0x31, 0x44, 0x63, 0x4D, 0x63, 0x4D,
    0x39, 0xC6, 0x39, 0xC6, 0x63, 0x4D, 0x63, 0x4D, 0x52, 0x8A, 0x52, 0x8A, 0x39, 0xC6, 0x39, 0xC6,
    0x63, 0x4D, 0x63, 0x4D, 0x04, 0x00, 0x97, 0x63, 0x4D, 0x63, 0x4D, 0x63, 0x4D, 0x63, 0x4D, 0x52,
    0x8A, 0x52, 0x8A, 0x39, 0xC6, 0x39, 0xC6, 0x39, 0xC6, 0x39, 0xC6, 0x31, 0x44, 0x31, 0x44, 0x7F,
    0x00, 0x7F, 0x00, 0x7F, 0x00, 0x1F, 0x00, 0x8B, 0x39, 0xC6, 0x39, 0xC6, 0x52, 0x8A, 0x52, 0x8A,
    0x63, 0x4D, 0x63, 0x4D, 0x14, 0x00, 0x93, 0x52, 0x8A, 0x52, 0x8A, 0x39, 0xC6, 0x39, 0xC6, 0x39,
    0xC6, 0x39, 0xC6, 0x63, 0x4D, 0x63, 0x4D, 0x63, 0x4D, 0x63, 0x4D, 0x04, 0x00, 0x8B, 0x39, 0xC6,
    0x39, 0xC6, 0x63, 0x4D, 0x63, 0x4D, 0x63, 0x4D, 0x63, 0x4D, 0x04, 0x00, 0x8B, 0x39, 0xC6, 0x39,
    0xC6, 0x63, 0x4D, 0x63, 0x4D, 0x63, 0x4D, 0x63, 0x4D, 0x10, 0x00, 0x8B, 0x39, 0xC6, 0x39, 0xC6,
    0x52, 0x8A, 0x52, 0x8A, 0x63, 0x4D, 0x63, 0x4D, 0x10, 0x00, 0x8B, 0x63, 0x4D, 0x63, 0x4D, 0x63,
    0x4D, 0x63, 0x4D, 0x52, 0x8A, 0x52, 0x8A, 0x10, 0x00, 0x8B, 0x31, 0x44, 0x31, 0x44, 0x63, 0x4D,
    0x63, 0x4D, 0x63, 0x4D, 0x63, 0x4D, 0x04, 0x00, 0xAF, 0x31, 0x44, 0x31, 0x44, 0x52, 0x8A, 0x52,
    0x8A, 0x39, 0xC6, 0x39, 0xC6, 0x63, 0x4D, 0x63, 0x4D, 0x52, 0x8A, 0x52, 0x8A, 0x63, 0x4D, 0x63,
    0x4D, 0x63, 0x4D, 0x63, 0x4D, 0x63, 0x4D, 0x63, 0x4D, 0x63, 0x4D, 0x63, 0x4D, 0x52, 0x8A, 0x52,
    0x8A, 0x52, 0x8A, 0x52, 0x8A, 0x31, 0x44, 0x31, 0x44, 0x7F, 0x00, 0x7F, 0x00, 0x7F, 0x00, 0x27,
    0x00, 0x8B, 0x39, 0xC6, 0x39, 0xC6, 0x52, 0x8A, 0x52, 0x8A, 0x63, 0x4D, 0x63, 0x4D, 0x14, 0x00,
    0x93, 0x52, 0x8A, 0x52, 0x8A, 0x39, 0xC6, 0x39, 0xC6, 0x39, 0xC6, 0x39, 0xC6, 0x63, 0x4D, 0x63,
    0x4D, 0x63, 0x4D, 0x63, 0x4D, 0x04, 0x00, 0x8B, 0x39, 0xC6, 0x39, 0xC6, 0x63, 0x4D, 0x63, 0x4D,
    0x63, 0x4D, 0x63, 0x4D, 0x04, 0x00, 0x8B, 0x39, 0xC6, 0x39, 0xC6, 0x63, 0x4D, 0x63, 0x4D, 0x63,
    0x4D, 0x63, 0x4D, 0x10, 0x00, 0x8B, 0x39, 0xC6, 0x39, 0xC6, 0x52, 0x8A, 0x52, 0x8A, 0x63, 0x4D,
    0x63, 0x4D, 0x10, 0x00, 0x8B, 0x63, 0x4D, 0x63, 0x4D, 0x63, 0x4D, 0x63, 0x4D, 0x52, 0x8A, 0x52,
    0x8A, 0x10, 0x00, 0x8B, 0x31, 0x44, 0x31, 0x44, 0x63, 0x4D, 0x63, 0x4D, 0x63, 0x4D, 0x63, 0x4D,
    0x04, 0x00, 0xAF, 0x31, 0x44, 0x31, 0x44, 0x52, 0x8A, 0x52, 0x8A, 0x39, 0xC6, 0x39, 0xC6, 0x63,
    0x4D, 0x63, 0x4D, 0x52, 0x8A, 0x52, 0x8A, 0x63, 0x4D, 0x63, 0x4D, 0x63, 0x4D, 0x63, 0x4D, 0x63,
    0x4D, 0x63, 0x4D, 0x63, 0x4D, 0x63, 0x4D, 0x52, 0x8A, 0x52, 0x8A, 0x52, 0x8A, 0x52, 0x8A, 0x31,
    0x44, 0x31, 0x44, 0x7F, 0x00, 0x7F, 0x00, 0x7F, 0x00, 0x2B, 0x00, 0x87, 0x39, 0xC6, 0x39, 0xC6,
    0x63, 0x4D, 0x63, 0x4D, 0x04, 0x00, 0xA3, 0x39, 0xC6, 0x39, 0xC6, 0x63, 0x4D, 0x63, 0x4D, 0x63,
    0x4D, 0x63, 0x4D, 0x63, 0x4D, 0x63, 0x4D, 0x63, 0x0B, 0x63, 0x0B, 0x63, 0x0B, 0x63, 0x0B, 0x31,
    0x44, 0x31, 0x44, 0x63, 0x4D, 0x63, 0x4D, 0x63, 0x4D, 0x63, 0x4D, 0x08, 0x00, 0x87, 0x52, 0x8A,
    0x52, 0x8A, 0x63, 0x4D, 0x63, 0x4D, 0x08, 0x00, 0x8B, 0x52, 0x8A, 0x52, 0x8A, 0x63, 0x4D, 0x63,
    0x4D, 0x63, 0x4D, 0x63, 0x4D, 0x10, 0x00, 0x93, 0x39, 0xC6, 0x39, 0xC6, 0x52, 0x8A, 0x52, 0x8A,
    0x63, 0x4D, 0x63, 0x4D, 0x63, 0x4D, 0x63, 0x4D, 0x63, 0x4D, 0x63, 0x4D, 0x04, 0x00, 0x87, 0x63,
    0x4D, 0x63, 0x4D, 0x52, 0x8A, 0x52, 0x8A, 0x18, 0x00, 0xBB, 0x52, 0x8A, 0x52, 0x8A, 0x63, 0x4D,
    0x63, 0x4D, 0x63, 0x4D, 0x63, 0x4D, 0x31, 0x44, 0x31, 0x44, 0x31, 0x44, 0x31, 0x44, 0x63, 0x4D,
    0x63, 0x4D, 0x52, 0x8A, 0x52, 0x8A, 0x39, 0xC6, 0x39, 0xC6, 0x63, 0x4D, 0x63, 0x4D, 0x63, 0x4D,
    0x63, 0x4D, 0x52, 0x8A, 0x52, 0x8A, 0x52, 0x8A, 0x52, 0x8A, 0x39, 0xC6, 0x39, 0xC6, 0x39, 0xC6,
    0x39, 0xC6, 0x31, 0x44, 0x31, 0x44, 0x7F, 0x00, 0x7F, 0x00, 0x7F, 0x00, 0x2B, 0x00, 0x87, 0x39,
    0xC6, 0x39, 0xC6, 0x63, 0x4D, 0x63, 0x4D, 0x04, 0x00, 0xA3, 0x39, 0xC6, 0x39, 0xC6, 0x63, 0x4D,
    0x63, 0x4D, 0x63, 0x4D, 0x63, 0x4D, 0x63, 0x4D, 0x63, 0x4D, 0x63, 0x0B, 0x63, 0x0B, 0x63, 0x0B,
    0x63, 0x0B, 0x31, 0x44, 0x31, 0x44, 0x63, 0x4D, 0x63, 0x4D, 0x63, 0x4D, 0x63, 0x4D, 0x08, 0x00,
    0x87, 0x52, 0x8A, 0x52, 0x8A, 0x63, 0x4D, 0x63, 0x4D, 0x08, 0x00, 0x8B, 0x52, 0x8A, 0x52, 0x8A,
    0x63, 0x4D, 0x63, 0x4D, 0x63, 0x4D, 0x63, 0x4D, 0x10, 0x00, 0x93, 0x39, 0xC6, 0x39, 0xC6, 0x52,
    0x8A, 0x52, 0x8A, 0x63, 0x4D, 0x63, 0x4D, 0x63, 0x4D, 0x63, 0x4D, 0x63, 0x4D, 0x63, 0x4D, 0x04,
    0x00, 0x87, 0x63, 0x4D, 0x63, 0x4D, 0x52, 0x8A, 0x52, 0x8A, 0x18, 0x00, 0xBB, 0x52, 0x8A, 0x52,
    0x8A, 0x63, 0x4D, 0x63, 0x4D, 0x63, 0x4D, 0x63, 0x4D, 0x31, 0x44, 0x31, 0x44, 0x31, 0x44, 0x31,
    0x44, 0x63, 0x4D, 0x63, 0x4D, 0x52, 0x8A, 0x52, 0x8A, 0x39, 0xC6, 0x39, 0xC6, 0x63, 0x4D, 0x63,
    0x4D, 0x63, 0x4D, 0x63, 0x4D, 0x52, 0x8A, 0x52, 0x8A, 0x52, 0x8A, 0x52, 0x8A, 0x39, 0xC6, 0x39,
    0xC6, 0x39, 0xC6, 0x39, 0xC6, 0x31, 0x44, 0x31, 0x44, 0x7F, 0x00, 0x7F, 0x00, 0x7F, 0x00, 0x2B,
    0x00, 0xAF, 0x39, 0xC6, 0x39, 0xC6, 0x63, 0x4D, 0x63, 0x4D, 0x63, 0x4D, 0x63, 0x4D, 0x39, 0xC6,
    0x39, 0xC6, 0x31, 0x44, 0x31, 0x44, 0x52, 0x8A, 0x52, 0x8A, 0x63, 0x4D, 0x63, 0x4D, 0x63, 0x4D,
    0x63, 0x4D, 0x63, 0x4D, 0x63, 0x4D, 0x52, 0x8A, 0x52, 0x8A, 0x52, 0x8A, 0x52, 0x8A, 0x63, 0x4D,
    0x63, 0x4D, 0x08, 0x00, 0x87, 0x52, 0x8A, 0x52, 0x8A, 0x63, 0x4D, 0x63, 0x4D, 0x0C, 0x00, 0x8B,
    0x52, 0x8A, 0x52, 0x8A, 0x63, 0x4D, 0x63, 0x4D, 0x63, 0x4D, 0x63, 0x4D, 0x10, 0x00, 0x9B, 0x39,
    0xC6, 0x39, 0xC6, 0x63, 0x4D, 0x63, 0x4D, 0xF4, 0x51, 0xF4, 0x51, 0x63, 0x4D, 0x63, 0x4D, 0x63,
    0x4D, 0x63, 0x4D, 0x63, 0x4D, 0x63, 0x4D, 0x39, 0xC6, 0x39, 0xC6, 0x08, 0x00, 0x83, 0x39, 0xC6,
    0x39, 0xC6, 0x0C, 0x00, 0xAF, 0x31, 0x44, 0x31, 0x44, 0x63, 0x4D, 0x63, 0x4D, 0x63, 0x4D, 0x63,
    0x4D, 0x31, 0x44, 0x31, 0x44, 0x63, 0x4D, 0x63, 0x4D, 0x63, 0x4D, 0x63, 0x4D, 0x39, 0xC6, 0x39,
    0xC6, 0x63, 0x4D, 0x63, 0x4D, 0x39, 0xC6, 0x39, 0xC6, 0x39, 0xC6, 0x39, 0xC6, 0x52, 0x8A, 0x52,
    0x8A, 0x39, 0xC6, 0x39, 0xC6, 0x7F, 0x00, 0x7F, 0x00, 0x7F, 0x00, 0x37, 0x00, 0xAF, 0x39, 0xC6,
    0x39, 0xC6, 0x63, 0x4D, 0x63, 0x4D, 0x63, 0x4D, 0x63, 0x4D, 0x39, 0xC6, 0x39, 0xC6, 0x31, 0x44,
    0x31, 0x44, 0x52, 0x8A, 0x52, 0x8A, 0x63, 0x4D, 0x63, 0x4D, 0x63, 0x4D, 0x63, 0x4D, 0x63, 0x4D,
    0x63, 0x4D, 0x52, 0x8A, 0x52, 0x8A, 0x52, 0x8A, 0x52, 0x8A, 0x63, 0x4D, 0x63, 0x4D, 0x08, 0x00,
    0x87, 0x52, 0x8A, 0x52, 0x8A, 0x63, 0x4D, 0x63, 0x4D, 0x0C, 0x00, 0x8B, 0x52, 0x8A, 0x52, 0x8A,
    0x63, 0x4D, 0x63, 0x4D, 0x63, 0x4D, 0x63, 0x4D, 0x10, 0x00, 0x9B, 0x39, 0xC6, 0x39, 0xC6, 0x63,
    0x4D, 0x63, 0x4D, 0xF4, 0x51, 0xF4, 0x51, 0x63, 0x4D, 0x63, 0x4D, 0x63, 0x4D, 0x63, 0x4D, 0x63,
    0x4D, 0x63, 0x4D, 0x39, 0xC6, 0x39, 0xC6, 0x08, 0x00, 0x83, 0x39, 0xC6, 0x39, 0xC6, 0x0C, 0x00,
    0xAF, 0x31, 0x44, 0x31, 0x44, 0x63, 0x4D, 0x63, 0x4D, 0x63, 0x4D, 0x63, 0x4D, 0x31, 0x44, 0x31,
    0x44, 0x63, 0x4D, 0x63, 0x4D, 0x63, 0x4D, 0x63, 0x4D, 0x39, 0xC6, 0x39, 0xC6, 0x63, 0x4D, 0x63,
    0x4D, 0x39, 0xC6, 0x39, 0xC6, 0x39, 0xC6, 0x39, 0xC6, 0x52, 0x8A, 0x52, 0x8A, 0x39, 0xC6, 0x39,
    0xC6, 0x7F, 0x00, 0x7F, 0x00, 0x7F, 0x00, 0x3B, 0x00, 0xAB, 0x39, 0xC6, 0x39, 0xC6, 0x63, 0x4D,
    0x63, 0x4D, 0x63, 0x0B, 0x63, 0x0B, 0x63, 0x0B, 0x63, 0x0B, 0x39, 0xC6, 0x39, 0xC6, 0x39, 0xC6,
    0x39, 0xC6, 0x52, 0x8A, 0x52, 0x8A, 0x63, 0x4D, 0x63, 0x4D, 0x31, 0x44, 0x31, 0x44, 0x39, 0xC6,
    0x39, 0xC6, 0x63, 0x4D, 0x63, 0x4D, 0x08, 0x00, 0x8B, 0x31, 0x44, 0x31, 0x44, 0x63, 0x4D, 0x63,
    0x4D, 0x63, 0x4D, 0x63, 0x4D, 0x0C, 0x00, 0x87, 0x52, 0x8A, 0x52, 0x8A, 0x63, 0x4D, 0x63, 0x4D,
    0x10, 0x00, 0x97, 0x39, 0xC6, 0x39, 0xC6, 0x52, 0x8A, 0x52, 0x8A, 0x63, 0x4D, 0x63, 0x4D, 0x63,
    0x4D, 0x63, 0x4D, 0x63, 0x4D, 0x63, 0x4D, 0x52, 0x8A, 0x52, 0x8A, 0x08, 0x00, 0x8B, 0x63, 0x4D,
    0x63, 0x4D, 0x63, 0x4D, 0x63, 0x4D, 0x39, 0xC6, 0x39, 0xC6, 0x0C, 0x00, 0xA7, 0x39, 0xC6, 0x39,
    0xC6, 0x39, 0xC6, 0x39, 0xC6, 0x39, 0xC6, 0x39, 0xC6, 0x63, 0x4D, 0x63, 0x4D, 0x39, 0xC6, 0x39,
    0xC6, 0x39, 0xC6, 0x39, 0xC6, 0x31, 0x44, 0x31, 0x44, 0x31, 0x44, 0x31, 0x44, 0x39, 0xC6, 0x39,
    0xC6, 0x39, 0xC6, 0x39, 0xC6, 0x1C, 0x00, 0x8B, 0x9C, 0xDE, 0x9C, 0xDE, 0x63, 0x4D, 0x63, 0x4D,
    0x63, 0x4D, 0x63, 0x4D, 0x7F, 0x00, 0x7F, 0x00, 0x7F, 0x00, 0x17, 0x00, 0xAB, 0x39, 0xC6, 0x39,
    0xC6, 0x63, 0x4D, 0x63, 0x4D, 0x63, 0x0B, 0x63, 0x0B, 0x63, 0x0B, 0x63, 0x0B, 0x39, 0xC6, 0x39,
    0xC6, 0x39, 0xC6, 0x39, 0xC6, 0x52, 0x8A, 0x52, 0x8A, 0x63, 0x4D, 0x63, 0x4D, 0x31, 0x44, 0x31,
    0x44, 0x39, 0xC6, 0x39, 0xC6, 0x63, 0x4D, 0x63, 0x4D, 0x08, 0x00, 0x8B, 0x31, 0x44, 0x31, 0x44,
    0x63, 0x4D, 0x63, 0x4D, 0x63, 0x4D, 0x63, 0x4D, 0x0C, 0x00, 0x87, 0x52, 0x8A, 0x52, 0x8A, 0x63,
    0x4D, 0x63, 0x4D, 0x10, 0x00, 0x97, 0x39, 0xC6, 0x39, 0xC6, 0x52, 0x8A, 0x52, 0x8A, 0x63, 0x4D,
    0x63, 0x4D, 0x63, 0x4D, 0x63, 0x4D, 0x63, 0x4D, 0x63, 0x4D, 0x52, 0x8A, 0x52, 0x8A, 0x08, 0x00,
    0x8B, 0x63, 0x4D, 0x63, 0x4D, 0x63, 0x4D, 0x63, 0x4D, 0x39, 0xC6, 0x39, 0xC6, 0x0C, 0x00, 0xA7,
    0x39, 0xC6, 0x39, 0xC6, 0x39, 0xC6, 0x39, 0xC6, 0x39, 0xC6, 0x39, 0xC6, 0x63, 0x4D, 0x63, 0x4D,
    0x39, 0xC6, 0x39, 0xC6, 0x39, 0xC6, 0x39, 0xC6, 0x31, 0x44, 0x31, 0x44, 0x31, 0x44, 0x31, 0x44,
    0x39, 0xC6, 0x39, 0xC6, 0x39, 0xC6, 0x39, 0xC6, 0x1C, 0x00, 0x8B, 0x9C, 0xDE, 0x9C, 0xDE, 0x63,
    0x4D, 0x63, 0x4D, 0x63, 0x4D, 0x63, 0x4D, 0x7F, 0x00, 0x7F, 0x00, 0x7F, 0x00, 0x1B, 0x00, 0x8B,
    0x39, 0xC6, 0x39, 0xC6, 0x63, 0x0B, 0x63, 0x0B, 0x63, 0x4D, 0x63, 0x4D, 0x0C, 0x00, 0xA3, 0x39,
    0xC6, 0x39, 0xC6, 0x39, 0xC6, 0x39, 0xC6, 0x31, 0x44, 0x31, 0x44, 0x39, 0xC6, 0x39, 0xC6, 0x63,
    0x4D, 0x63, 0x4D, 0x63, 0x4D, 0x63, 0x4D, 0x39, 0xC6, 0x39, 0xC6, 0x9C, 0xDE, 0x9C, 0xDE, 0x63,
    0x4D, 0x63, 0x4D, 0x10, 0x00, 0x87, 0x52, 0x8A, 0x52, 0x8A, 0x63, 0x4D, 0x63, 0x4D, 0x0C, 0x00,
    0x97, 0x31, 0x44, 0x31, 0x44, 0x52, 0x8A, 0x52, 0x8A, 0x52, 0x8A, 0x52, 0x8A, 0x52, 0x8A, 0x52,
    0x8A, 0x63, 0x4D, 0x63, 0x4D, 0x31, 0x44, 0x31, 0x44, 0x04, 0x00, 0x8B, 0x63, 0x4D, 0x63, 0x4D,
    0x63, 0x4D, 0x63, 0x4D, 0x31, 0x44, 0x31, 0x44, 0x04, 0x00, 0x83, 0x39, 0xC6, 0x39, 0xC6, 0x0C,
    0x00, 0x8B, 0x63, 0x4D, 0x63, 0x4D, 0x39, 0xC6, 0x39, 0xC6, 0x39, 0xC6, 0x39, 0xC6, 0x08, 0x00,
    0x83, 0x31, 0x44, 0x31, 0x44, 0x24, 0x00, 0x8B, 0x63, 0x4D, 0x63, 0x4D, 0x52, 0x8A, 0x52, 0x8A,
    0x52, 0x8A, 0x52, 0x8A, 0x7F, 0x00, 0x7F, 0x00, 0x7F, 0x00, 0x1F, 0x00, 0x8B, 0x39, 0xC6, 0x39,
    0xC6, 0x63, 0x0B, 0x63, 0x0B, 0x63, 0x4D, 0x63, 0x4D, 0x0C, 0x00, 0xA3, 0x39, 0xC6, 0x39, 0xC6,
    0x39, 0xC6, 0x39, 0xC6, 0x31, 0x44, 0x31, 0x44, 0x39, 0xC6, 0x39, 0xC6, 0x63, 0x4D, 0x63, 0x4D,
    0x63, 0x4D, 0x63, 0x4D, 0x39, 0xC6, 0x39, 0xC6, 0x9C, 0xDE, 0x9C, 0xDE, 0x63, 0x4D, 0x63, 0x4D,
    0x10, 0x00, 0x87, 0x52, 0x8A, 0x52, 0x8A, 0x63, 0x4D, 0x63, 0x4D, 0x0C, 0x00, 0x97, 0x31, 0x44,
    0x31, 0x44, 0x52, 0x8A, 0x52, 0x8A, 0x52, 0x8A, 0x52, 0x8A, 0x52, 0x8A, 0x52, 0x8A, 0x63, 0x4D,
    0x63, 0x4D, 0x31, 0x44, 0x31, 0x44, 0x04, 0x00, 0x8B, 0x63, 0x4D, 0x63, 0x4D, 0x63, 0x4D, 0x63,
    0x4D, 0x31, 0x44, 0x31, 0x44, 0x04, 0x00, 0x83, 0x39, 0xC6, 0x39, 0xC6, 0x0C, 0x00, 0x8B, 0x63,
    0x4D, 0x63, 0x4D, 0x39, 0xC6, 0x39, 0xC6, 0x39, 0xC6, 0x39, 0xC6, 0x08, 0x00, 0x83, 0x31, 0x44,
    0x31, 0x44, 0x24, 0x00, 0x8B, 0x63, 0x4D, 0x63, 0x4D, 0x52, 0x8A, 0x52, 0x8A, 0x52, 0x8A, 0x52,
    0x8A, 0x7F, 0x00, 0x7F, 0x00, 0x7F, 0x00, 0x23, 0x00, 0x8F, 0x39, 0xC6, 0x39, 0xC6, 0x39, 0xC6,
    0x39, 0xC6, 0x63, 0x4D, 0x63, 0x4D, 0x63, 0x4D, 0x63, 0x4D, 0x14, 0x00, 0x93, 0x31, 0x44, 0x31,
    0x44, 0x52, 0x8A, 0x52, 0x8A, 0x63, 0x4D, 0x63, 0x4D, 0x52, 0x8A, 0x52, 0x8A, 0x63, 0x4D, 0x63,
    0x4D, 0x10, 0x00, 0x87, 0x52, 0x8A, 0x52, 0x8A, 0x63, 0x4D, 0x63, 0x4D, 0x10, 0x00, 0x9F, 0x31,
    0x44, 0x31, 0x44, 0x63, 0x4D, 0x63, 0x4D, 0x63, 0x4D, 0x63, 0x4D, 0x31, 0x44, 0x31, 0x44, 0x63,
    0x4D, 0x63, 0x4D, 0x63, 0x4D, 0x63, 0x4D, 0x63, 0x4D, 0x63, 0x4D, 0x52, 0x8A, 0x52, 0x8A, 0x08,
    0x00, 0x83, 0x39, 0xC6, 0x39, 0xC6, 0x08, 0x00, 0x87, 0x63, 0x4D, 0x63, 0x4D, 0x39, 0xC6, 0x39,
    0xC6, 0x04, 0x00, 0x8B, 0x39, 0xC6, 0x39, 0xC6, 0x31, 0x44, 0x31, 0x44, 0x31, 0x44, 0x31, 0x44,
    0x24, 0x00, 0x8B, 0x63, 0x4D, 0x63, 0x4D, 0x52, 0x8A, 0x52, 0x8A, 0x39, 0xC6, 0x39, 0xC6, 0x7F,
    0x00, 0x7F, 0x00, 0x7F, 0x00, 0x27, 0x00, 0x8F, 0x39, 0xC6, 0x39, 0xC6, 0x39, 0xC6, 0x39, 0xC6,
    0x63, 0x4D, 0x63, 0x4D, 0x63, 0x4D, 0x63, 0x4D, 0x14, 0x00, 0x93, 0x31, 0x44, 0x31, 0x44, 0x52,
    0x8A, 0x52, 0x8A, 0x63, 0x4D, 0x63, 0x4D, 0x52, 0x8A, 0x52, 0x8A, 0x63, 0x4D, 0x63, 0x4D, 0x10,
    0x00, 0x87, 0x52, 0x8A, 0x52, 0x8A, 0x63, 0x4D, 0x63, 0x4D, 0x10, 0x00, 0x9F, 0x31, 0x44, 0x31,
    0x44, 0x63, 0x4D, 0x63, 0x4D, 0x63, 0x4D, 0x63, 0x4D, 0x31, 0x44, 0x31, 0x44, 0x63, 0x4D, 0x63,
    0x4D, 0x63, 0x4D, 0x63, 0x4D, 0x63, 0x4D, 0x63, 0x4D, 0x52, 0x8A, 0x52, 0x8A, 0x08, 0x00, 0x83,
    0x39, 0xC6, 0x39, 0xC6, 0x08, 0x00, 0x87, 0x63, 0x4D, 0x63, 0x4D, 0x39, 0xC6, 0x39, 0xC6, 0x04,
    0x00, 0x8B, 0x39, 0xC6, 0x39, 0xC6, 0x31, 0x44, 0x31, 0x44, 0x31, 0x44, 0x31, 0x44, 0x24, 0x00,
    0x8B, 0x63, 0x4D, 0x63, 0x4D, 0x52, 0x8A, 0x52, 0x8A, 0x39, 0xC6, 0x39, 0xC6, 0x7F, 0x00, 0x7F,
    0x00, 0x7F, 0x00, 0x17, 0x00, 0xA3, 0x63, 0x4D, 0x63, 0x4D, 0x63, 0x4D, 0x63, 0x4D, 0x9F, 0x93,
    0x9F, 0x93, 0x63, 0x4D, 0x63, 0x4D, 0x63, 0x4D, 0x63, 0x4D, 0x63, 0x4D, 0x63, 0x4D, 0x52, 0x8A,
    0x52, 0x8A, 0x63, 0x4D, 0x63, 0x4D, 0x52, 0x8A, 0x52, 0x8A, 0x14, 0x00, 0x93, 0x52, 0x8A, 0x52,
    0x8A, 0x63, 0x4D, 0x63, 0x4D, 0x39, 0xC6, 0x39, 0xC6, 0x63, 0x4D, 0x63, 0x4D, 0x63, 0x4D, 0x63,
    0x4D, 0x10, 0x00, 0x87, 0x52, 0x8A, 0x52, 0x8A, 0x63, 0x4D, 0x63, 0x4D, 0x0C, 0x00, 0x9B, 0x39,
    0xC6, 0x39, 0xC6, 0x52, 0x8A, 0x52, 0x8A, 0x63, 0x4D, 0x63, 0x4D, 0x31, 0x44, 0x31, 0x44, 0x31,
    0x44, 0x31, 0x44, 0x31, 0x44, 0x31, 0x44, 0x52, 0x8A, 0x52, 0x8A, 0x10, 0x00, 0x8B, 0x39, 0xC6,
    0x39, 0xC6, 0x63, 0x4D, 0x63, 0x4D, 0x39, 0xC6, 0x39, 0xC6, 0x08, 0x00, 0x83, 0x39, 0xC6, 0x39,
    0xC6, 0x1C, 0x00, 0x97, 0x63, 0x4D, 0x63, 0x4D, 0x63, 0x4D, 0x63, 0x4D, 0x63, 0x4D, 0x63, 0x4D,
    0x63, 0x4D, 0x63, 0x4D, 0x63, 0x4D, 0x63, 0x4D, 0x39, 0xC6, 0x39, 0xC6, 0x7F, 0x00, 0x7F, 0x00,
    0x7F, 0x00, 0x1B, 0x00, 0xA3, 0x63, 0x4D, 0x63, 0x4D, 0x63, 0x4D, 0x63, 0x4D, 0x9F, 0x93, 0x9F,
    0x93, 0x63, 0x4D, 0x63, 0x4D, 0x63, 0x4D, 0x63, 0x4D, 0x63, 0x4D, 0x63, 0x4D, 0x52, 0x8A, 0x52,
    0x8A, 0x63, 0x4D, 0x63, 0x4D, 0x52, 0x8A, 0x52, 0x8A, 0x14, 0x00, 0x93, 0x52, 0x8A, 0x52, 0x8A,
    0x63, 0x4D, 0x63, 0x4D, 0x39, 0xC6, 0x39, 0xC6, 0x63, 0x4D, 0x63, 0x4D, 0x63, 0x4D, 0x63, 0x4D,
    0x10, 0x00, 0x87, 0x52, 0x8A, 0x52, 0x8A, 0x63, 0x4D, 0x63, 0x4D, 0x0C, 0x00, 0x9B, 0x39, 0xC6,
    0x39, 0xC6, 0x52, 0x8A, 0x52, 0x8A, 0x63, 0x4D, 0x63, 0x4D, 0x31, 0x44, 0x31, 0x44, 0x31, 0x44,
    0x31, 0x44, 0x31, 0x44, 0x31, 0x44, 0x52, 0x8A, 0x52, 0x8A, 0x10, 0x00, 0x8B, 0x39, 0xC6, 0x39,
    0xC6, 0x63, 0x4D, 0x63, 0x4D, 0x39, 0xC6, 0x39, 0xC6, 0x08, 0x00, 0x83, 0x39, 0xC6, 0x39, 0xC6,
    0x1C, 0x00, 0x97, 0x63, 0x4D, 0x63, 0x4D, 0x63, 0x4D, 0x63, 0x4D, 0x63, 0x4D, 0x63, 0x4D, 0x63,
    0x4D, 0x63, 0x4D, 0x63, 0x4D, 0x63, 0x4D, 0x39, 0xC6, 0x39, 0xC6, 0x7F, 0x00, 0x7F, 0x00, 0x7F,
    0x00, 0x13, 0x00, 0xB3, 0x63, 0x4D, 0x63, 0x4D, 0x63, 0x4D, 0x63, 0x4D, 0x63, 0x4D, 0x63, 0x4D,
    0x63, 0x4D, 0x63, 0x4D, 0x52, 0x8A, 0x52, 0x8A, 0x39, 0xC6, 0x39, 0xC6, 0x52, 0x8A, 0x52, 0x8A,
    0x39, 0xC6, 0x39, 0xC6, 0x39, 0xC6, 0x39, 0xC6, 0x52, 0x8A, 0x52, 0x8A, 0x63, 0x4D, 0x63, 0x4D,
    0x63, 0x4D, 0x63, 0x4D, 0x63, 0x4D, 0x63, 0x4D, 0x0C, 0x00, 0x9B, 0x31, 0x44, 0x31, 0x44, 0x52,
    0x8A, 0x52, 0x8A, 0x52, 0x8A, 0x52, 0x8A, 0x52, 0x8A, 0x52, 0x8A, 0x63, 0x4D, 0x63, 0x4D, 0x63,
    0x4D, 0x63, 0x4D, 0x63, 0x4D, 0x63, 0x4D, 0x08, 0x00, 0x87, 0x39, 0xC6, 0x39, 0xC6, 0x63, 0x4D,
    0x63, 0x4D, 0x0C, 0x00, 0x8F, 0x39, 0xC6, 0x39, 0xC6, 0x31, 0x44, 0x31, 0x44, 0x63, 0x4D, 0x63,
    0x4D, 0x63, 0x4D, 0x63, 0x4D, 0x1C, 0x00, 0x97, 0x63, 0x4D, 0x63, 0x4D, 0x39, 0xC6, 0x39, 0xC6,
    0x39, 0xC6, 0x39, 0xC6, 0x39, 0xC6, 0x39, 0xC6, 0x39, 0xC6, 0x39, 0xC6, 0x39, 0xC6, 0x39, 0xC6,
    0x0C, 0x00, 0xA3, 0x63, 0x4D, 0x63, 0x4D, 0x63, 0x4D, 0x63, 0x4D, 0x63, 0x4D, 0x63, 0x4D, 0x63,
    0x4D, 0x63, 0x4D, 0x63, 0x4D, 0x63, 0x4D, 0x63, 0x4D, 0x63, 0x4D, 0x52, 0x8A, 0x52, 0x8A, 0x52,
    0x8A, 0x52, 0x8A, 0x39, 0xC6, 0x39, 0xC6, 0x7F, 0x00, 0x7F, 0x00, 0x7F, 0x00, 0x17, 0x00, 0xB3,
    0x63, 0x4D, 0x63, 0x4D, 0x63, 0x4D, 0x63, 0x4D, 0x63, 0x4D, 0x63, 0x4D, 0x63, 0x4D, 0x63, 0x4D,
    0x52, 0x8A, 0x52, 0x8A, 0x39, 0xC6, 0x39, 0xC6, 0x52, 0x8A, 0x52, 0x8A, 0x39, 0xC6, 0x39, 0xC6,
    0x39, 0xC6, 0x39, 0xC6, 0x52, 0x8A, 0x52, 0x8A, 0x63, 0x4D, 0x63, 0x4D, 0x63, 0x4D, 0x63, 0x4D,
    0x63, 0x4D, 0x63, 0x4D, 0x0C, 0x00, 0x9B, 0x31, 0x44, 0x31, 0x44, 0x52, 0x8A, 0x52, 0x8A, 0x52,
    0x8A, 0x52, 0x8A, 0x52, 0x8A, 0x52, 0x8A, 0x63, 0x4D, 0x63, 0x4D, 0x63, 0x4D, 0x63, 0x4D, 0x63,
    0x4D, 0x63, 0x4D, 0x08, 0x00, 0x87, 0x39, 0xC6, 0x39, 0xC6, 0x63, 0x4D, 0x63, 0x4D, 0x0C, 0x00,
    0x8F, 0x39, 0xC6, 0x39, 0xC6, 0x31, 0x44, 0x31, 0x44, 0x63, 0x4D, 0x63, 0x4D, 0x63, 0x4D, 0x63,
    0x4D, 0x1C, 0x00, 0x97, 0x63, 0x4D, 0x63, 0x4D, 0x39, 0xC6, 0x39, 0xC6, 0x39, 0xC6, 0x39, 0xC6,
    0x39, 0xC6, 0x39, 0xC6, 0x39, 0xC6, 0x39, 0xC6, 0x39, 0xC6, 0x39, 0xC6, 0x0C, 0x00, 0xA3, 0x63,
    0x4D, 0x63, 0x4D, 0x63, 0x4D, 0x63, 0x4D, 0x63, 0x4D, 0x63, 0x4D, 0x63, 0x4D, 0x63, 0x4D, 0x63,
    0x4D, 0x63, 0x4D, 0x63, 0x4D, 0x63, 0x4D, 0x52, 0x8A, 0x52, 0x8A, 0x52, 0x8A, 0x52, 0x8A, 0x39,
    0xC6, 0x39, 0xC6, 0x7F, 0x00, 0x7F, 0x00, 0x7F, 0x00, 0x17, 0x00, 0x8F, 0x39, 0xC6, 0x39, 0xC6,
    0x39, 0xC6, 0x39, 0xC6, 0x52, 0x8A, 0x52, 0x8A, 0x52, 0x8A, 0x52, 0x8A, 0x14, 0x00, 0x93, 0x39,
    0xC6, 0x39, 0xC6, 0x39, 0xC6, 0x39, 0xC6, 0x52, 0x8A, 0x52, 0x8A, 0xF7, 0x93, 0xF7, 0x93, 0x63,
    0x4D, 0x63, 0x4D, 0x10, 0x00, 0x93, 0x39, 0xC6, 0x39, 0xC6, 0x52, 0x8A, 0x52, 0x8A, 0x52, 0x8A,
    0x52, 0x8A, 0x63, 0x4D, 0x63, 0x4D, 0x63, 0x4D, 0x63, 0x4D, 0x08, 0x00, 0x8B, 0x31, 0x44, 0x31,
    0x44, 0x63, 0x4D, 0x63, 0x4D, 0x63, 0x4D, 0x63, 0x4D, 0x08, 0x00, 0x8F, 0x31, 0x44, 0x31, 0x44,
    0x52, 0x47, 0x52, 0x47, 0x52, 0x8A, 0x52, 0x8A, 0x63, 0x4D, 0x63, 0x4D, 0x04, 0x00, 0x8B, 0x31,
    0x44, 0x31, 0x44, 0x31, 0x44, 0x31, 0x44, 0x31, 0x44, 0x31, 0x44, 0x08, 0x00, 0x8B, 0x63, 0x4D,
    0x63, 0x4D, 0x63, 0x4D, 0x63, 0x4D, 0x39, 0xC6, 0x39, 0xC6, 0x08, 0x00, 0x83, 0x39, 0xC6, 0x39,
    0xC6, 0x04, 0x00, 0xA3, 0x63, 0x4D, 0x63, 0x4D, 0x63, 0x0B, 0x63, 0x0B, 0x63, 0x4D, 0x63, 0x4D,
    0x63, 0x4D, 0x63, 0x4D, 0x52, 0x8A, 0x52, 0x8A, 0x63, 0x4D, 0x63, 0x4D, 0x63, 0x4D, 0x63, 0x4D,
    0x31, 0x44, 0x31, 0x44, 0x52, 0x8A, 0x52, 0x8A, 0x7F, 0x00, 0x7F, 0x00, 0x7F, 0x00, 0x23, 0x00,
    0x8F, 0x39, 0xC6, 0x39, 0xC6, 0x39, 0xC6, 0x39, 0xC6, 0x52, 0x8A, 0x52, 0x8A, 0x52, 0x8A, 0x52,
    0x8A, 0x14, 0x00, 0x93, 0x39, 0xC6, 0x39, 0xC6, 0x39, 0xC6, 0x39, 0xC6, 0x52, 0x8A, 0x52, 0x8A,
    0xF7, 0x93, 0xF7, 0x93, 0x63, 0x4D, 0x63, 0x4D, 0x10, 0x00, 0x93, 0x39, 0xC6, 0x39, 0xC6, 0x52,
    0x8A, 0x52, 0x8A, 0x52, 0x8A, 0x52, 0x8A, 0x63, 0x4D, 0x63, 0x4D, 0x63, 0x4D, 0x63, 0x4D, 0x08,
    0x00, 0x8B, 0x31, 0x44, 0x31, 0x44, 0x63, 0x4D, 0x63, 0x4D, 0x63, 0x4D, 0x63, 0x4D, 0x08, 0x00,
    0x8F, 0x31, 0x44, 0x31, 0x44, 0x52, 0x47, 0x52, 0x47, 0x52, 0x8A, 0x52, 0x8A, 0x63, 0x4D, 0x63,
    0x4D, 0x04, 0x00, 0x8B, 0x31, 0x44, 0x31, 0x44, 0x31, 0x44, 0x31, 0x44, 0x31, 0x44, 0x31, 0x44,
    0x08, 0x00, 0x8B, 0x63, 0x4D, 0x63, 0x4D, 0x63, 0x4D, 0x63, 0x4D, 0x39, 0xC6, 0x39, 0xC6, 0x08,
    0x00, 0x83, 0x39, 0xC6, 0x39, 0xC6, 0x04, 0x00, 0xA3, 0x63, 0x4D, 0x63, 0x4D, 0x63, 0x0B, 0x63,
    0x0B, 0x63, 0x4D, 0x63, 0x4D, 0x63, 0x4D, 0x63, 0x4D, 0x52, 0x8A, 0x52, 0x8A, 0x63, 0x4D, 0x63,
    0x4D, 0x63, 0x4D, 0x63, 0x4D, 0x31, 0x44, 0x31, 0x44, 0x52, 0x8A, 0x52, 0x8A, 0x7F, 0x00, 0x7F,
    0x00, 0x7F, 0x00, 0x53, 0x00, 0x8B, 0x39, 0xC6, 0x39, 0xC6, 0x52, 0x8A, 0x52, 0x8A, 0x52, 0x8A,
    0x52, 0x8A, 0x0C, 0x00, 0x93, 0x31, 0x44, 0x31, 0x44, 0x63, 0x0B, 0x63, 0x0B, 0x63, 0x0B, 0x63,
    0x0B, 0x39, 0xC6, 0x39, 0xC6, 0x63, 0x4D, 0x63, 0x4D, 0x0C, 0x00, 0x8B, 0x52, 0x8A, 0x52, 0x8A,
    0x63, 0x4D, 0x63, 0x4D, 0x63, 0x4D, 0x63, 0x4D, 0x04, 0x00, 0x93, 0x31, 0x44, 0x31, 0x44, 0x52,
    0x47, 0x52, 0x47, 0x63, 0x4D, 0x63, 0x4D, 0x63, 0x4D, 0x63, 0x4D, 0x63, 0x4D, 0x63, 0x4D, 0x0C,
    0x00, 0x83, 0x31, 0x44, 0x31, 0x44, 0x04, 0x00, 0x87, 0x63, 0x4D, 0x63, 0x4D, 0x39, 0xC6, 0x39,
    0xC6, 0x08, 0x00, 0x83, 0x39, 0xC6, 0x39, 0xC6, 0x04, 0x00, 0x9B, 0x63, 0x4D, 0x63, 0x4D, 0x63,
    0x4D, 0x63, 0x4D, 0x52, 0x8A, 0x52, 0x8A, 0x63, 0x4D, 0x63, 0x4D, 0x52, 0x8A, 0x52, 0x8A, 0x31,
    0x44, 0x31, 0x44, 0x52, 0x8A, 0x52, 0x8A, 0x7F, 0x00, 0x7F, 0x00, 0x7F, 0x00, 0x5F, 0x00, 0x8B,
    0x39, 0xC6, 0x39, 0xC6, 0x52, 0x8A, 0x52, 0x8A, 0x52, 0x8A, 0x52, 0x8A, 0x0C, 0x00, 0x93, 0x31,
    0x44, 0x31, 0x44, 0x63, 0x0B, 0x63, 0x0B, 0x63, 0x0B, 0x63, 0x0B, 0x39, 0xC6, 0x39, 0xC6, 0x63,
    0x4D, 0x63, 0x4D, 0x0C, 0x00, 0x8B, 0x52, 0x8A, 0x52, 0x8A, 0x63, 0x4D, 0x63, 0x4D, 0x63, 0x4D,
    0x63, 0x4D, 0x04, 0x00, 0x93, 0x31, 0x44, 0x31, 0x44, 0x52, 0x47, 0x52, 0x47, 0x63, 0x4D, 0x63,
    0x4D, 0x63, 0x4D, 0x63, 0x4D, 0x63, 0x4D, 0x63, 0x4D, 0x0C, 0x00, 0x83, 0x31, 0x44, 0x31, 0x44,
    0x04, 0x00, 0x87, 0x63, 0x4D, 0x63, 0x4D, 0x39, 0xC6, 0x39, 0xC6, 0x08, 0x00, 0x83, 0x39, 0xC6,
    0x39, 0xC6, 0x04, 0x00, 0x9B, 0x63, 0x4D, 0x63, 0x4D, 0x63, 0x4D, 0x63, 0x4D, 0x52, 0x8A, 0x52,
    0x8A, 0x63, 0x4D, 0x63, 0x4D, 0x52, 0x8A, 0x52, 0x8A, 0x31, 0x44, 0x31, 0x44, 0x52, 0x8A, 0x52,
    0x8A, 0x7F, 0x00, 0x7F, 0x00, 0x7F, 0x00, 0x63, 0x00, 0x87, 0x39, 0xC6, 0x39, 0xC6, 0x39, 0xC6,
    0x39, 0xC6, 0x10, 0x00, 0x8F, 0x39, 0xC6, 0x39, 0xC6, 0x31, 0x44, 0x31, 0x44, 0x39, 0xC6, 0x39,
    0xC6, 0x63, 0x4D, 0x63, 0x4D, 0x10, 0x00, 0x87, 0x63, 0x4D, 0x63, 0x4D, 0x52, 0x8A, 0x52, 0x8A,
    0x04, 0x00, 0x93, 0x31, 0x44, 0x31, 0x44, 0x31, 0x44, 0x31, 0x44, 0x52, 0x8A, 0x52, 0x8A, 0x63,
    0x4D, 0x63, 0x4D, 0x63, 0x4D, 0x63, 0x4D, 0x10, 0x00, 0x87, 0x39, 0xC6, 0x39, 0xC6, 0x39, 0xC6,
    0x39, 0xC6, 0x0C, 0x00, 0x83, 0x39, 0xC6, 0x39, 0xC6, 0x04, 0x00, 0x8B, 0x63, 0x4D, 0x63, 0x4D,
    0x63, 0x4D, 0x63, 0x4D, 0x52, 0x8A, 0x52, 0x8A, 0x7F, 0x00, 0x7F, 0x00, 0x7F, 0x00, 0x73, 0x00,
    0x87, 0x39, 0xC6, 0x39, 0xC6, 0x39, 0xC6, 0x39, 0xC6, 0x10, 0x00, 0x8F, 0x39, 0xC6, 0x39, 0xC6,
    0x31, 0x44, 0x31, 0x44, 0x39, 0xC6, 0x39, 0xC6, 0x63, 0x4D, 0x63, 0x4D, 0x10, 0x00, 0x87, 0x63,
    0x4D, 0x63, 0x4D, 0x52, 0x8A, 0x52, 0x8A, 0x04, 0x00, 0x93, 0x31, 0x44, 0x31, 0x44, 0x31, 0x44,
    0x31, 0x44, 0x52, 0x8A, 0x52, 0x8A, 0x63, 0x4D, 0x63, 0x4D, 0x63, 0x4D, 0x63, 0x4D, 0x10, 0x00,
    0x87, 0x39, 0xC6, 0x39, 0xC6, 0x39, 0xC6, 0x39, 0xC6, 0x0C, 0x00, 0x83, 0x39, 0xC6, 0x39, 0xC6,
    0x04, 0x00, 0x8B, 0x63, 0x4D, 0x63, 0x4D, 0x63, 0x4D, 0x63, 0x4D, 0x52, 0x8A, 0x52, 0x8A, 0x7F,
    0x00, 0x7F, 0x00, 0x7F, 0x00, 0x7B, 0x00, 0xA7, 0x63, 0x0B, 0x63, 0x0B, 0x31, 0x44, 0x31, 0x44,
    0x39, 0xC6, 0x39, 0xC6, 0x52, 0x8A, 0x52, 0x8A, 0x63, 0x4D, 0x63, 0x4D, 0x63, 0x0B, 0x63, 0x0B,
    0x31, 0x44, 0x31, 0x44, 0x39, 0xC6, 0x39, 0xC6, 0x63, 0x4D, 0x63, 0x4D, 0x63, 0x4D, 0x63, 0x4D,
    0x08, 0x00, 0x9F, 0x63, 0x4D, 0x63, 0x4D, 0x63, 0x4D, 0x63, 0x4D, 0x63, 0x4D, 0x63, 0x4D, 0x63,
    0x0B, 0x63, 0x0B, 0x39, 0xC6, 0x39, 0xC6, 0x63, 0x4D, 0x63, 0x4D, 0x63, 0x4D, 0x63, 0x4D, 0x39,
    0xC6, 0x39, 0xC6, 0x10, 0x00, 0x8B, 0x52, 0x8A, 0x52, 0x8A, 0x52, 0x8A, 0x52, 0x8A, 0x63, 0x4D,
    0x63, 0x4D, 0x0C, 0x00, 0x87, 0x63, 0x4D, 0x63, 0x4D, 0x63, 0x4D, 0x63, 0x4D, 0x7F, 0x00, 0x7F,
    0x00, 0x7F, 0x00, 0x7F, 0x00, 0x04, 0x00, 0xA7, 0x63, 0x0B, 0x63, 0x0B, 0x31, 0x44, 0x31, 0x44,
    0x39, 0xC6, 0x39, 0xC6, 0x52, 0x8A, 0x52, 0x8A, 0x63, 0x4D, 0x63, 0x4D, 0x63, 0x0B, 0x63, 0x0B,
    0x31, 0x44, 0x31, 0x44, 0x39, 0xC6, 0x39, 0xC6, 0x63, 0x4D, 0x63, 0x4D, 0x63, 0x4D, 0x63, 0x4D,
    0x08, 0x00, 0x9F, 0x63, 0x4D, 0x63, 0x4D, 0x63, 0x4D, 0x63, 0x4D, 0x63, 0x4D, 0x63, 0x4D, 0x63,
    0x0B, 0x63, 0x0B, 0x39, 0xC6, 0x39, 0xC6, 0x63, 0x4D, 0x63, 0x4D, 0x63, 0x4D, 0x63, 0x4D, 0x39,
    0xC6, 0x39, 0xC6, 0x10, 0x00, 0x8B, 0x52, 0x8A, 0x52, 0x8A, 0x52, 0x8A, 0x52, 0x8A, 0x63, 0x4D,
    0x63, 0x4D, 0x0C, 0x00, 0x87, 0x63, 0x4D, 0x63, 0x4D, 0x63, 0x4D, 0x63, 0x4D, 0x7F, 0x00, 0x7F,
    0x00, 0x7F, 0x00, 0x7F, 0x00, 0x04, 0x00, 0xD3, 0x31, 0x44, 0x31, 0x44, 0x63, 0x0B, 0x63, 0x0B,
    0x63, 0x0B, 0x63, 0x0B, 0x31, 0x44, 0x31, 0x44, 0x63, 0x4D, 0x63, 0x4D, 0x63, 0x4D, 0x63, 0x4D,
    0x63, 0x4D, 0x63, 0x4D, 0x63, 0x0B, 0x63, 0x0B, 0x39, 0xC6, 0x39, 0xC6, 0x52, 0x8A, 0x52, 0x8A,
    0x63, 0x4D, 0x63, 0x4D, 0x63, 0x4D, 0x63, 0x4D, 0x63, 0x0B, 0x63, 0x0B, 0x52, 0x8A, 0x52, 0x8A,
    0x9F, 0x93, 0x9F, 0x93, 0x63, 0x0B, 0x63, 0x0B, 0x63, 0x0B, 0x63, 0x0B, 0x39, 0xC6, 0x39, 0xC6,
    0x63, 0x4D, 0x63, 0x4D, 0x52, 0x8A, 0x52, 0x8A, 0x52, 0x8A, 0x52, 0x8A, 0x10, 0x00, 0x8B, 0x31,
    0x44, 0x31, 0x44, 0x63, 0x4D, 0x63, 0x4D, 0x63, 0x4D, 0x63, 0x4D, 0x04, 0x00, 0x8B, 0x63, 0x4D,
    0x63, 0x4D, 0x63, 0x4D, 0x63, 0x4D, 0x52, 0x8A, 0x52, 0x8A, 0x7F, 0x00, 0x7F, 0x00, 0x7F, 0x00,
    0x7F, 0x00, 0x04, 0x00, 0xD3, 0x31, 0x44, 0x31, 0x44, 0x63, 0x0B, 0x63, 0x0B, 0x63, 0x0B, 0x63,
    0x0B, 0x31, 0x44, 0x31, 0x44, 0x63, 0x4D, 0x63, 0x4D, 0x63, 0x4D, 0x63, 0x4D, 0x63, 0x4D, 0x63,
    0x4D, 0x63, 0x0B, 0x63, 0x0B, 0x39, 0xC6, 0x39, 0xC6, 0x52, 0x8A, 0x52, 0x8A, 0x63, 0x4D, 0x63,
    0x4D, 0x63, 0x4D, 0x63, 0x4D, 0x63, 0x0B, 0x63, 0x0B, 0x52, 0x8A, 0x52, 0x8A, 0x9F, 0x93, 0x9F,
    0x93, 0x63, 0x0B, 0x63, 0x0B, 0x63, 0x0B, 0x63, 0x0B, 0x39, 0xC6, 0x39, 0xC6, 0x63, 0x4D, 0x63,
    0x4D, 0x52, 0x8A, 0x52, 0x8A, 0x52, 0x8A, 0x52, 0x8A, 0x10, 0x00, 0x8B, 0x31, 0x44, 0x31, 0x44,
    0x63, 0x4D, 0x63, 0x4D, 0x63, 0x4D, 0x63, 0x4D, 0x04, 0x00, 0x8B, 0x63, 0x4D, 0x63, 0x4D, 0x63,
    0x4D, 0x63, 0x4D, 0x52, 0x8A, 0x52, 0x8A, 0x7F, 0x00, 0x7F, 0x00, 0x7F, 0x00, 0x7F, 0x00, 0x04,
    0x00, 0xD7, 0x31, 0x44, 0x31, 0x44, 0x63, 0x4D, 0x63, 0x4D, 0x63, 0x4D, 0x63, 0x4D, 0x63, 0x0B,
    0x63, 0x0B, 0x31, 0x44, 0x31, 0x44, 0x39, 0xC6, 0x39, 0xC6, 0x52, 0x8A, 0x52, 0x8A, 0x63, 0x4D,
    0x63, 0x4D, 0x63, 0x4D, 0x63, 0x4D, 0x63, 0x4D, 0x63, 0x4D, 0x39, 0xC6, 0x39, 0xC6, 0x63, 0x4D,
    0x63, 0x4D, 0x63, 0x4D, 0x63, 0x4D, 0x39, 0xC6, 0x39, 0xC6, 0x63, 0x4D, 0x63, 0x4D, 0x63, 0x4D,
    0x63, 0x4D, 0x52, 0x8A, 0x52, 0x8A, 0x39, 0xC6, 0x39, 0xC6, 0x63, 0x4D, 0x63, 0x4D, 0x63, 0x4D,
    0x63, 0x4D, 0x52, 0x8A, 0x52, 0x8A, 0x39, 0xC6, 0x39, 0xC6, 0x10, 0x00, 0x87, 0x31, 0x44, 0x31,
    0x44, 0x63, 0x4D, 0x63, 0x4D, 0x04, 0x00, 0x87, 0x63, 0x4D, 0x63, 0x4D, 0x52, 0x8A, 0x52, 0x8A,
    0x7F, 0x00, 0x7F, 0x00, 0x7F, 0x00, 0x7F, 0x00, 0x08, 0x00, 0xD7, 0x31, 0x44, 0x31, 0x44, 0x63,
    0x4D, 0x63, 0x4D, 0x63, 0x4D, 0x63, 0x4D, 0x63, 0x0B, 0x63, 0x0B, 0x31, 0x44, 0x31, 0x44, 0x39,
    0xC6, 0x39, 0xC6, 0x52, 0x8A, 0x52, 0x8A, 0x63, 0x4D, 0x63, 0x4D, 0x63, 0x4D, 0x63, 0x4D, 0x63,
    0x4D, 0x63, 0x4D, 0x39, 0xC6, 0x39, 0xC6, 0x63, 0x4D, 0x63, 0x4D, 0x63, 0x4D, 0x63, 0x4D, 0x39,
    0xC6, 0x39, 0xC6, 0x63, 0x4D, 0x63, 0x4D, 0x63, 0x4D, 0x63, 0x4D, 0x52, 0x8A, 0x52, 0x8A, 0x39,
    0xC6, 0x39, 0xC6, 0x63, 0x4D, 0x63, 0x4D, 0x63, 0x4D, 0x63, 0x4D, 0x52, 0x8A, 0x52, 0x8A, 0x39,
    0xC6, 0x39, 0xC6, 0x10, 0x00, 0x87, 0x31, 0x44, 0x31, 0x44, 0x63, 0x4D, 0x63, 0x4D, 0x04, 0x00,
    0x87, 0x63, 0x4D, 0x63, 0x4D, 0x52, 0x8A, 0x52, 0x8A, 0x7F, 0x00, 0x7F, 0x00, 0x7F, 0x00, 0x7F,
    0x00, 0x0C, 0x00, 0xD7, 0x31, 0x44, 0x31, 0x44, 0x52, 0x8A, 0x52, 0x8A, 0x63, 0x4D, 0x63, 0x4D,
    0x63, 0x4D, 0x63, 0x4D, 0x63, 0x4D, 0x63, 0x4D, 0x63, 0x0B, 0x63, 0x0B, 0x31, 0x44, 0x31, 0x44,
    0x52, 0x8A, 0x52, 0x8A, 0x63, 0x4D, 0x63, 0x4D, 0x63, 0x4D, 0x63, 0x4D, 0x52, 0x8A, 0x52, 0x8A,
    0x39, 0xC6, 0x39, 0xC6, 0x39, 0xC6, 0x39, 0xC6, 0x52, 0x8A, 0x52, 0x8A, 0x52, 0x8A, 0x52, 0x8A,
    0x52, 0x8A, 0x52, 0x8A, 0x63, 0x4D, 0x63, 0x4D, 0x63, 0x4D, 0x63, 0x4D, 0x63, 0x4D, 0x63, 0x4D,
    0x52, 0x8A, 0x52, 0x8A, 0x52, 0x47, 0x52, 0x47, 0x39, 0xC6, 0x39, 0xC6, 0x10, 0x00, 0x8F, 0x52,
    0x8A, 0x52, 0x8A, 0x63, 0x4D, 0x63, 0x4D, 0x63, 0x4D, 0x63, 0x4D, 0x52, 0x8A, 0x52, 0x8A, 0x7F,
    0x00, 0x7F, 0x00, 0x7F, 0x00, 0x7F, 0x00, 0x0C, 0x00, 0xD7, 0x31, 0x44, 0x31, 0x44, 0x52, 0x8A,
    0x52, 0x8A, 0x63, 0x4D, 0x63, 0x4D, 0x63, 0x4D, 0x63, 0x4D, 0x63, 0x4D, 0x63, 0x4D, 0x63, 0x0B,
    0x63, 0x0B, 0x31, 0x44, 0x31, 0x44, 0x52, 0x8A, 0x52, 0x8A, 0x63, 0x4D, 0x63, 0x4D, 0x63, 0x4D,
    0x63, 0x4D, 0x52, 0x8A, 0x52, 0x8A, 0x39, 0xC6, 0x39, 0xC6, 0x39, 0xC6, 0x39, 0xC6, 0x52, 0x8A,
    0x52, 0x8A, 0x52, 0x8A, 0x52, 0x8A, 0x52, 0x8A, 0x52, 0x8A, 0x63, 0x4D, 0x63, 0x4D, 0x63, 0x4D,
    0x63, 0x4D, 0x63, 0x4D, 0x63, 0x4D, 0x52, 0x8A, 0x52, 0x8A, 0x52, 0x47, 0x52, 0x47, 0x39, 0xC6,
    0x39, 0xC6, 0x10, 0x00, 0x8F, 0x52, 0x8A, 0x52, 0x8A, 0x63, 0x4D, 0x63, 0x4D, 0x63, 0x4D, 0x63,
    0x4D, 0x52, 0x8A, 0x52, 0x8A, 0x7F, 0x00, 0x7F, 0x00, 0x7F, 0x00, 0x7F, 0x00, 0x14, 0x00, 0xD3,
    0x52, 0x8A, 0x52, 0x8A, 0x31, 0x44, 0x31, 0x44, 0x52, 0x8A, 0x52, 0x8A, 0x63, 0x4D, 0x63, 0x4D,
    0x63, 0x4D, 0x63, 0x4D, 0x63, 0x4D, 0x63, 0x4D, 0x39, 0xC6, 0x39, 0xC6, 0x52, 0x8A, 0x52, 0x8A,
    0x39, 0xC6, 0x39, 0xC6, 0x52, 0x47, 0x52, 0x47, 0x39, 0xC6, 0x39, 0xC6, 0x39, 0xC6, 0x39, 0xC6,
    0x39, 0xC6, 0x39, 0xC6, 0x39, 0xC6, 0x39, 0xC6, 0x39, 0xC6, 0x39, 0xC6, 0x52, 0x47, 0x52, 0x47,
    0x63, 0x4D, 0x63, 0x4D, 0x63, 0x4D, 0x63, 0x4D, 0x63, 0x0B, 0x63, 0x0B, 0x52, 0x47, 0x52, 0x47,
    0x39, 0xC6, 0x39, 0xC6, 0x0C, 0x00, 0x8F, 0x31, 0x44, 0x31, 0x44, 0x63, 0x4D, 0x63, 0x4D, 0x63,
    0x4D, 0x63, 0x4D, 0x52, 0x8A, 0x52, 0x8A, 0x7F, 0x00, 0x7F, 0x00, 0x7F, 0x00, 0x7F, 0x00, 0x14,
    0x00, 0xD3, 0x52, 0x8A, 0x52, 0x8A, 0x31, 0x44, 0x31, 0x44, 0x52, 0x8A, 0x52, 0x8A, 0x63, 0x4D,
    0x63, 0x4D, 0x63, 0x4D, 0x63, 0x4D, 0x63, 0x4D, 0x63, 0x4D, 0x39, 0xC6, 0x39, 0xC6, 0x52, 0x8A,
    0x52, 0x8A, 0x39, 0xC6, 0x39, 0xC6, 0x52, 0x47, 0x52, 0x47, 0x39, 0xC6, 0x39, 0xC6, 0x39, 0xC6,
    0x39, 0xC6, 0x39, 0xC6, 0x39, 0xC6, 0x39, 0xC6, 0x39, 0xC6, 0x39, 0xC6, 0x39, 0xC6, 0x52, 0x47,
    0x52, 0x47, 0x63, 0x4D, 0x63, 0x4D, 0x63, 0x4D, 0x63, 0x4D, 0x63, 0x0B, 0x63, 0x0B, 0x52, 0x47,
    0x52, 0x47, 0x39, 0xC6, 0x39, 0xC6, 0x0C, 0x00, 0x8F, 0x31, 0x44, 0x31, 0x44, 0x63, 0x4D, 0x63,
    0x4D, 0x63, 0x4D, 0x63, 0x4D, 0x52, 0x8A, 0x52, 0x8A, 0x7F, 0x00, 0x7F, 0x00, 0x7F, 0x00, 0x7F,
    0x00, 0x20, 0x00, 0x8F, 0x52, 0x8A, 0x52, 0x8A, 0x31, 0x44, 0x31, 0x44, 0x63, 0x4D, 0x63, 0x4D,
    0x63, 0x4D, 0x63, 0x4D, 0x04, 0x00, 0x93, 0x39, 0xC6, 0x39, 0xC6, 0x39, 0xC6, 0x39, 0xC6, 0x52,
    0x8A, 0x52, 0x8A, 0x63, 0x4D, 0x63, 0x4D, 0x39, 0xC6, 0x39, 0xC6, 0x08, 0x00, 0x97, 0x39, 0xC6,
    0x39, 0xC6, 0x52, 0x8A, 0x52, 0x8A, 0x63, 0x4D, 0x63, 0x4D, 0x52, 0x8A, 0x52, 0x8A, 0x52, 0x8A,
    0x52, 0x8A, 0x39, 0xC6, 0x39, 0xC6, 0x0C, 0x00, 0x8F, 0x63, 0x4D, 0x63, 0x4D, 0x63, 0x4D, 0x63,
    0x4D, 0x52, 0x8A, 0x52, 0x8A, 0x31, 0x44, 0x31, 0x44, 0x7F, 0x00, 0x7F, 0x00, 0x7F, 0x00, 0x7F,
    0x00, 0x20, 0x00, 0x8F, 0x52, 0x8A, 0x52, 0x8A, 0x31, 0x44, 0x31, 0x44, 0x63, 0x4D, 0x63, 0x4D,
    0x63, 0x4D, 0x63, 0x4D, 0x04, 0x00, 0x93, 0x39, 0xC6, 0x39, 0xC6, 0x39, 0xC6, 0x39, 0xC6, 0x52,
    0x8A, 0x52, 0x8A, 0x63, 0x4D, 0x63, 0x4D, 0x39, 0xC6, 0x39, 0xC6, 0x08, 0x00, 0x97, 0x39, 0xC6,
    0x39, 0xC6, 0x52, 0x8A, 0x52, 0x8A, 0x63, 0x4D, 0x63, 0x4D, 0x52, 0x8A, 0x52, 0x8A, 0x52, 0x8A,
    0x52, 0x8A, 0x39, 0xC6, 0x39, 0xC6, 0x0C, 0x00, 0x8F, 0x63, 0x4D, 0x63, 0x4D, 0x63, 0x4D, 0x63,
    0x4D, 0x52, 0x8A, 0x52, 0x8A, 0x31, 0x44, 0x31, 0x44, 0x7F, 0x00, 0x7F, 0x00, 0x7F, 0x00, 0x7F,
    0x00, 0x08, 0x00, 0xA7, 0x63, 0x4D, 0x63, 0x4D, 0x63, 0x4D, 0x63, 0x4D, 0x63, 0x4D, 0x63, 0x4D,
    0x63, 0x4D, 0x63, 0x4D, 0x63, 0x4D, 0x63, 0x4D, 0x63, 0x4D, 0x63, 0x4D, 0x52, 0x8A, 0x52, 0x8A,
    0x52, 0x8A, 0x52, 0x8A, 0x63, 0x4D, 0x63, 0x4D, 0x39, 0xC6, 0x39, 0xC6, 0x0C, 0x00, 0x8F, 0x39,
    0xC6, 0x39, 0xC6, 0x63, 0x4D, 0x63, 0x4D, 0x63, 0x4D, 0x63, 0x4D, 0x63, 0x4D, 0x63, 0x4D, 0x08,
    0x00, 0x97, 0x39, 0xC6, 0x39, 0xC6, 0xF4, 0x51, 0xF4, 0x51, 0x63, 0x4D, 0x63, 0x4D, 0x63, 0x4D,
    0x63, 0x4D, 0x52, 0x8A, 0x52, 0x8A, 0x31, 0x44, 0x31, 0x44, 0x08, 0x00, 0x93, 0x63, 0x4D, 0x63,
    0x4D, 0x63, 0x4D, 0x63, 0x4D, 0x63, 0x0B, 0x63, 0x0B, 0x31, 0x44, 0x31, 0x44, 0x63, 0x4D, 0x63,
    0x4D, 0x7F, 0x00, 0x7F, 0x00, 0x7F, 0x00, 0x7F, 0x00, 0x04, 0x00, 0xA7, 0x63, 0x4D, 0x63, 0x4D,
    0x63, 0x4D, 0x63, 0x4D, 0x63, 0x4D, 0x63, 0x4D, 0x63, 0x4D, 0x63, 0x4D, 0x63, 0x4D, 0x63, 0x4D,
    0x63, 0x4D, 0x63, 0x4D, 0x52, 0x8A, 0x52, 0x8A, 0x52, 0x8A, 0x52, 0x8A, 0x63, 0x4D, 0x63, 0x4D,
    0x39, 0xC6, 0x39, 0xC6, 0x0C, 0x00, 0x8F, 0x39, 0xC6, 0x39, 0xC6, 0x63, 0x4D, 0x63, 0x4D, 0x63,
    0x4D, 0x63, 0x4D, 0x63, 0x4D, 0x63, 0x4D, 0x08, 0x00, 0x97, 0x39, 0xC6, 0x39, 0xC6, 0xF4, 0x51,
    0xF4, 0x51, 0x63, 0x4D, 0x63, 0x4D, 0x63, 0x4D, 0x63, 0x4D, 0x52, 0x8A, 0x52, 0x8A, 0x31, 0x44,
    0x31, 0x44, 0x08, 0x00, 0x93, 0x63, 0x4D, 0x63, 0x4D, 0x63, 0x4D, 0x63, 0x4D, 0x63, 0x0B, 0x63,
    0x0B, 0x31, 0x44, 0x31, 0x44, 0x63, 0x4D, 0x63, 0x4D, 0x7F, 0x00, 0x7F, 0x00, 0x7F, 0x00, 0x7F,
    0x00, 0x04, 0x00, 0xB3, 0x63, 0x4D, 0x63, 0x4D, 0x63, 0x4D, 0x63, 0x4D, 0x52, 0x8A, 0x52, 0x8A,
    0x52, 0x8A, 0x52, 0x8A, 0x39, 0xC6, 0x39, 0xC6, 0x31, 0x44, 0x31, 0x44, 0x39, 0xC6, 0x39, 0xC6,
    0x63, 0x4D, 0x63, 0x4D, 0x52, 0x47, 0x52, 0x47, 0x63, 0x4D, 0x63, 0x4D, 0x63, 0x4D, 0x63, 0x4D,
    0x63, 0x4D, 0x63, 0x4D, 0x63, 0x0B, 0x63, 0x0B, 0x04, 0x00, 0x8F, 0x39, 0xC6, 0x39, 0xC6, 0x52,
    0x8A, 0x52, 0x8A, 0x52, 0x8A, 0x52, 0x8A, 0x63, 0x4D, 0x63, 0x4D, 0x08, 0x00, 0x93, 0x52, 0x8A,
    0x52, 0x8A, 0x63, 0x4D, 0x63, 0x4D, 0x63, 0x4D, 0x63, 0x4D, 0x52, 0x8A, 0x52, 0x8A, 0x31, 0x44,
    0x31, 0x44, 0x04, 0x00, 0x97, 0x63, 0x4D, 0x63, 0x4D, 0x63, 0x4D, 0x63, 0x4D, 0x52, 0x8A, 0x52,
    0x8A, 0x31, 0x44, 0x31, 0x44, 0x63, 0x4D, 0x63, 0x4D, 0x63, 0x4D, 0x63, 0x4D, 0x7F, 0x00, 0x7F,
    0x00, 0x7F, 0x00, 0x7F, 0x00, 0x04, 0x00, 0xB3, 0x63, 0x4D, 0x63, 0x4D, 0x63, 0x4D, 0x63, 0x4D,
    0x52, 0x8A, 0x52, 0x8A, 0x52, 0x8A, 0x52, 0x8A, 0x39, 0xC6, 0x39, 0xC6, 0x31, 0x44, 0x31, 0x44,
    0x39, 0xC6, 0x39, 0xC6, 0x63, 0x4D, 0x63, 0x4D, 0x52, 0x47, 0x52, 0x47, 0x63, 0x4D, 0x63, 0x4D,
    0x63, 0x4D, 0x63, 0x4D, 0x63, 0x4D, 0x63, 0x4D, 0x63, 0x0B, 0x63, 0x0B, 0x04, 0x00, 0x8F, 0x39,
    0xC6, 0x39, 0xC6, 0x52, 0x8A, 0x52, 0x8A, 0x52, 0x8A, 0x52, 0x8A, 0x63, 0x4D, 0x63, 0x4D, 0x08,
    0x00, 0x93, 0x52, 0x8A, 0x52, 0x8A, 0x63, 0x4D, 0x63, 0x4D, 0x63, 0x4D, 0x63, 0x4D, 0x52, 0x8A,
    0x52, 0x8A, 0x31, 0x44, 0x31, 0x44, 0x04, 0x00, 0x97, 0x63, 0x4D, 0x63, 0x4D, 0x63, 0x4D, 0x63,
    0x4D, 0x52, 0x8A, 0x52, 0x8A, 0x31, 0x44, 0x31, 0x44, 0x63, 0x4D, 0x63, 0x4D, 0x63, 0x4D, 0x63,
    0x4D, 0x7F, 0x00, 0x7F, 0x00, 0x7F, 0x00, 0x7F, 0x00, 0x04, 0x00, 0xB7, 0x39, 0xC6, 0x39, 0xC6,
    0x31, 0x44, 0x31, 0x44, 0x63, 0x0B, 0x63, 0x0B, 0x39, 0xC6, 0x39, 0xC6, 0x39, 0xC6, 0x39, 0xC6,
    0x31, 0x44, 0x31, 0x44, 0x31, 0x44, 0x31, 0x44, 0x39, 0xC6, 0x39, 0xC6, 0x39, 0xC6, 0x39, 0xC6,
    0x52, 0x47, 0x52, 0x47, 0x52, 0x47, 0x52, 0x47, 0x63, 0x4D, 0x63, 0x4D, 0x63, 0x4D, 0x63, 0x4D,
    0x63, 0x4D, 0x63, 0x4D, 0x08, 0x00, 0x87, 0x52, 0x8A, 0x52, 0x8A, 0x52, 0x8A, 0x52, 0x8A, 0x08,
    0x00, 0xAF, 0x52, 0x8A, 0x52, 0x8A, 0x63, 0x4D, 0x63, 0x4D, 0x63, 0x4D, 0x63, 0x4D, 0x63, 0x4D,
    0x63, 0x4D, 0x52, 0x8A, 0x52, 0x8A, 0x39, 0xC6, 0x39, 0xC6, 0x63, 0x4D, 0x63, 0x4D, 0x52, 0x8A,
    0x52, 0x8A, 0x52, 0x47, 0x52, 0x47, 0x39, 0xC6, 0x39, 0xC6, 0x63, 0x4D, 0x63, 0x4D, 0x52, 0x8A,
    0x52, 0x8A, 0x7F, 0x00, 0x7F, 0x00, 0x7F, 0x00, 0x7F, 0x00, 0x04, 0x00, 0xB7, 0x39, 0xC6, 0x39,
    0xC6, 0x31, 0x44, 0x31, 0x44, 0x63, 0x0B, 0x63, 0x0B, 0x39, 0xC6, 0x39, 0xC6, 0x39, 0xC6, 0x39,
    0xC6, 0x31, 0x44, 0x31, 0x44, 0x31, 0x44, 0x31, 0x44, 0x39, 0xC6, 0x39, 0xC6, 0x39, 0xC6, 0x39,
    0xC6, 0x52, 0x47, 0x52, 0x47, 0x52, 0x47, 0x52, 0x47, 0x63, 0x4D, 0x63, 0x4D, 0x63, 0x4D, 0x63,
    0x4D, 0x63, 0x4D, 0x63, 0x4D, 0x08, 0x00, 0x87, 0x52, 0x8A, 0x52, 0x8A, 0x52, 0x8A, 0x52, 0x8A,
    0x08, 0x00, 0xAF, 0x52, 0x8A, 0x52, 0x8A, 0x63, 0x4D, 0x63, 0x4D, 0x63, 0x4D, 0x63, 0x4D, 0x63,
    0x4D, 0x63, 0x4D, 0x52, 0x8A, 0x52, 0x8A, 0x39, 0xC6, 0x39, 0xC6, 0x63, 0x4D, 0x63, 0x4D, 0x52,
    0x8A, 0x52, 0x8A, 0x52, 0x47, 0x52, 0x47, 0x39, 0xC6, 0x39, 0xC6, 0x63, 0x4D, 0x63, 0x4D, 0x52,
    0x8A, 0x52, 0x8A, 0x7F, 0x00, 0x7F, 0x00, 0x7F, 0x00, 0x7F, 0x00, 0x0C, 0x00, 0x8B, 0x63, 0x4D,
    0x63, 0x4D, 0x63, 0x4D, 0x63, 0x4D, 0x31, 0x44, 0x31, 0x44, 0x0C, 0x00, 0x9B, 0x63, 0x4D, 0x63,
    0x4D, 0x63, 0x4D, 0x63, 0x4D, 0x63, 0x4D, 0x63, 0x4D, 0x52, 0x8A, 0x52, 0x8A, 0x63, 0x4D, 0x63,
    0x4D, 0x63, 0x4D, 0x63, 0x4D, 0x63, 0x4D, 0x63, 0x4D, 0x08, 0x00, 0x87, 0x52, 0x8A, 0x52, 0x8A,
    0x52, 0x8A, 0x52, 0x8A, 0x04, 0x00, 0xAF, 0x52, 0x8A, 0x52, 0x8A, 0x63, 0x4D, 0x63, 0x4D, 0x63,
    0x4D, 0x63, 0x4D, 0x63, 0x4D, 0x63, 0x4D, 0x52, 0x8A, 0x52, 0x8A, 0x63, 0x4D, 0x63, 0x4D, 0x63,
    0x4D, 0x63, 0x4D, 0x52, 0x47, 0x52, 0x47, 0x52, 0x8A, 0x52, 0x8A, 0x63, 0x4D, 0x63, 0x4D, 0x52,
    0x8A, 0x52, 0x8A, 0x39, 0xC6, 0x39, 0xC6, 0x7F, 0x00, 0x7F, 0x00, 0x7F, 0x00, 0x7F, 0x00, 0x0C,
    0x00, 0x8B, 0x63, 0x4D, 0x63, 0x4D, 0x63, 0x4D, 0x63, 0x4D, 0x31, 0x44, 0x31, 0x44, 0x0C, 0x00,
    0x9B, 0x63, 0x4D, 0x63, 0x4D, 0x63, 0x4D, 0x63, 0x4D, 0x63, 0x4D, 0x63, 0x4D, 0x52, 0x8A, 0x52,
    0x8A, 0x63, 0x4D, 0x63, 0x4D, 0x63, 0x4D, 0x63, 0x4D, 0x63, 0x4D, 0x63, 0x4D, 0x08, 0x00, 0x87,
    0x52, 0x8A, 0x52, 0x8A, 0x52, 0x8A, 0x52, 0x8A, 0x04, 0x00, 0xAF, 0x52, 0x8A, 0x52, 0x8A, 0x63,
    0x4D, 0x63, 0x4D, 0x63, 0x4D, 0x63, 0x4D, 0x63, 0x4D, 0x63, 0x4D, 0x52, 0x8A, 0x52, 0x8A, 0x63,
    0x4D, 0x63, 0x4D, 0x63, 0x4D, 0x63, 0x4D, 0x52, 0x47, 0x52, 0x47, 0x52, 0x8A, 0x52, 0x8A, 0x63,
    0x4D, 0x63, 0x4D, 0x52, 0x8A, 0x52, 0x8A, 0x39, 0xC6, 0x39, 0xC6, 0x7F, 0x00, 0x7F, 0x00, 0x7F,
    0x00, 0x7F, 0x00, 0x08, 0x00, 0x8B, 0x63, 0x4D, 0x63, 0x4D, 0x52, 0x8A, 0x52, 0x8A, 0x31, 0x44,
    0x31, 0x44, 0x08, 0x00, 0xA7, 0x63, 0x4D, 0x63, 0x4D, 0x63, 0x4D, 0x63, 0x4D, 0x63, 0x4D, 0x63,
    0x4D, 0x52, 0x8A, 0x52, 0x8A, 0x52, 0x8A, 0x52, 0x8A, 0x39, 0xC6, 0x39, 0xC6, 0x52, 0x8A, 0x52,
    0x8A, 0x63, 0x4D, 0x63, 0x4D, 0x52, 0x8A, 0x52, 0x8A, 0x63, 0x4D, 0x63, 0x4D, 0x08, 0x00, 0xB3,
    0x52, 0x8A, 0x52, 0x8A, 0x52, 0x8A, 0x52, 0x8A, 0x63, 0x4D, 0x63, 0x4D, 0x63, 0x4D, 0x63, 0x4D,
    0x63, 0x4D, 0x63, 0x4D, 0x63, 0x4D, 0x63, 0x4D, 0x63, 0x4D, 0x63, 0x4D, 0x63, 0x4D, 0x63, 0x4D,
    0x63, 0x4D, 0x63, 0x4D, 0x52, 0x47, 0x52, 0x47, 0x52, 0x8A, 0x52, 0x8A, 0x39, 0xC6, 0x39, 0xC6,
    0x39, 0xC6, 0x39, 0xC6, 0x7F, 0x00, 0x7F, 0x00, 0x7F, 0x00, 0x7F, 0x00, 0x0C, 0x00, 0x8B, 0x63,
    0x4D, 0x63, 0x4D, 0x52, 0x8A, 0x52, 0x8A, 0x31, 0x44, 0x31, 0x44, 0x08, 0x00, 0xA7, 0x63, 0x4D,
    0x63, 0x4D, 0x63, 0x4D, 0x63, 0x4D, 0x63, 0x4D, 0x63, 0x4D, 0x52, 0x8A, 0x52, 0x8A, 0x52, 0x8A,
    0x52, 0x8A, 0x39, 0xC6, 0x39, 0xC6, 0x52, 0x8A, 0x52, 0x8A, 0x63, 0x4D, 0x63, 0x4D, 0x52, 0x8A,
    0x52, 0x8A, 0x63, 0x4D, 0x63, 0x4D, 0x08, 0x00, 0xB3, 0x52, 0x8A, 0x52, 0x8A, 0x52, 0x8A, 0x52,
    0x8A, 0x63, 0x4D, 0x63, 0x4D, 0x63, 0x4D, 0x63, 0x4D, 0x63, 0x4D, 0x63, 0x4D, 0x63, 0x4D, 0x63,
    0x4D, 0x63, 0x4D, 0x63, 0x4D, 0x63, 0x4D, 0x63, 0x4D, 0x63, 0x4D, 0x63, 0x4D, 0x52, 0x47, 0x52,
    0x47, 0x52, 0x8A, 0x52, 0x8A, 0x39, 0xC6, 0x39, 0xC6, 0x39, 0xC6, 0x39, 0xC6, 0x7F, 0x00, 0x7F,
    0x00, 0x7F, 0x00, 0x7F, 0x00, 0x0C, 0x00, 0x87, 0x31, 0x44, 0x31, 0x44, 0x52, 0x8A, 0x52, 0x8A,
    0x0C, 0x00, 0xAB, 0x63, 0x4D, 0x63, 0x4D, 0x63, 0x4D, 0x63, 0x4D, 0x52, 0x8A, 0x52, 0x8A, 0x39,
    0xC6, 0x39, 0xC6, 0x39, 0xC6, 0x39, 0xC6, 0x39, 0xC6, 0x39, 0xC6, 0x52, 0x8A, 0x52, 0x8A, 0x52,
    0x8A, 0x52, 0x8A, 0x52, 0x8A, 0x52, 0x8A, 0x63, 0x4D, 0x63, 0x4D, 0x63, 0x4D, 0x63, 0x4D, 0x08,
    0x00, 0xA7, 0x31, 0x44, 0x31, 0x44, 0x52, 0x8A, 0x52, 0x8A, 0x63, 0x4D, 0x63, 0x4D, 0x63, 0x4D,
    0x63, 0x4D, 0x52, 0x8A, 0x52, 0x8A, 0x63, 0x4D, 0x63, 0x4D, 0x63, 0x4D, 0x63, 0x4D, 0x52, 0x47,
    0x52, 0x47, 0x52, 0x47, 0x52, 0x47, 0x39, 0xC6, 0x39, 0xC6, 0x7F, 0x00, 0x7F, 0x00, 0x7F, 0x00,
    0x7F, 0x00, 0x14, 0x00, 0x87, 0x31, 0x44, 0x31, 0x44, 0x52, 0x8A, 0x52, 0x8A, 0x0C, 0x00, 0xAB,
    0x63, 0x4D, 0x63, 0x4D, 0x63, 0x4D, 0x63, 0x4D, 0x52, 0x8A, 0x52, 0x8A, 0x39, 0xC6, 0x39, 0xC6,
    0x39, 0xC6, 0x39, 0xC6, 0x39, 0xC6, 0x39, 0xC6, 0x52, 0x8A, 0x52, 0x8A, 0x52, 0x8A, 0x52, 0x8A,
    0x52, 0x8A, 0x52, 0x8A, 0x63, 0x4D, 0x63, 0x4D, 0x63, 0x4D, 0x63, 0x4D, 0x08, 0x00, 0xA7, 0x31,
    0x44, 0x31, 0x44, 0x52, 0x8A, 0x52, 0x8A, 0x63, 0x4D, 0x63, 0x4D, 0x63, 0x4D, 0x63, 0x4D, 0x52,
    0x8A, 0x52, 0x8A, 0x63, 0x4D, 0x63, 0x4D, 0x63, 0x4D, 0x63, 0x4D, 0x52, 0x47, 0x52, 0x47, 0x52,
    0x47, 0x52, 0x47, 0x39, 0xC6, 0x39, 0xC6, 0x7F, 0x00, 0x7F, 0x00, 0x7F, 0x00, 0x7F, 0x00, 0x24,
    0x00, 0x8F, 0x63, 0x4D, 0x63, 0x4D, 0x63, 0x4D, 0x63, 0x4D, 0x63, 0x4D, 0x63, 0x4D, 0x39, 0xC6,
    0x39, 0xC6, 0x08, 0x00, 0x9B, 0x39, 0xC6, 0x39, 0xC6, 0x39, 0xC6, 0x39, 0xC6, 0x39, 0xC6, 0x39,
    0xC6, 0x52, 0x8A, 0x52, 0x8A, 0x52, 0x8A, 0x52, 0x8A, 0x63, 0x4D, 0x63, 0x4D, 0x63, 0x4D, 0x63,
    0x4D, 0x08, 0x00, 0x9F, 0x31, 0x44, 0x31, 0x44, 0x63, 0x4D, 0x63, 0x4D, 0x63, 0x4D, 0x63, 0x4D,
    0x52, 0x8A, 0x52, 0x8A, 0x63, 0x4D, 0x63, 0x4D, 0x52, 0x8A, 0x52, 0x8A, 0x52, 0x8A, 0x52, 0x8A,
    0x39, 0xC6, 0x39, 0xC6, 0x7F, 0x00, 0x7F, 0x00, 0x7F, 0x00, 0x7F, 0x00, 0x28, 0x00, 0x8F, 0x63,
    0x4D, 0x63, 0x4D, 0x63, 0x4D, 0x63, 0x4D, 0x63, 0x4D, 0x63, 0x4D, 0x39, 0xC6, 0x39, 0xC6, 0x08,
    0x00, 0x9B, 0x39, 0xC6, 0x39, 0xC6, 0x39, 0xC6, 0x39, 0xC6, 0x39, 0xC6, 0x39, 0xC6, 0x52, 0x8A,
    0x52, 0x8A, 0x52, 0x8A, 0x52, 0x8A, 0x63, 0x4D, 0x63, 0x4D, 0x63, 0x4D, 0x63, 0x4D, 0x08, 0x00,
    0x9F, 0x31, 0x44, 0x31, 0x44, 0x63, 0x4D, 0x63, 0x4D, 0x63, 0x4D, 0x63, 0x4D, 0x52, 0x8A, 0x52,
    0x8A, 0x63, 0x4D, 0x63, 0x4D, 0x52, 0x8A, 0x52, 0x8A, 0x52, 0x8A, 0x52, 0x8A, 0x39, 0xC6, 0x39,
    0xC6, 0x7F, 0x00, 0x7F, 0x00, 0x7F, 0x00, 0x7F, 0x00, 0x1C, 0x00, 0x97, 0x63, 0x4D, 0x63, 0x4D,
    0x63, 0x4D, 0x63, 0x4D, 0x63, 0x4D, 0x63, 0x4D, 0x63, 0x4D, 0x63, 0x4D, 0xF7, 0x93, 0xF7, 0x93,
    0x31, 0x44, 0x31, 0x44, 0x14, 0x00, 0xBB, 0x39, 0xC6, 0x39, 0xC6, 0x39, 0xC6, 0x39, 0xC6, 0x52,
    0x8A, 0x52, 0x8A, 0x52, 0x8A, 0x52, 0x8A, 0x52, 0x8A, 0x52, 0x8A, 0x52, 0x8A, 0x52, 0x8A, 0x52,
    0x8A, 0x52, 0x8A, 0x52, 0x8A, 0x52, 0x8A, 0x52, 0x8A, 0x52, 0x8A, 0x63, 0x4D, 0x63, 0x4D, 0x52,
    0x8A, 0x52, 0x8A, 0x63, 0x4D, 0x63, 0x4D, 0x52, 0x8A, 0x52, 0x8A, 0x52, 0x8A, 0x52, 0x8A, 0x39,
    0xC6, 0x39, 0xC6, 0x7F, 0x00, 0x7F, 0x00, 0x7F, 0x00, 0x7F, 0x00, 0x1C, 0x00, 0x97, 0x63, 0x4D,
    0x63, 0x4D, 0x63, 0x4D, 0x63, 0x4D, 0x63, 0x4D, 0x63, 0x4D, 0x63, 0x4D, 0x63, 0x4D, 0xF7, 0x93,
    0xF7, 0x93, 0x31, 0x44, 0x31, 0x44, 0x14, 0x00, 0xBB, 0x39, 0xC6, 0x39, 0xC6, 0x39, 0xC6, 0x39,
    0xC6, 0x52, 0x8A, 0x52, 0x8A, 0x52, 0x8A, 0x52, 0x8A, 0x52, 0x8A, 0x52, 0x8A, 0x52, 0x8A, 0x52,
    0x8A, 0x52, 0x8A, 0x52, 0x8A, 0x52, 0x8A, 0x52, 0x8A, 0x52, 0x8A, 0x52, 0x8A, 0x63, 0x4D, 0x63,
    0x4D, 0x52, 0x8A, 0x52, 0x8A, 0x63, 0x4D, 0x63, 0x4D, 0x52, 0x8A, 0x52, 0x8A, 0x52, 0x8A, 0x52,
    0x8A, 0x39, 0xC6, 0x39, 0xC6, 0x7F, 0x00, 0x7F, 0x00, 0x7F, 0x00, 0x7F, 0x00, 0x14, 0x00, 0x9B,
    0x63, 0x4D, 0x63, 0x4D, 0x63, 0x4D, 0x63, 0x4D, 0x63, 0x4D, 0x63, 0x4D, 0x63, 0x4D, 0x63, 0x4D,
    0x52, 0x8A, 0x52, 0x8A, 0x52, 0x8A, 0x52, 0x8A, 0x31, 0x44, 0x31, 0x44, 0x18, 0x00, 0xBB, 0x39,
    0xC6, 0x39, 0xC6, 0x39, 0xC6, 0x39, 0xC6, 0x39, 0xC6, 0x39, 0xC6, 0x52, 0x8A, 0x52, 0x8A, 0x63,
    0x4D, 0x63, 0x4D, 0x52, 0x8A, 0x52, 0x8A, 0x63, 0x4D, 0x63, 0x4D, 0x63, 0x4D, 0x63, 0x4D, 0x63,
    0x4D, 0x63, 0x4D, 0x52, 0x8A, 0x52, 0x8A, 0x52, 0x8A, 0x52, 0x8A, 0x52, 0x8A, 0x52, 0x8A, 0x52,
    0x8A, 0x52, 0x8A, 0x39, 0xC6, 0x39, 0xC6, 0x39, 0xC6, 0x39, 0xC6, 0x08, 0x00, 0x87, 0x39, 0xC6,
    0x39, 0xC6, 0x39, 0xC6, 0x39, 0xC6, 0x7F, 0x00, 0x7F, 0x00, 0x7F, 0x00, 0x7F, 0x00, 0x04, 0x00,
    0x9B, 0x63, 0x4D, 0x63, 0x4D, 0x63, 0x4D, 0x63, 0x4D, 0x63, 0x4D, 0x63, 0x4D, 0x63, 0x4D, 0x63,
    0x4D, 0x52, 0x8A, 0x52, 0x8A, 0x52, 0x8A, 0x52, 0x8A, 0x31, 0x44, 0x31, 0x44, 0x18, 0x00, 0xBB,
    0x39, 0xC6, 0x39, 0xC6, 0x39, 0xC6, 0x39, 0xC6, 0x39, 0xC6, 0x39, 0xC6, 0x52, 0x8A, 0x52, 0x8A,
    0x63, 0x4D, 0x63, 0x4D, 0x52, 0x8A, 0x52, 0x8A, 0x63, 0x4D, 0x63, 0x4D, 0x63, 0x4D, 0x63, 0x4D,
    0x63, 0x4D, 0x63, 0x4D, 0x52, 0x8A, 0x52, 0x8A, 0x52, 0x8A, 0x52, 0x8A, 0x52, 0x8A, 0x52, 0x8A,
    0x52, 0x8A, 0x52, 0x8A, 0x39, 0xC6, 0x39, 0xC6, 0x39, 0xC6, 0x39, 0xC6, 0x08, 0x00, 0x87, 0x39,
    0xC6, 0x39, 0xC6, 0x39, 0xC6, 0x39, 0xC6, 0x7F, 0x00, 0x7F, 0x00, 0x7F, 0x00, 0x7F, 0x00, 0x04,
    0x00, 0x8B, 0x63, 0x4D, 0x63, 0x4D, 0x52, 0x8A, 0x52, 0x8A, 0x31, 0x44, 0x31, 0x44, 0x20, 0x00,
    0x87, 0x39, 0xC6, 0x39, 0xC6, 0x39, 0xC6, 0x39, 0xC6, 0x08, 0x00, 0xB3, 0x39, 0xC6, 0x39, 0xC6,
    0x52, 0x8A, 0x52, 0x8A, 0x63, 0x4D, 0x63, 0x4D, 0x52, 0x8A, 0x52, 0x8A, 0x63, 0x4D, 0x63, 0x4D,
    0x63, 0x4D, 0x63, 0x4D, 0x63, 0x4D, 0x63, 0x4D, 0x63, 0x4D, 0x63, 0x4D, 0x52, 0x8A, 0x52, 0x8A,
    0x52, 0x8A, 0x52, 0x8A, 0x52, 0x8A, 0x52, 0x8A, 0x52, 0x8A, 0x52, 0x8A, 0x39, 0xC6, 0x39, 0xC6,
    0x04, 0x00, 0x8B, 0x39, 0xC6, 0x39, 0xC6, 0x63, 0x0B, 0x63, 0x0B, 0x63, 0x0B, 0x63, 0x0B, 0x7F,
    0x00, 0x7F, 0x00, 0x7F, 0x00, 0x7F, 0x00, 0x04, 0x00, 0x8B, 0x63, 0x4D, 0x63, 0x4D, 0x52, 0x8A,
    0x52, 0x8A, 0x31, 0x44, 0x31, 0x44, 0x20, 0x00, 0x87, 0x39, 0xC6, 0x39, 0xC6, 0x39, 0xC6, 0x39,
    0xC6, 0x08, 0x00, 0xB3, 0x39, 0xC6, 0x39, 0xC6, 0x52, 0x8A, 0x52, 0x8A, 0x63, 0x4D, 0x63, 0x4D,
    0x52, 0x8A, 0x52, 0x8A, 0x63, 0x4D, 0x63, 0x4D, 0x63, 0x4D, 0x63, 0x4D, 0x63, 0x4D, 0x63, 0x4D,
    0x63, 0x4D, 0x63, 0x4D, 0x52, 0x8A, 0x52, 0x8A, 0x52, 0x8A, 0x52, 0x8A, 0x52, 0x8A, 0x52, 0x8A,
    0x52, 0x8A, 0x52, 0x8A, 0x39, 0xC6, 0x39, 0xC6, 0x04, 0x00, 0x8B, 0x39, 0xC6, 0x39, 0xC6, 0x63,
    0x0B, 0x63, 0x0B, 0x63, 0x0B, 0x63, 0x0B, 0x7F, 0x00, 0x7F, 0x00, 0x7F, 0x00, 0x7F, 0x00, 0x44,
    0x00, 0xB7, 0x31, 0x44, 0x31, 0x44, 0x63, 0x4D, 0x63, 0x4D, 0x63, 0x4D, 0x63, 0x4D, 0x63, 0x4D,
    0x63, 0x4D, 0x63, 0x4D, 0x63, 0x4D, 0x63, 0x4D, 0x63, 0x4D, 0x63, 0x4D, 0x63, 0x4D, 0x63, 0x4D,
    0x63, 0x4D, 0x52, 0x8A, 0x52, 0x8A, 0x63, 0x4D, 0x63, 0x4D, 0x52, 0x8A, 0x52, 0x8A, 0x21, 0x02,
    0x21, 0x02, 0x31, 0x44, 0x31, 0x44, 0x31, 0x44, 0x31, 0x44, 0x04, 0x00, 0x83, 0x52, 0x8A, 0x52,
    0x8A, 0x14, 0x00, 0x8F, 0x63, 0x4D, 0x63, 0x4D, 0x21, 0x02, 0x21, 0x02, 0x52, 0x8A, 0x52, 0x8A,
    0x52, 0x8A, 0x52, 0x8A, 0x7F, 0x00, 0x7F, 0x00, 0x7F, 0x00, 0x7F, 0x00, 0x20, 0x00, 0xB7, 0x31,
    0x44, 0x31, 0x44, 0x63, 0x4D, 0x63, 0x4D, 0x63, 0x4D, 0x63, 0x4D, 0x63, 0x4D, 0x63, 0x4D, 0x63,
    0x4D, 0x63, 0x4D, 0x63, 0x4D, 0x63, 0x4D, 0x63, 0x4D, 0x63, 0x4D, 0x63, 0x4D, 0x63, 0x4D, 0x52,
    0x8A, 0x52, 0x8A, 0x63, 0x4D, 0x63, 0x4D, 0x52, 0x8A, 0x52, 0x8A, 0x21, 0x02, 0x21, 0x02, 0x31,
    0x44, 0x31, 0x44, 0x31, 0x44, 0x31, 0x44, 0x04, 0x00, 0x83, 0x52, 0x8A, 0x52, 0x8A, 0x14, 0x00,
    0x8F, 0x63, 0x4D, 0x63, 0x4D, 0x21, 0x02, 0x21, 0x02, 0x52, 0x8A, 0x52, 0x8A, 0x52, 0x8A, 0x52,
    0x8A, 0x7F, 0x00, 0x7F, 0x00, 0x7F, 0x00, 0x67, 0x00, 0x87, 0x39, 0xC6, 0x39, 0xC6, 0x52, 0x8A,
    0x52, 0x8A, 0x34, 0x00, 0xBB, 0x63, 0x4D, 0x63, 0x4D, 0x63, 0x4D, 0x63, 0x4D, 0x63, 0x4D, 0x63,
    0x4D, 0x63, 0x4D, 0x63, 0x4D, 0x63, 0x4D, 0x63, 0x4D, 0x63, 0x4D, 0x63, 0x4D, 0x63, 0x4D, 0x63,
    0x4D, 0x63, 0x4D, 0x63, 0x4D, 0x63, 0x4D, 0x63, 0x4D, 0x63, 0x4D, 0x63, 0x4D, 0x52, 0x8A, 0x52,
    0x8A, 0x31, 0x44, 0x31, 0x44, 0x52, 0x8A, 0x52, 0x8A, 0x52, 0x8A, 0x52, 0x8A, 0x39, 0xC6, 0x39,
    0xC6, 0x14, 0x00, 0x8F, 0x63, 0x4D, 0x63, 0x4D, 0x52, 0x8A, 0x52, 0x8A, 0x52, 0x8A, 0x52, 0x8A,
    0x31, 0x44, 0x31, 0x44, 0x7F, 0x00, 0x7F, 0x00, 0x7F, 0x00, 0x67, 0x00, 0x87, 0x39, 0xC6, 0x39,
    0xC6, 0x52, 0x8A, 0x52, 0x8A, 0x34, 0x00, 0xBB, 0x63, 0x4D, 0x63, 0x4D, 0x63, 0x4D, 0x63, 0x4D,
    0x63, 0x4D, 0x63, 0x4D, 0x63, 0x4D, 0x63, 0x4D, 0x63, 0x4D, 0x63, 0x4D, 0x63, 0x4D, 0x63, 0x4D,
    0x63, 0x4D, 0x63, 0x4D, 0x63, 0x4D, 0x63, 0x4D, 0x63, 0x4D, 0x63, 0x4D, 0x63, 0x4D, 0x63, 0x4D,
    0x52, 0x8A, 0x52, 0x8A, 0x31, 0x44, 0x31, 0x44, 0x52, 0x8A, 0x52, 0x8A, 0x52, 0x8A, 0x52, 0x8A,
    0x39, 0xC6, 0x39, 0xC6, 0x14, 0x00, 0x8F, 0x63, 0x4D, 0x63, 0x4D, 0x52, 0x8A, 0x52, 0x8A, 0x52,
    0x8A, 0x52, 0x8A, 0x31, 0x44, 0x31, 0x44, 0x7F, 0x00, 0x7F, 0x00, 0x7F, 0x00, 0x6B, 0x00, 0x8B,
    0x39, 0xC6, 0x39, 0xC6, 0x63, 0x4D, 0x63, 0x4D, 0x63, 0x4D, 0x63, 0x4D, 0x2C, 0x00, 0xB7, 0x52,
    0x8A, 0x52, 0x8A, 0x52, 0x8A, 0x52, 0x8A, 0x63, 0x4D, 0x63, 0x4D, 0x63, 0x4D, 0x63, 0x4D, 0x52,
    0x8A, 0x52, 0x8A, 0x31, 0x44, 0x31, 0x44, 0x63, 0x0B, 0x63, 0x0B, 0x63, 0x4D, 0x63, 0x4D, 0x63,
    0x4D, 0x63, 0x4D, 0x63, 0x4D, 0x63, 0x4D, 0x63, 0x4D, 0x63, 0x4D, 0x52, 0x8A, 0x52, 0x8A, 0x52,
    0x8A, 0x52, 0x8A, 0x31, 0x44, 0x31, 0x44, 0x1C, 0x00, 0x87, 0x63, 0x4D, 0x63, 0x4D, 0x31, 0x44,
    0x31, 0x44, 0x7F, 0x00, 0x7F, 0x00, 0x7F, 0x00, 0x6F, 0x00, 0x8B, 0x39, 0xC6, 0x39, 0xC6, 0x63,
    0x4D, 0x63, 0x4D, 0x63, 0x4D, 0x63, 0x4D, 0x2C, 0x00, 0xB7, 0x52, 0x8A, 0x52, 0x8A, 0x52, 0x8A,
    0x52, 0x8A, 0x63, 0x4D, 0x63, 0x4D, 0x63, 0x4D, 0x63, 0x4D, 0x52, 0x8A, 0x52, 0x8A, 0x31, 0x44,
    0x31, 0x44, 0x63, 0x0B, 0x63, 0x0B, 0x63, 0x4D, 0x63, 0x4D, 0x63, 0x4D, 0x63, 0x4D, 0x63, 0x4D,
    0x63, 0x4D, 0x63, 0x4D, 0x63, 0x4D, 0x52, 0x8A, 0x52, 0x8A, 0x52, 0x8A, 0x52, 0x8A, 0x31, 0x44,
    0x31, 0x44, 0x1C, 0x00, 0x87, 0x63, 0x4D, 0x63, 0x4D, 0x31, 0x44, 0x31, 0x44, 0x7F, 0x00, 0x7F,
    0x00, 0x7F, 0x00, 0x73, 0x00, 0x87, 0x52, 0x8A, 0x52, 0x8A, 0x63, 0x4D, 0x63, 0x4D, 0x30, 0x00,
    0xB3, 0x39, 0xC6, 0x39, 0xC6, 0x63, 0x4D, 0x63, 0x4D, 0x63, 0x4D, 0x63, 0x4D, 0x31, 0x44, 0x31,
    0x44, 0x63, 0x0B, 0x63, 0x0B, 0x52, 0x8A, 0x52, 0x8A, 0x63, 0x4D, 0x63, 0x4D, 0x63, 0x4D, 0x63,
    0x4D, 0x63, 0x4D, 0x63, 0x4D, 0x63, 0x4D, 0x63, 0x4D, 0x52, 0x8A, 0x52, 0x8A, 0x39, 0xC6, 0x39,
    0xC6, 0x31, 0x44, 0x31, 0x44, 0x18, 0x00, 0x87, 0x63, 0x4D, 0x63, 0x4D, 0x31, 0x44, 0x31, 0x44,
    0x20, 0x00, 0x83, 0x21, 0x02, 0x21, 0x02, 0x7F, 0x00, 0x7F, 0x00, 0x7F, 0x00, 0x53, 0x00, 0x87,
    0x52, 0x8A, 0x52, 0x8A, 0x63, 0x4D, 0x63, 0x4D, 0x30, 0x00, 0xB3, 0x39, 0xC6, 0x39, 0xC6, 0x63,
    0x4D, 0x63, 0x4D, 0x63, 0x4D, 0x63, 0x4D, 0x31, 0x44, 0x31, 0x44, 0x63, 0x0B, 0x63, 0x0B, 0x52,
    0x8A, 0x52, 0x8A, 0x63, 0x4D, 0x63, 0x4D, 0x63, 0x4D, 0x63, 0x4D, 0x63, 0x4D, 0x63, 0x4D, 0x63,
    0x4D, 0x63, 0x4D, 0x52, 0x8A, 0x52, 0x8A, 0x39, 0xC6, 0x39, 0xC6, 0x31, 0x44, 0x31, 0x44, 0x18,
    0x00, 0x87, 0x63, 0x4D, 0x63, 0x4D, 0x31, 0x44, 0x31, 0x44, 0x20, 0x00, 0x83, 0x21, 0x02, 0x21,
    0x02, 0x7F, 0x00, 0x7F, 0x00, 0x7F, 0x00, 0x53, 0x00, 0x8B, 0x21, 0x02, 0x21, 0x02, 0x63, 0x4D,
    0x63, 0x4D, 0x9F, 0x93, 0x9F, 0x93, 0x2C, 0x00, 0xAF, 0x31, 0x44, 0x31, 0x44, 0x52, 0x8A, 0x52,
    0x8A, 0x52, 0x8A, 0x52, 0x8A, 0x52, 0x47, 0x52, 0x47, 0x63, 0x0B, 0x63, 0x0B, 0x52, 0x8A, 0x52,
    0x8A, 0x63, 0x4D, 0x63, 0x4D, 0x63, 0x4D, 0x63, 0x4D, 0x52, 0x8A, 0x52, 0x8A, 0x63, 0x4D, 0x63,
    0x4D, 0x63, 0x4D, 0x63, 0x4D, 0x31, 0x44, 0x31, 0x44, 0x18, 0x00, 0x8B, 0x63, 0x4D, 0x63, 0x4D,
    0x63, 0x4D, 0x63, 0x4D, 0x31, 0x44, 0x31, 0x44, 0x18, 0x00, 0x8B, 0x63, 0x4D, 0x63, 0x4D, 0x52,
    0x8A, 0x52, 0x8A, 0x39, 0xC6, 0x39, 0xC6, 0x7F, 0x00, 0x7F, 0x00, 0x7F, 0x00, 0x53, 0x00, 0x8B,
    0x21, 0x02, 0x21, 0x02, 0x63, 0x4D, 0x63, 0x4D, 0x9F, 0x93, 0x9F, 0x93, 0x2C, 0x00, 0xAF, 0x31,
    0x44, 0x31, 0x44, 0x52, 0x8A, 0x52, 0x8A, 0x52, 0x8A, 0x52, 0x8A, 0x52, 0x47, 0x52, 0x47, 0x63,
    0x0B, 0x63, 0x0B, 0x52, 0x8A, 0x52, 0x8A, 0x63, 0x4D, 0x63, 0x4D, 0x63, 0x4D, 0x63, 0x4D, 0x52,
    0x8A, 0x52, 0x8A, 0x63, 0x4D, 0x63, 0x4D, 0x63, 0x4D, 0x63, 0x4D, 0x31, 0x44, 0x31, 0x44, 0x18,
    0x00, 0x8B, 0x63, 0x4D, 0x63, 0x4D, 0x63, 0x4D, 0x63, 0x4D, 0x31, 0x44, 0x31, 0x44, 0x18, 0x00,
    0x8B, 0x63, 0x4D, 0x63, 0x4D, 0x52, 0x8A, 0x52, 0x8A, 0x39, 0xC6, 0x39, 0xC6, 0x7F, 0x00, 0x7F,
    0x00, 0x7F, 0x00, 0x53, 0x00, 0x8B, 0x31, 0x44, 0x31, 0x44, 0x52, 0x8A, 0x52, 0x8A, 0x63, 0x4D,
    0x63, 0x4D, 0x30, 0x00, 0xAB, 0x39, 0xC6, 0x39, 0xC6, 0x52, 0x47, 0x52, 0x47, 0x52, 0x47, 0x52,
    0x47, 0x31, 0x44, 0x31, 0x44, 0x63, 0x0B, 0x63, 0x0B, 0x52, 0x8A, 0x52, 0x8A, 0x52, 0x8A, 0x52,
    0x8A, 0x52, 0x8A, 0x52, 0x8A, 0x63, 0x4D, 0x63, 0x4D, 0x63, 0x4D, 0x63, 0x4D, 0x21, 0x02, 0x21,
    0x02, 0x18, 0x00, 0x8B, 0x63, 0x4D, 0x63, 0x4D, 0x52, 0x8A, 0x52, 0x8A, 0x31, 0x44, 0x31, 0x44,
    0x14, 0x00, 0x8B, 0x63, 0x4D, 0x63, 0x4D, 0x63, 0x4D, 0x63, 0x4D, 0x39, 0xC6, 0x39, 0xC6, 0x7F,
    0x00, 0x7F, 0x00, 0x7F, 0x00, 0x57, 0x00, 0x8B, 0x31, 0x44, 0x31, 0x44, 0x52, 0x8A, 0x52, 0x8A,
    0x63, 0x4D, 0x63, 0x4D, 0x30, 0x00, 0xAB, 0x39, 0xC6, 0x39, 0xC6, 0x52, 0x47, 0x52, 0x47, 0x52,
    0x47, 0x52, 0x47, 0x31, 0x44, 0x31, 0x44, 0x63, 0x0B, 0x63, 0x0B, 0x52, 0x8A, 0x52, 0x8A, 0x52,
    0x8A, 0x52, 0x8A, 0x52, 0x8A, 0x52, 0x8A, 0x63, 0x4D, 0x63, 0x4D, 0x63, 0x4D, 0x63, 0x4D, 0x21,
    0x02, 0x21, 0x02, 0x18, 0x00, 0x8B, 0x63, 0x4D, 0x63, 0x4D, 0x52, 0x8A, 0x52, 0x8A, 0x31, 0x44,
    0x31, 0x44, 0x14, 0x00, 0x8B, 0x63, 0x4D, 0x63, 0x4D, 0x63, 0x4D, 0x63, 0x4D, 0x39, 0xC6, 0x39,
    0xC6, 0x7F, 0x00, 0x7F, 0x00, 0x7F, 0x00, 0x5B, 0x00, 0x8B, 0x31, 0x44, 0x31, 0x44, 0x63, 0x4D,
    0x63, 0x4D, 0x52, 0x8A, 0x52, 0x8A, 0x2C, 0x00, 0xAB, 0x31, 0x44, 0x31, 0x44, 0x39, 0xC6, 0x39,
    0xC6, 0x39, 0xC6, 0x39, 0xC6, 0x52, 0x47, 0x52, 0x47, 0x63, 0x0B, 0x63, 0x0B, 0x63, 0x0B, 0x63,
    0x0B, 0x52, 0x8A, 0x52, 0x8A, 0x31, 0x44, 0x31, 0x44, 0x63, 0x4D, 0x63, 0x4D, 0x63, 0x4D, 0x63,
    0x4D, 0x21, 0x02, 0x21, 0x02, 0x14, 0x00, 0x8B, 0x63, 0x4D, 0x63, 0x4D, 0x52, 0x8A, 0x52, 0x8A,
    0x21, 0x02, 0x21, 0x02, 0x18, 0x00, 0x87, 0x63, 0x4D, 0x63, 0x4D, 0x52, 0x8A, 0x52, 0x8A, 0x7F,
    0x00, 0x7F, 0x00, 0x7F, 0x00, 0x5F, 0x00, 0x8B, 0x31, 0x44, 0x31, 0x44, 0x63, 0x4D, 0x63, 0x4D,
    0x52, 0x8A, 0x52, 0x8A, 0x2C, 0x00, 0xAB, 0x31, 0x44, 0x31, 0x44, 0x39, 0xC6, 0x39, 0xC6, 0x39,
    0xC6, 0x39, 0xC6, 0x52, 0x47, 0x52, 0x47, 0x63, 0x0B, 0x63, 0x0B, 0x63, 0x0B, 0x63, 0x0B, 0x52,
    0x8A, 0x52, 0x8A, 0x31, 0x44, 0x31, 0x44, 0x63, 0x4D, 0x63, 0x4D, 0x63, 0x4D, 0x63, 0x4D, 0x21,
    0x02, 0x21, 0x02, 0x14, 0x00, 0x8B, 0x63, 0x4D, 0x63, 0x4D, 0x52, 0x8A, 0x52, 0x8A, 0x21, 0x02,
    0x21, 0x02, 0x18, 0x00, 0x87, 0x63, 0x4D, 0x63, 0x4D, 0x52, 0x8A, 0x52, 0x8A, 0x7F, 0x00, 0x7F,
    0x00, 0x7F, 0x00, 0x5F, 0x00, 0x8B, 0x52, 0x8A, 0x52, 0x8A, 0x63, 0x4D, 0x63, 0x4D, 0x63, 0x4D,
    0x63, 0x4D, 0x34, 0x00, 0xA3, 0x39, 0xC6, 0x39, 0xC6, 0x63, 0x4D, 0x63, 0x4D, 0x63, 0x4D, 0x63,
    0x4D, 0x63, 0x4D, 0x63, 0x4D, 0x31, 0x44, 0x31, 0x44, 0x52, 0x8A, 0x52, 0x8A, 0x63, 0x4D, 0x63,
    0x4D, 0x63, 0x4D, 0x63, 0x4D, 0x31, 0x44, 0x31, 0x44, 0x10, 0x00, 0x8F, 0x63, 0x4D, 0x63, 0x4D,
    0x52, 0x8A, 0x52, 0x8A, 0x31, 0x44, 0x31, 0x44, 0x31, 0x44, 0x31, 0x44, 0x14, 0x00, 0x8B, 0x52,
    0x8A, 0x52, 0x8A, 0x63, 0x4D, 0x63, 0x4D, 0x39, 0xC6, 0x39, 0xC6, 0x7F, 0x00, 0x7F, 0x00, 0x7F,
    0x00, 0x5F, 0x00, 0x8B, 0x52, 0x8A, 0x52, 0x8A, 0x63, 0x4D, 0x63, 0x4D, 0x63, 0x4D, 0x63, 0x4D,
    0x34, 0x00, 0xA3, 0x39, 0xC6, 0x39, 0xC6, 0x63, 0x4D, 0x63, 0x4D, 0x63, 0x4D, 0x63, 0x4D, 0x63,
    0x4D, 0x63, 0x4D, 0x31, 0x44, 0x31, 0x44, 0x52, 0x8A, 0x52, 0x8A, 0x63, 0x4D, 0x63, 0x4D, 0x63,
    0x4D, 0x63, 0x4D, 0x31, 0x44, 0x31, 0x44, 0x10, 0x00, 0x8F, 0x63, 0x4D, 0x63, 0x4D, 0x52, 0x8A,
    0x52, 0x8A, 0x31, 0x44, 0x31, 0x44, 0x31, 0x44, 0x31, 0x44, 0x14, 0x00, 0x8B, 0x52, 0x8A, 0x52,
    0x8A, 0x63, 0x4D, 0x63, 0x4D, 0x39, 0xC6, 0x39, 0xC6, 0x7F, 0x00, 0x7F, 0x00, 0x7F, 0x00, 0x5F,
    0x00, 0x8B, 0x52, 0x8A, 0x52, 0x8A, 0x63, 0x4D, 0x63, 0x4D, 0x63, 0x4D, 0x63, 0x4D, 0x34, 0x00,
    0xA3, 0x31, 0x44, 0x31, 0x44, 0x63, 0x4D, 0x63, 0x4D, 0x63, 0x4D, 0x63, 0x4D, 0x52, 0x47, 0x52,
    0x47, 0x63, 0x0B, 0x63, 0x0B, 0x52, 0x8A, 0x52, 0x8A, 0x63, 0x4D, 0x63, 0x4D, 0x63, 0x4D, 0x63,
    0x4D, 0x31, 0x44, 0x31, 0x44, 0x10, 0x00, 0x8B, 0x63, 0x4D, 0x63, 0x4D, 0x52, 0x8A, 0x52, 0x8A,
    0x39, 0xC6, 0x39, 0xC6, 0x10, 0x00, 0x93, 0x63, 0x4D, 0x63, 0x4D, 0x63, 0x4D, 0x63, 0x4D, 0x9C,
    0xDE, 0x9C, 0xDE, 0x39, 0xC6, 0x39, 0xC6, 0x21, 0x02, 0x21, 0x02, 0x04, 0x00, 0x83, 0x31, 0x44,
    0x31, 0x44, 0x7F, 0x00, 0x7F, 0x00, 0x7F, 0x00, 0x57, 0x00, 0x8B, 0x52, 0x8A, 0x52, 0x8A, 0x63,
    0x4D, 0x63, 0x4D, 0x63, 0x4D, 0x63, 0x4D, 0x34, 0x00, 0xA3, 0x31, 0x44, 0x31, 0x44, 0x63, 0x4D,
    0x63, 0x4D, 0x63, 0x4D, 0x63, 0x4D, 0x52, 0x47, 0x52, 0x47, 0x63, 0x0B, 0x63, 0x0B, 0x52, 0x8A,
    0x52, 0x8A, 0x63, 0x4D, 0x63, 0x4D, 0x63, 0x4D, 0x63, 0x4D, 0x31, 0x44, 0x31, 0x44, 0x10, 0x00,
    0x8B, 0x63, 0x4D, 0x63, 0x4D, 0x52, 0x8A, 0x52, 0x8A, 0x39, 0xC6, 0x39, 0xC6, 0x10, 0x00, 0x93,
    0x63, 0x4D, 0x63, 0x4D, 0x63, 0x4D, 0x63, 0x4D, 0x9C, 0xDE, 0x9C, 0xDE, 0x39, 0xC6, 0x39, 0xC6,
    0x21, 0x02, 0x21, 0x02, 0x04, 0x00, 0x83, 0x31, 0x44, 0x31, 0x44, 0x7F, 0x00, 0x7F, 0x00, 0x7F,
    0x00, 0x57, 0x00, 0x8B, 0x31, 0x44, 0x31, 0x44, 0x63, 0x4D, 0x63, 0x4D, 0x52, 0x8A, 0x52, 0x8A,
    0x34, 0x00, 0xA3, 0x31, 0x44, 0x31, 0x44, 0x63, 0x4D, 0x63, 0x4D, 0x63, 0x0B, 0x63, 0x0B, 0x63,
    0x0B, 0x63, 0x0B, 0x63, 0x0B, 0x63, 0x0B, 0x31, 0x44, 0x31, 0x44, 0x52, 0x8A, 0x52, 0x8A, 0x52,
    0x8A, 0x52, 0x8A, 0x52, 0x8A, 0x52, 0x8A, 0x10, 0x00, 0x8B, 0x63, 0x4D, 0x63, 0x4D, 0x52, 0x8A,
    0x52, 0x8A, 0x39, 0xC6, 0x39, 0xC6, 0x0C, 0x00, 0x9B, 0x63, 0x4D, 0x63, 0x4D, 0x63, 0x4D, 0x63,
    0x4D, 0x52, 0x8A, 0x52, 0x8A, 0x31, 0x44, 0x31, 0x44, 0x21, 0x02, 0x21, 0x02, 0x31, 0x44, 0x31,
    0x44, 0x21, 0x02, 0x21, 0x02, 0x7F, 0x00, 0x7F, 0x00, 0x7F, 0x00, 0x5B, 0x00, 0x8B, 0x31, 0x44,
    0x31, 0x44, 0x63, 0x4D, 0x63, 0x4D, 0x52, 0x8A, 0x52, 0x8A, 0x34, 0x00, 0xA3, 0x31, 0x44, 0x31,
    0x44, 0x63, 0x4D, 0x63, 0x4D, 0x63, 0x0B, 0x63, 0x0B, 0x63, 0x0B, 0x63, 0x0B, 0x63, 0x0B, 0x63,
    0x0B, 0x31, 0x44, 0x31, 0x44, 0x52, 0x8A, 0x52, 0x8A, 0x52, 0x8A, 0x52, 0x8A, 0x52, 0x8A, 0x52,
    0x8A, 0x10, 0x00, 0x8B, 0x63, 0x4D, 0x63, 0x4D, 0x52, 0x8A, 0x52, 0x8A, 0x39, 0xC6, 0x39, 0xC6,
    0x0C, 0x00, 0x9B, 0x63, 0x4D, 0x63, 0x4D, 0x63, 0x4D, 0x63, 0x4D, 0x52, 0x8A, 0x52, 0x8A, 0x31,
    0x44, 0x31, 0x44, 0x21, 0x02, 0x21, 0x02, 0x31, 0x44, 0x31, 0x44, 0x21, 0x02, 0x21, 0x02, 0x7F,
    0x00, 0x7F, 0x00, 0x7F, 0x00, 0x5B, 0x00, 0x87, 0x31, 0x44, 0x31, 0x44, 0x63, 0x4D, 0x63, 0x4D,
    0x38, 0x00, 0xA3, 0x31, 0x44, 0x31, 0x44, 0x52, 0x47, 0x52, 0x47, 0x52, 0x47, 0x52, 0x47, 0x63,
    0x0B, 0x63, 0x0B, 0x63, 0x0B, 0x63, 0x0B, 0x63, 0x0B, 0x63, 0x0B, 0x63, 0x0B, 0x63, 0x0B, 0x52,
    0x8A, 0x52, 0x8A, 0x31, 0x44, 0x31, 0x44, 0x10, 0x00, 0x8B, 0x63, 0x4D, 0x63, 0x4D, 0x39, 0xC6,
    0x39, 0xC6, 0x31, 0x44, 0x31, 0x44, 0x08, 0x00, 0x8F, 0x63, 0x4D, 0x63, 0x4D, 0x52, 0x8A, 0x52,
    0x8A, 0x21, 0x02, 0x21, 0x02, 0x31, 0x44, 0x31, 0x44, 0x7F, 0x00, 0x7F, 0x00, 0x7F, 0x00, 0x6B,
    0x00, 0x87, 0x31, 0x44, 0x31, 0x44, 0x63, 0x4D, 0x63, 0x4D, 0x38, 0x00, 0xA3, 0x31, 0x44, 0x31,
    0x44, 0x52, 0x47, 0x52, 0x47, 0x52, 0x47, 0x52, 0x47, 0x63, 0x0B, 0x63, 0x0B, 0x63, 0x0B, 0x63,
    0x0B, 0x63, 0x0B, 0x63, 0x0B, 0x63, 0x0B, 0x63, 0x0B, 0x52, 0x8A, 0x52, 0x8A, 0x31, 0x44, 0x31,
    0x44, 0x10, 0x00, 0x8B, 0x63, 0x4D, 0x63, 0x4D, 0x39, 0xC6, 0x39, 0xC6, 0x31, 0x44, 0x31, 0x44,
    0x08, 0x00, 0x8F, 0x63, 0x4D, 0x63, 0x4D, 0x52, 0x8A, 0x52, 0x8A, 0x21, 0x02, 0x21, 0x02, 0x31,
    0x44, 0x31, 0x44, 0x7F, 0x00, 0x7F, 0x00, 0x7F, 0x00, 0x6B, 0x00, 0x87, 0x21, 0x02, 0x21, 0x02,
    0x52, 0x8A, 0x52, 0x8A, 0x0C, 0x00, 0x83, 0x63, 0x4D, 0x63, 0x4D, 0x28, 0x00, 0xA3, 0x31, 0x44,
    0x31, 0x44, 0x31, 0x44, 0x31, 0x44, 0x63, 0x0B, 0x63, 0x0B, 0x52, 0x47, 0x52, 0x47, 0x52, 0x47,
    0x52, 0x47, 0x31, 0x44, 0x31, 0x44, 0x52, 0x47, 0x52, 0x47, 0x52, 0x8A, 0x52, 0x8A, 0x31, 0x44,
    0x31, 0x44, 0x0C, 0x00, 0x9F, 0x63, 0x4D, 0x63, 0x4D, 0x52, 0x8A, 0x52, 0x8A, 0x39, 0xC6, 0x39,
    0xC6, 0x31, 0x44, 0x31, 0x44, 0x52, 0x8A, 0x52, 0x8A, 0x52, 0x8A, 0x52, 0x8A, 0x63, 0x4D, 0x63,
    0x4D, 0x31, 0x44, 0x31, 0x44, 0x7F, 0x00, 0x7F, 0x00, 0x7F, 0x00, 0x73, 0x00, 0x87, 0x21, 0x02,
    0x21, 0x02, 0x52, 0x8A, 0x52, 0x8A, 0x0C, 0x00, 0x83, 0x63, 0x4D, 0x63, 0x4D, 0x28, 0x00, 0xA3,
    0x31, 0x44, 0x31, 0x44, 0x31, 0x44, 0x31, 0x44, 0x63, 0x0B, 0x63, 0x0B, 0x52, 0x47, 0x52, 0x47,
    0x52, 0x47, 0x52, 0x47, 0x31, 0x44, 0x31, 0x44, 0x52, 0x47, 0x52, 0x47, 0x52, 0x8A, 0x52, 0x8A,
    0x31, 0x44, 0x31, 0x44, 0x0C, 0x00, 0x9F, 0x63, 0x4D, 0x63, 0x4D, 0x52, 0x8A, 0x52, 0x8A, 0x39,
    0xC6, 0x39, 0xC6, 0x31, 0x44, 0x31, 0x44, 0x52, 0x8A, 0x52, 0x8A, 0x52, 0x8A, 0x52, 0x8A, 0x63,
    0x4D, 0x63, 0x4D, 0x31, 0x44, 0x31, 0x44, 0x7F, 0x00, 0x7F, 0x00, 0x7F, 0x00, 0x73, 0x00, 0x8B,
    0x31, 0x44, 0x31, 0x44, 0x52, 0x8A, 0x52, 0x8A, 0x63, 0x4D, 0x63, 0x4D, 0x04, 0x00, 0x87, 0x39,
    0xC6, 0x39, 0xC6, 0x63, 0x4D, 0x63, 0x4D, 0x28, 0x00, 0xA3, 0x21, 0x02, 0x21, 0x02, 0x21, 0x02,
    0x21, 0x02, 0x21, 0x02, 0x21, 0x02, 0x21, 0x02, 0x21, 0x02, 0x31, 0x44, 0x31, 0x44, 0x52, 0x47,
    0x52, 0x47, 0x63, 0x0B, 0x63, 0x0B, 0x52, 0x47, 0x52, 0x47, 0x31, 0x44, 0x31, 0x44, 0x0C, 0x00,
    0xA3, 0x63, 0x4D, 0x63, 0x4D, 0x52, 0x8A, 0x52, 0x8A, 0x39, 0xC6, 0x39, 0xC6, 0x21, 0x02, 0x21,
    0x02, 0x52, 0x8A, 0x52, 0x8A, 0x63, 0x4D, 0x63, 0x4D, 0x31, 0x44, 0x31, 0x44, 0x21, 0x02, 0x21,
    0x02, 0x52, 0x8A, 0x52, 0x8A, 0x7F, 0x00, 0x7F, 0x00, 0x7F, 0x00, 0x6F, 0x00, 0x8B, 0x31, 0x44,
    0x31, 0x44, 0x52, 0x8A, 0x52, 0x8A, 0x63, 0x4D, 0x63, 0x4D, 0x04, 0x00, 0x87, 0x39, 0xC6, 0x39,
    0xC6, 0x63, 0x4D, 0x63, 0x4D, 0x28, 0x00, 0xA3, 0x21, 0x02, 0x21, 0x02, 0x21, 0x02, 0x21, 0x02,
    0x21, 0x02, 0x21, 0x02, 0x21, 0x02, 0x21, 0x02, 0x31, 0x44, 0x31, 0x44, 0x52, 0x47, 0x52, 0x47,
    0x63, 0x0B, 0x63, 0x0B, 0x52, 0x47, 0x52, 0x47, 0x31, 0x44, 0x31, 0x44, 0x0C, 0x00, 0xA3, 0x63,
    0x4D, 0x63, 0x4D, 0x52, 0x8A, 0x52, 0x8A, 0x39, 0xC6, 0x39, 0xC6, 0x21, 0x02, 0x21, 0x02, 0x52,
    0x8A, 0x52, 0x8A, 0x63, 0x4D, 0x63, 0x4D, 0x31, 0x44, 0x31, 0x44, 0x21, 0x02, 0x21, 0x02, 0x52,
    0x8A, 0x52, 0x8A, 0x7F, 0x00, 0x7F, 0x00, 0x7F, 0x00, 0x6F, 0x00, 0x8B, 0x31, 0x44, 0x31, 0x44,
    0x52, 0x8A, 0x52, 0x8A, 0x63, 0x4D, 0x63, 0x4D, 0x04, 0x00, 0x87, 0x52, 0x8A, 0x52, 0x8A, 0x63,
    0x4D, 0x63, 0x4D, 0x2C, 0x00, 0x9F, 0x21, 0x02, 0x21, 0x02, 0x31, 0x44, 0x31, 0x44, 0x31, 0x44,
    0x31, 0x44, 0x52, 0x47, 0x52, 0x47, 0x63, 0x0B, 0x63, 0x0B, 0x52, 0x47, 0x52, 0x47, 0x52, 0x47,
    0x52, 0x47, 0x52, 0x47, 0x52, 0x47, 0x0C, 0x00, 0xA3, 0x52, 0x8A, 0x52, 0x8A, 0x52, 0x8A, 0x52,
    0x8A, 0x21, 0x02, 0x21, 0x02, 0x21, 0x02, 0x21, 0x02, 0x52, 0x8A, 0x52, 0x8A, 0x52, 0x8A, 0x52,
    0x8A, 0x21, 0x02, 0x21, 0x02, 0x52, 0x8A, 0x52, 0x8A, 0x52, 0x8A, 0x52, 0x8A, 0x7F, 0x00, 0x7F,
    0x00, 0x7F, 0x00, 0x6F, 0x00, 0x8B, 0x31, 0x44, 0x31, 0x44, 0x52, 0x8A, 0x52, 0x8A, 0x63, 0x4D,
    0x63, 0x4D, 0x04, 0x00, 0x87, 0x52, 0x8A, 0x52, 0x8A, 0x63, 0x4D, 0x63, 0x4D, 0x2C, 0x00, 0x9F,
    0x21, 0x02, 0x21, 0x02, 0x31, 0x44, 0x31, 0x44, 0x31, 0x44, 0x31, 0x44, 0x52, 0x47, 0x52, 0x47,
    0x63, 0x0B, 0x63, 0x0B, 0x52, 0x47, 0x52, 0x47, 0x52, 0x47, 0x52, 0x47, 0x52, 0x47, 0x52, 0x47,
    0x0C, 0x00, 0xA3, 0x52, 0x8A, 0x52, 0x8A, 0x52, 0x8A, 0x52, 0x8A, 0x21, 0x02, 0x21, 0x02, 0x21,
    0x02, 0x21, 0x02, 0x52, 0x8A, 0x52, 0x8A, 0x52, 0x8A, 0x52, 0x8A, 0x21, 0x02, 0x21, 0x02, 0x52,
    0x8A, 0x52, 0x8A, 0x52, 0x8A, 0x52, 0x8A, 0x7F, 0x00, 0x7F, 0x00, 0x7F, 0x00, 0x73, 0x00, 0x93,
    0x31, 0x44, 0x31, 0x44, 0x63, 0x4D, 0x63, 0x4D, 0x63, 0x4D, 0x63, 0x4D, 0x52, 0x8A, 0x52, 0x8A,
    0x63, 0x4D, 0x63, 0x4D, 0x2C, 0x00, 0x9F, 0x52, 0x47, 0x52, 0x47, 0x52, 0x47, 0x52, 0x47, 0x52,
    0x47, 0x52, 0x47, 0x52, 0x47, 0x52, 0x47, 0x63, 0x0B, 0x63, 0x0B, 0x52, 0x47, 0x52, 0x47, 0x63,
    0x0B, 0x63, 0x0B, 0x31, 0x44, 0x31, 0x44, 0x0C, 0x00, 0x9F, 0x52, 0x8A, 0x52, 0x8A, 0x52, 0x8A,
    0x52, 0x8A, 0x52, 0x8A, 0x52, 0x8A, 0x52, 0x8A, 0x52, 0x8A, 0x52, 0x8A, 0x52, 0x8A, 0x52, 0x8A,
    0x52, 0x8A, 0x52, 0x8A, 0x52, 0x8A, 0x52, 0x8A, 0x52, 0x8A, 0x7F, 0x00, 0x7F, 0x00, 0x7F, 0x00,
    0x77, 0x00, 0x93, 0x31, 0x44, 0x31, 0x44, 0x63, 0x4D, 0x63, 0x4D, 0x63, 0x4D, 0x63, 0x4D, 0x52,
    0x8A, 0x52, 0x8A, 0x63, 0x4D, 0x63, 0x4D, 0x2C, 0x00, 0x9F, 0x52, 0x47, 0x52, 0x47, 0x52, 0x47,
    0x52, 0x47, 0x52, 0x47, 0x52, 0x47, 0x52, 0x47, 0x52, 0x47, 0x63, 0x0B, 0x63, 0x0B, 0x52, 0x47,
    0x52, 0x47, 0x63, 0x0B, 0x63, 0x0B, 0x31, 0x44, 0x31, 0x44, 0x0C, 0x00, 0x9F, 0x52, 0x8A, 0x52,
    0x8A, 0x52, 0x8A, 0x52, 0x8A, 0x52, 0x8A, 0x52, 0x8A, 0x52, 0x8A, 0x52, 0x8A, 0x52, 0x8A, 0x52,
    0x8A, 0x52, 0x8A, 0x52, 0x8A, 0x52, 0x8A, 0x52, 0x8A, 0x52, 0x8A, 0x52, 0x8A, 0x7F, 0x00, 0x7F,
    0x00, 0x7F, 0x00, 0x77, 0x00, 0x93, 0x39, 0xC6, 0x39, 0xC6, 0x52, 0x8A, 0x52, 0x8A, 0x63, 0x4D,
    0x63, 0x4D, 0x31, 0x44, 0x31, 0x44, 0xF7, 0x93, 0xF7, 0x93, 0x2C, 0x00, 0x9F, 0x52, 0x47, 0x52,
    0x47, 0x52, 0x47, 0x52, 0x47, 0x63, 0x0B, 0x63, 0x0B, 0x63, 0x0B, 0x63, 0x0B, 0x63, 0x0B, 0x63,
    0x0B, 0x63, 0x0B, 0x63, 0x0B, 0x31, 0x44, 0x31, 0x44, 0x31, 0x44, 0x31, 0x44, 0x10, 0x00, 0x87,
    0x52, 0x8A, 0x52, 0x8A, 0x52, 0x8A, 0x52, 0x8A, 0x04, 0x00, 0x83, 0x52, 0x8A, 0x52, 0x8A, 0x7F,
    0x00, 0x7F, 0x00, 0x7F, 0x00, 0x7F, 0x00, 0x04, 0x00, 0x93, 0x39, 0xC6, 0x39, 0xC6, 0x52, 0x8A,
    0x52, 0x8A, 0x63, 0x4D, 0x63, 0x4D, 0x31, 0x44, 0x31, 0x44, 0xF7, 0x93, 0xF7, 0x93, 0x2C, 0x00,
    0x9F, 0x52, 0x47, 0x52, 0x47, 0x52, 0x47, 0x52, 0x47, 0x63, 0x0B, 0x63, 0x0B, 0x63, 0x0B, 0x63,
    0x0B, 0x63, 0x0B, 0x63, 0x0B, 0x63, 0x0B, 0x63, 0x0B, 0x31, 0x44, 0x31, 0x44, 0x31, 0x44, 0x31,
    0x44, 0x10, 0x00, 0x87, 0x52, 0x8A, 0x52, 0x8A, 0x52, 0x8A, 0x52, 0x8A, 0x04, 0x00, 0x83, 0x52,
    0x8A, 0x52, 0x8A, 0x7F, 0x00, 0x7F, 0x00, 0x7F, 0x00, 0x6B, 0x00, 0x83, 0x52, 0x8A, 0x52, 0x8A,
    0x08, 0x00, 0xA3, 0x52, 0x8A, 0x52, 0x8A, 0x52, 0x8A, 0x52, 0x8A, 0x39, 0xC6, 0x39, 0xC6, 0x39,
    0xC6, 0x39, 0xC6, 0x52, 0x8A, 0x52, 0x8A, 0x52, 0x8A, 0x52, 0x8A, 0x21, 0x02, 0x21, 0x02, 0x63,
    0x4D, 0x63, 0x4D, 0x52, 0x8A, 0x52, 0x8A, 0x04, 0x00, 0x83, 0x52, 0x8A, 0x52, 0x8A, 0x0C, 0x00,
    0x8B, 0x52, 0x8A, 0x52, 0x8A, 0x31, 0x44, 0x31, 0x44, 0x31, 0x44, 0x31, 0x44, 0x04, 0x00, 0xA3,
    0x31, 0x44, 0x31, 0x44, 0x52, 0x47, 0x52, 0x47, 0x52, 0x47, 0x52, 0x47, 0x63, 0x0B, 0x63, 0x0B,
    0x63, 0x0B, 0x63, 0x0B, 0x63, 0x0B, 0x63, 0x0B, 0x31, 0x44, 0x31, 0x44, 0x21, 0x02, 0x21, 0x02,
    0x52, 0x47, 0x52, 0x47, 0x08, 0x00, 0x93, 0x63, 0x4D, 0x63, 0x4D, 0x63, 0x4D, 0x63, 0x4D, 0x63,
    0x4D, 0x63, 0x4D, 0x52, 0x8A, 0x52, 0x8A, 0x21, 0x02, 0x21, 0x02, 0x7F, 0x00, 0x7F, 0x00, 0x7F,
    0x00, 0x6F, 0x00, 0x83, 0x52, 0x8A, 0x52, 0x8A, 0x08, 0x00, 0xA3, 0x52, 0x8A, 0x52, 0x8A, 0x52,
    0x8A, 0x52, 0x8A, 0x39, 0xC6, 0x39, 0xC6, 0x39, 0xC6, 0x39, 0xC6, 0x52, 0x8A, 0x52, 0x8A, 0x52,
    0x8A, 0x52, 0x8A, 0x21, 0x02, 0x21, 0x02, 0x63, 0x4D, 0x63, 0x4D, 0x52, 0x8A, 0x52, 0x8A, 0x04,
    0x00, 0x83, 0x52, 0x8A, 0x52, 0x8A, 0x0C, 0x00, 0x8B, 0x52, 0x8A, 0x52, 0x8A, 0x31, 0x44, 0x31,
    0x44, 0x31, 0x44, 0x31, 0x44, 0x04, 0x00, 0xA3, 0x31, 0x44, 0x31, 0x44, 0x52, 0x47, 0x52, 0x47,
    0x52, 0x47, 0x52, 0x47, 0x63, 0x0B, 0x63, 0x0B, 0x63, 0x0B, 0x63, 0x0B, 0x63, 0x0B, 0x63, 0x0B,
    0x31, 0x44, 0x31, 0x44, 0x21, 0x02, 0x21, 0x02, 0x52, 0x47, 0x52, 0x47, 0x08, 0x00, 0x93, 0x63,
    0x4D, 0x63, 0x4D, 0x63, 0x4D, 0x63, 0x4D, 0x63, 0x4D, 0x63, 0x4D, 0x52, 0x8A, 0x52, 0x8A, 0x21,
    0x02, 0x21, 0x02, 0x7F, 0x00, 0x7F, 0x00, 0x7F, 0x00, 0x7F, 0x00, 0x04, 0x00, 0x97, 0x52, 0x8A,
    0x52, 0x8A, 0x39, 0xC6, 0x39, 0xC6, 0x31, 0x44, 0x31, 0x44, 0x52, 0x8A, 0x52, 0x8A, 0x52, 0x8A,
    0x52, 0x8A, 0x63, 0x4D, 0x63, 0x4D, 0x20, 0x00, 0xAB, 0x63, 0x0B, 0x63, 0x0B, 0x31, 0x44, 0x31,
    0x44, 0x31, 0x44, 0x31, 0x44, 0x52, 0x47, 0x52, 0x47, 0x63, 0x0B, 0x63, 0x0B, 0x63, 0x0B, 0x63,
    0x0B, 0x31, 0x44, 0x31, 0x44, 0x31, 0x44, 0x31, 0x44, 0x21, 0x02, 0x21, 0x02, 0x21, 0x02, 0x21,
    0x02, 0x31, 0x44, 0x31, 0x44, 0x08, 0x00, 0x93, 0x52, 0x8A, 0x52, 0x8A, 0x52, 0x8A, 0x52, 0x8A,
    0x52, 0x8A, 0x52, 0x8A, 0x52, 0x8A, 0x52, 0x8A, 0x21, 0x02, 0x21, 0x02, 0x7F, 0x00, 0x7F, 0x00,
    0x7F, 0x00, 0x7F, 0x00, 0x04, 0x00, 0x97, 0x52, 0x8A, 0x52, 0x8A, 0x39, 0xC6, 0x39, 0xC6, 0x31,
    0x44, 0x31, 0x44, 0x52, 0x8A, 0x52, 0x8A, 0x52, 0x8A, 0x52, 0x8A, 0x63, 0x4D, 0x63, 0x4D, 0x20,
    0x00, 0xAB, 0x63, 0x0B, 0x63, 0x0B, 0x31, 0x44, 0x31, 0x44, 0x31, 0x44, 0x31, 0x44, 0x52, 0x47,
    0x52, 0x47, 0x63, 0x0B, 0x63, 0x0B, 0x63, 0x0B, 0x63, 0x0B, 0x31, 0x44, 0x31, 0x44, 0x31, 0x44,
    0x31, 0x44, 0x21, 0x02, 0x21, 0x02, 0x21, 0x02, 0x21, 0x02, 0x31, 0x44, 0x31, 0x44, 0x08, 0x00,
    0x93, 0x52, 0x8A, 0x52, 0x8A, 0x52, 0x8A, 0x52, 0x8A, 0x52, 0x8A, 0x52, 0x8A, 0x52, 0x8A, 0x52,
    0x8A, 0x21, 0x02, 0x21, 0x02, 0x7F, 0x00, 0x7F, 0x00, 0x7F, 0x00, 0x7F, 0x00, 0x10, 0x00, 0x87,
    0x31, 0x44, 0x31, 0x44, 0x63, 0x4D, 0x63, 0x4D, 0x28, 0x00, 0xA7, 0x63, 0x0B, 0x63, 0x0B, 0x31,
    0x44, 0x31, 0x44, 0x52, 0x47, 0x52, 0x47, 0x52, 0x47, 0x52, 0x47, 0x52, 0x47, 0x52, 0x47, 0x63,
    0x0B, 0x63, 0x0B, 0x31, 0x44, 0x31, 0x44, 0x31, 0x44, 0x31, 0x44, 0x31, 0x44, 0x31, 0x44, 0x52,
    0x47, 0x52, 0x47, 0x08, 0x00, 0x8B, 0x52, 0x8A, 0x52, 0x8A, 0x21, 0x02, 0x21, 0x02, 0x21, 0x02,
    0x21, 0x02, 0x7F, 0x00, 0x7F, 0x00, 0x7F, 0x00, 0x7F, 0x00, 0x18, 0x00, 0x87, 0x31, 0x44, 0x31,
    0x44, 0x63, 0x4D, 0x63, 0x4D, 0x28, 0x00, 0xA7, 0x63, 0x0B, 0x63, 0x0B, 0x31, 0x44, 0x31, 0x44,
    0x52, 0x47, 0x52, 0x47, 0x52, 0x47, 0x52, 0x47, 0x52, 0x47, 0x52, 0x47, 0x63, 0x0B, 0x63, 0x0B,
    0x31, 0x44, 0x31, 0x44, 0x31, 0x44, 0x31, 0x44, 0x31, 0x44, 0x31, 0x44, 0x52, 0x47, 0x52, 0x47,
    0x08, 0x00, 0x8B, 0x52, 0x8A, 0x52, 0x8A, 0x21, 0x02, 0x21, 0x02, 0x21, 0x02, 0x21, 0x02, 0x7F,
    0x00, 0x7F, 0x00, 0x7F, 0x00, 0x77, 0x00, 0x83, 0x21, 0x02, 0x21, 0x02, 0x20, 0x00, 0x87, 0x31,
    0x44, 0x31, 0x44, 0x63, 0x4D, 0x63, 0x4D, 0x28, 0x00, 0xAB, 0x31, 0x44, 0x31, 0x44, 0x52, 0x8A,
    0x52, 0x8A, 0x52, 0x47, 0x52, 0x47, 0x52, 0x47, 0x52, 0x47, 0x63, 0x0B, 0x63, 0x0B, 0x63, 0x0B,
    0x63, 0x0B, 0x52, 0x47, 0x52, 0x47, 0x52, 0x47, 0x52, 0x47, 0x52, 0x47, 0x52, 0x47, 0x52, 0x8A,
    0x52, 0x8A, 0x63, 0x4D, 0x63, 0x4D, 0x7F, 0x00, 0x7F, 0x00, 0x7F, 0x00, 0x7F, 0x00, 0x04, 0x00,
    0x83, 0x21, 0x02, 0x21, 0x02, 0x20, 0x00, 0x87, 0x31, 0x44, 0x31, 0x44, 0x63, 0x4D, 0x63, 0x4D,
    0x28, 0x00, 0xAB, 0x31, 0x44, 0x31, 0x44, 0x52, 0x8A, 0x52, 0x8A, 0x52, 0x47, 0x52, 0x47, 0x52,
    0x47, 0x52, 0x47, 0x63, 0x0B, 0x63, 0x0B, 0x63, 0x0B, 0x63, 0x0B, 0x52, 0x47, 0x52, 0x47, 0x52,
    0x47, 0x52, 0x47, 0x52, 0x47, 0x52, 0x47, 0x52, 0x8A, 0x52, 0x8A, 0x63, 0x4D, 0x63, 0x4D, 0x7F,
    0x00, 0x7F, 0x00, 0x7F, 0x00, 0x7F, 0x00, 0x04, 0x00, 0x8B, 0x39, 0xC6, 0x39, 0xC6, 0x52, 0x8A,
    0x52, 0x8A, 0x63, 0x4D, 0x63, 0x4D, 0x18, 0x00, 0x8B, 0x31, 0x44, 0x31, 0x44, 0x63, 0x4D, 0x63,
    0x4D, 0x63, 0x4D, 0x63, 0x4D, 0x24, 0x00, 0xAB, 0x31, 0x44, 0x31, 0x44, 0x21, 0x02, 0x21, 0x02,
    0x52, 0x47, 0x52, 0x47, 0x52, 0x47, 0x52, 0x47, 0x52, 0x47, 0x52, 0x47, 0x52, 0x47, 0x52, 0x47,
    0x63, 0x0B, 0x63, 0x0B, 0x52, 0x47, 0x52, 0x47, 0x52, 0x47, 0x52, 0x47, 0x63, 0x4D, 0x63, 0x4D,
    0x52, 0x8A, 0x52, 0x8A, 0x7F, 0x00, 0x7F, 0x00, 0x7F, 0x00, 0x7F, 0x00, 0x04, 0x00, 0x8B, 0x39,
    0xC6, 0x39, 0xC6, 0x52, 0x8A, 0x52, 0x8A, 0x63, 0x4D, 0x63, 0x4D, 0x18, 0x00, 0x8B, 0x31, 0x44,
    0x31, 0x44, 0x63, 0x4D, 0x63, 0x4D, 0x63, 0x4D, 0x63, 0x4D, 0x24, 0x00, 0xAB, 0x31, 0x44, 0x31,
    0x44, 0x21, 0x02, 0x21, 0x02, 0x52, 0x47, 0x52, 0x47, 0x52, 0x47, 0x52, 0x47, 0x52, 0x47, 0x52,
    0x47, 0x52, 0x47, 0x52, 0x47, 0x63, 0x0B, 0x63, 0x0B, 0x52, 0x47, 0x52, 0x47, 0x52, 0x47, 0x52,
    0x47, 0x63, 0x4D, 0x63, 0x4D, 0x52, 0x8A, 0x52, 0x8A, 0x7F, 0x00, 0x7F, 0x00, 0x7F, 0x00, 0x7F,
    0x00, 0x08, 0x00, 0x8B, 0x39, 0xC6, 0x39, 0xC6, 0x63, 0x4D, 0x63, 0x4D, 0x63, 0x4D, 0x63, 0x4D,
    0x14, 0x00, 0x8B, 0x31, 0x44, 0x31, 0x44, 0x52, 0x8A, 0x52, 0x8A, 0x63, 0x4D, 0x63, 0x4D, 0x24,
    0x00, 0xA3, 0x31, 0x44, 0x31, 0x44, 0x21, 0x02, 0x21, 0x02, 0x21, 0x02, 0x21, 0x02, 0x52, 0x47,
    0x52, 0x47, 0x52, 0x47, 0x52, 0x47, 0x31, 0x44, 0x31, 0x44, 0x52, 0x47, 0x52, 0x47, 0x52, 0x47,
    0x52, 0x47, 0x31, 0x44, 0x31, 0x44, 0x7F, 0x00, 0x7F, 0x00, 0x7F, 0x00, 0x7F, 0x00, 0x10, 0x00,
    0x8B, 0x39, 0xC6, 0x39, 0xC6, 0x63, 0x4D, 0x63, 0x4D, 0x63, 0x4D, 0x63, 0x4D, 0x14, 0x00, 0x8B,
    0x31, 0x44, 0x31, 0x44, 0x52, 0x8A, 0x52, 0x8A, 0x63, 0x4D, 0x63, 0x4D, 0x24, 0x00, 0xA3, 0x31,
    0x44, 0x31, 0x44, 0x21, 0x02, 0x21, 0x02, 0x21, 0x02, 0x21, 0x02, 0x52, 0x47, 0x52, 0x47, 0x52,
    0x47, 0x52, 0x47, 0x31, 0x44, 0x31, 0x44, 0x52, 0x47, 0x52, 0x47, 0x52, 0x47, 0x52, 0x47, 0x31,
    0x44, 0x31, 0x44, 0x7F, 0x00, 0x7F, 0x00, 0x7F, 0x00, 0x7F, 0x00, 0x14, 0x00, 0x87, 0x52, 0x8A,
    0x52, 0x8A, 0x63, 0x4D, 0x63, 0x4D, 0x18, 0x00, 0x8B, 0x21, 0x02, 0x21, 0x02, 0x52, 0x8A, 0x52,
    0x8A, 0x63, 0x4D, 0x63, 0x4D, 0x20, 0x00, 0xA3, 0x21, 0x02, 0x21, 0x02, 0x31, 0x44, 0x31, 0x44,
    0x31, 0x44, 0x31, 0x44, 0x52, 0x47, 0x52, 0x47, 0x31, 0x44, 0x31, 0x44, 0x52, 0x47, 0x52, 0x47,
    0x52, 0x47, 0x52, 0x47, 0x21, 0x02, 0x21, 0x02, 0x21, 0x02, 0x21, 0x02, 0x7F, 0x00, 0x7F, 0x00,
    0x7F, 0x00, 0x7F, 0x00, 0x14, 0x00, 0x87, 0x52, 0x8A, 0x52, 0x8A, 0x63, 0x4D, 0x63, 0x4D, 0x18,
    0x00, 0x8B, 0x21, 0x02, 0x21, 0x02, 0x52, 0x8A, 0x52, 0x8A, 0x63, 0x4D, 0x63, 0x4D, 0x20, 0x00,
    0xA3, 0x21, 0x02, 0x21, 0x02, 0x31, 0x44, 0x31, 0x44, 0x31, 0x44, 0x31, 0x44, 0x52, 0x47, 0x52,
    0x47, 0x31, 0x44, 0x31, 0x44, 0x52, 0x47, 0x52, 0x47, 0x52, 0x47, 0x52, 0x47, 0x21, 0x02, 0x21,
    0x02, 0x21, 0x02, 0x21, 0x02, 0x7F, 0x00, 0x7F, 0x00, 0x7F, 0x00, 0x7F, 0x00, 0x14, 0x00, 0x8B,
    0x39, 0xC6, 0x39, 0xC6, 0x63, 0x4D, 0x63, 0x4D, 0x52, 0x8A, 0x52, 0x8A, 0x14, 0x00, 0x8F, 0x31,
    0x44, 0x31, 0x44, 0x31, 0x44, 0x31, 0x44, 0x52, 0x8A, 0x52, 0x8A, 0x63, 0x4D, 0x63, 0x4D, 0x18,
    0x00, 0xA3, 0x21, 0x02, 0x21, 0x02, 0x21, 0x02, 0x21, 0x02, 0x21, 0x02, 0x21, 0x02, 0x31, 0x44,
    0x31, 0x44, 0x52, 0x47, 0x52, 0x47, 0x31, 0x44, 0x31, 0x44, 0x31, 0x44, 0x31, 0x44, 0x21, 0x02,
    0x21, 0x02, 0x31, 0x44, 0x31, 0x44, 0x7F, 0x00, 0x7F, 0x00, 0x7F, 0x00, 0x7F, 0x00, 0x18, 0x00,
    0x8B, 0x39, 0xC6, 0x39, 0xC6, 0x63, 0x4D, 0x63, 0x4D, 0x52, 0x8A, 0x52, 0x8A, 0x14, 0x00, 0x8F,
    0x31, 0x44, 0x31, 0x44, 0x31, 0x44, 0x31, 0x44, 0x52, 0x8A, 0x52, 0x8A, 0x63, 0x4D, 0x63, 0x4D,
    0x18, 0x00, 0xA3, 0x21, 0x02, 0x21, 0x02, 0x21, 0x02, 0x21, 0x02, 0x21, 0x02, 0x21, 0x02, 0x31,
    0x44, 0x31, 0x44, 0x52, 0x47, 0x52, 0x47, 0x31, 0x44, 0x31, 0x44, 0x31, 0x44, 0x31, 0x44, 0x21,
    0x02, 0x21, 0x02, 0x31, 0x44, 0x31, 0x44, 0x7F, 0x00, 0x7F, 0x00, 0x7F, 0x00, 0x7F, 0x00, 0x10,
    0x00, 0x83, 0x31, 0x44, 0x31, 0x44, 0x04, 0x00, 0x93, 0x21, 0x02, 0x21, 0x02, 0x39, 0xC6, 0x39,
    0xC6, 0x9C, 0xDE, 0x9C, 0xDE, 0x63, 0x4D, 0x63, 0x4D, 0x63, 0x4D, 0x63, 0x4D, 0x10, 0x00, 0x8B,
    0x39, 0xC6, 0x39, 0xC6, 0x52, 0x8A, 0x52, 0x8A, 0x63, 0x4D, 0x63, 0x4D, 0x18, 0x00, 0xA3, 0x31,
    0x44, 0x31, 0x44, 0x31, 0x44, 0x31, 0x44, 0x31, 0x44, 0x31, 0x44, 0x52, 0x47, 0x52, 0x47, 0x31,
    0x44, 0x31, 0x44, 0x31, 0x44, 0x31, 0x44, 0x31, 0x44, 0x31, 0x44, 0x31, 0x44, 0x31, 0x44, 0x31,
    0x44, 0x31, 0x44, 0x7F, 0x00, 0x7F, 0x00, 0x7F, 0x00, 0x7F, 0x00, 0x10, 0x00, 0x83, 0x31, 0x44,
    0x31, 0x44, 0x04, 0x00, 0x93, 0x21, 0x02, 0x21, 0x02, 0x39, 0xC6, 0x39, 0xC6, 0x9C, 0xDE, 0x9C,
    0xDE, 0x63, 0x4D, 0x63, 0x4D, 0x63, 0x4D, 0x63, 0x4D, 0x10, 0x00, 0x8B, 0x39, 0xC6, 0x39, 0xC6,
    0x52, 0x8A, 0x52, 0x8A, 0x63, 0x4D, 0x63, 0x4D, 0x18, 0x00, 0xA3, 0x31, 0x44, 0x31, 0x44, 0x31,
    0x44, 0x31, 0x44, 0x31, 0x44, 0x31, 0x44, 0x52, 0x47, 0x52, 0x47, 0x31, 0x44, 0x31, 0x44, 0x31,
    0x44, 0x31, 0x44, 0x31, 0x44, 0x31, 0x44, 0x31, 0x44, 0x31, 0x44, 0x31, 0x44, 0x31, 0x44, 0x7F,
    0x00, 0x7F, 0x00, 0x7F, 0x00, 0x7F, 0x00, 0x14, 0x00, 0x9B, 0x21, 0x02, 0x21, 0x02, 0x31, 0x44,
    0x31, 0x44, 0x21, 0x02, 0x21, 0x02, 0x31, 0x44, 0x31, 0x44, 0x52, 0x8A, 0x52, 0x8A, 0x63, 0x4D,
    0x63, 0x4D, 0x63, 0x4D, 0x63, 0x4D, 0x0C, 0x00, 0x8B, 0x39, 0xC6, 0x39, 0xC6, 0x52, 0x8A, 0x52,
    0x8A, 0x63, 0x4D, 0x63, 0x4D, 0x14, 0x00, 0xA7, 0x31, 0x44, 0x31, 0x44, 0x31, 0x44, 0x31, 0x44,
    0x31, 0x44, 0x31, 0x44, 0x52, 0x47, 0x52, 0x47, 0x31, 0x44, 0x31, 0x44, 0x21, 0x02, 0x21, 0x02,
    0x31, 0x44, 0x31, 0x44, 0x31, 0x44, 0x31, 0x44, 0x31, 0x44, 0x31, 0x44, 0x31, 0x44, 0x31, 0x44,
    0x7F, 0x00, 0x7F, 0x00, 0x7F, 0x00, 0x7F, 0x00, 0x14, 0x00, 0x9B, 0x21, 0x02, 0x21, 0x02, 0x31,
    0x44, 0x31, 0x44, 0x21, 0x02, 0x21, 0x02, 0x31, 0x44, 0x31, 0x44, 0x52, 0x8A, 0x52, 0x8A, 0x63,
    0x4D, 0x63, 0x4D, 0x63, 0x4D, 0x63, 0x4D, 0x0C, 0x00, 0x8B, 0x39, 0xC6, 0x39, 0xC6, 0x52, 0x8A,
    0x52, 0x8A, 0x63, 0x4D, 0x63, 0x4D, 0x14, 0x00, 0xA7, 0x31, 0x44, 0x31, 0x44, 0x31, 0x44, 0x31,
    0x44, 0x31, 0x44, 0x31, 0x44, 0x52, 0x47, 0x52, 0x47, 0x31, 0x44, 0x31, 0x44, 0x21, 0x02, 0x21,
    0x02, 0x31, 0x44, 0x31, 0x44, 0x31, 0x44, 0x31, 0x44, 0x31, 0x44, 0x31, 0x44, 0x31, 0x44, 0x31,
    0x44, 0x7F, 0x00, 0x7F, 0x00, 0x7F, 0x00, 0x7F, 0x00, 0x24, 0x00, 0x8F, 0x31, 0x44, 0x31, 0x44,
    0x21, 0x02, 0x21, 0x02, 0x52, 0x8A, 0x52, 0x8A, 0x63, 0x4D, 0x63, 0x4D, 0x08, 0x00, 0x8B, 0x31,
    0x44, 0x31, 0x44, 0x39, 0xC6, 0x39, 0xC6, 0x63, 0x4D, 0x63, 0x4D, 0x10, 0x00, 0xA7, 0x31, 0x44,
    0x31, 0x44, 0x31, 0x44, 0x31, 0x44, 0x21, 0x02, 0x21, 0x02, 0x52, 0x47, 0x52, 0x47, 0x31, 0x44,
    0x31, 0x44, 0x52, 0x47, 0x52, 0x47, 0x21, 0x02, 0x21, 0x02, 0x21, 0x02, 0x21, 0x02, 0x21, 0x02,
    0x21, 0x02, 0x21, 0x02, 0x21, 0x02, 0x04, 0x00, 0x83, 0x31, 0x44, 0x31, 0x44, 0x7F, 0x00, 0x7F,
    0x00, 0x7F, 0x00, 0x7F, 0x00, 0x20, 0x00, 0x8F, 0x31, 0x44, 0x31, 0x44, 0x21, 0x02, 0x21, 0x02,
    0x52, 0x8A, 0x52, 0x8A, 0x63, 0x4D, 0x63, 0x4D, 0x08, 0x00, 0x8B, 0x31, 0x44, 0x31, 0x44, 0x39,
    0xC6, 0x39, 0xC6, 0x63, 0x4D, 0x63, 0x4D, 0x10, 0x00, 0xA7, 0x31, 0x44, 0x31, 0x44, 0x31, 0x44,
    0x31, 0x44, 0x21, 0x02, 0x21, 0x02, 0x52, 0x47, 0x52, 0x47, 0x31, 0x44, 0x31, 0x44, 0x52, 0x47,
    0x52, 0x47, 0x21, 0x02, 0x21, 0x02, 0x21, 0x02, 0x21, 0x02, 0x21, 0x02, 0x21, 0x02, 0x21, 0x02,
    0x21, 0x02, 0x04, 0x00, 0x83, 0x31, 0x44, 0x31, 0x44, 0x7F, 0x00, 0x7F, 0x00, 0x7F, 0x00, 0x7F,
    0x00, 0x28, 0x00, 0x8B, 0x31, 0x44, 0x31, 0x44, 0x63, 0x4D, 0x63, 0x4D, 0x52, 0x8A, 0x52, 0x8A,
    0x04, 0x00, 0x8F, 0x31, 0x44, 0x31, 0x44, 0x39, 0xC6, 0x39, 0xC6, 0x52, 0x8A, 0x52, 0x8A, 0x63,
    0x4D, 0x63, 0x4D, 0x0C, 0x00, 0xA7, 0x21, 0x02, 0x21, 0x02, 0x31, 0x44, 0x31, 0x44, 0x31, 0x44,
    0x31, 0x44, 0x21, 0x02, 0x21, 0x02, 0x31, 0x44, 0x31, 0x44, 0x31, 0x44, 0x31, 0x44, 0x31, 0x44,
    0x31, 0x44, 0x31, 0x44, 0x31, 0x44, 0x21, 0x02, 0x21, 0x02, 0x21, 0x02, 0x21, 0x02, 0x08, 0x00,
    0x83, 0x52, 0x8A, 0x52, 0x8A, 0x7F, 0x00, 0x7F, 0x00, 0x7F, 0x00, 0x7F, 0x00, 0x24, 0x00, 0x8B,
    0x31, 0x44, 0x31, 0x44, 0x63, 0x4D, 0x63, 0x4D, 0x52, 0x8A, 0x52, 0x8A, 0x04, 0x00, 0x8F, 0x31,
    0x44, 0x31, 0x44, 0x39, 0xC6, 0x39, 0xC6, 0x52, 0x8A, 0x52, 0x8A, 0x63, 0x4D, 0x63, 0x4D, 0x0C,
    0x00, 0xA7, 0x21, 0x02, 0x21, 0x02, 0x31, 0x44, 0x31, 0x44, 0x31, 0x44, 0x31, 0x44, 0x21, 0x02,
    0x21, 0x02, 0x31, 0x44, 0x31, 0x44, 0x31, 0x44, 0x31, 0x44, 0x31, 0x44, 0x31, 0x44, 0x31, 0x44,
    0x31, 0x44, 0x21, 0x02, 0x21, 0x02, 0x21, 0x02, 0x21, 0x02, 0x08, 0x00, 0x83, 0x52, 0x8A, 0x52,
    0x8A, 0x7F, 0x00, 0x7F, 0x00, 0x7F, 0x00, 0x7F, 0x00, 0x24, 0x00, 0x9F, 0x21, 0x02, 0x21, 0x02,
    0x31, 0x44, 0x31, 0x44, 0x63, 0x4D, 0x63, 0x4D, 0x52, 0x8A, 0x52, 0x8A, 0x21, 0x02, 0x21, 0x02,
    0x39, 0xC6, 0x39, 0xC6, 0x52, 0x8A, 0x52, 0x8A, 0x63, 0x4D, 0x63, 0x4D, 0x0C, 0x00, 0xA7, 0x21,
    0x02, 0x21, 0x02, 0x31, 0x44, 0x31, 0x44, 0x31, 0x44, 0x31, 0x44, 0x21, 0x02, 0x21, 0x02, 0x21,
    0x02, 0x21, 0x02, 0x31, 0x44, 0x31, 0x44, 0x21, 0x02, 0x21, 0x02, 0x21, 0x02, 0x21, 0x02, 0x21,
    0x02, 0x21, 0x02, 0x21, 0x02, 0x21, 0x02, 0x7F, 0x00, 0x7F, 0x00, 0x7F, 0x00, 0x7F, 0x00, 0x30,
    0x00, 0x9F, 0x21, 0x02, 0x21, 0x02, 0x31, 0x44, 0x31, 0x44, 0x63, 0x4D, 0x63, 0x4D, 0x52, 0x8A,
    0x52, 0x8A, 0x21, 0x02, 0x21, 0x02, 0x39, 0xC6, 0x39, 0xC6, 0x52, 0x8A, 0x52, 0x8A, 0x63, 0x4D,
    0x63, 0x4D, 0x0C, 0x00, 0xA7, 0x21, 0x02, 0x21, 0x02, 0x31, 0x44, 0x31, 0x44, 0x31, 0x44, 0x31,
    0x44, 0x21, 0x02, 0x21, 0x02, 0x21, 0x02, 0x21, 0x02, 0x31, 0x44, 0x31, 0x44, 0x21, 0x02, 0x21,
    0x02, 0x21, 0x02, 0x21, 0x02, 0x21, 0x02, 0x21, 0x02, 0x21, 0x02, 0x21, 0x02, 0x7F, 0x00, 0x7F,
    0x00, 0x7F, 0x00, 0x7F, 0x00, 0x30, 0x00, 0x9F, 0x52, 0x8A, 0x52, 0x8A, 0x31, 0x44, 0x31, 0x44,
    0x52, 0x8A, 0x52, 0x8A, 0x52, 0x8A, 0x52, 0x8A, 0x21, 0x02, 0x21, 0x02, 0x21, 0x02, 0x21, 0x02,
    0x52, 0x8A, 0x52, 0x8A, 0x52, 0x8A, 0x52, 0x8A, 0x08, 0x00, 0xAB, 0x21, 0x02, 0x21, 0x02, 0x21,
    0x02, 0x21, 0x02, 0x21, 0x02, 0x21, 0x02, 0x21, 0x02, 0x21, 0x02, 0x52, 0x47, 0x52, 0x47, 0x21,
    0x02, 0x21, 0x02, 0x21, 0x02, 0x21, 0x02, 0x21, 0x02, 0x21, 0x02, 0x21, 0x02, 0x21, 0x02, 0x21,
    0x02, 0x21, 0x02, 0x21, 0x02, 0x21, 0x02, 0x0C, 0x00, 0x83, 0x52, 0x8A, 0x52, 0x8A, 0x7F, 0x00,
    0x7F, 0x00, 0x7F, 0x00, 0x7F, 0x00, 0x20, 0x00, 0x9F, 0x52, 0x8A, 0x52, 0x8A, 0x31, 0x44, 0x31,
    0x44, 0x52, 0x8A, 0x52, 0x8A, 0x52, 0x8A, 0x52, 0x8A, 0x21, 0x02, 0x21, 0x02, 0x21, 0x02, 0x21,
    0x02, 0x52, 0x8A, 0x52, 0x8A, 0x52, 0x8A, 0x52, 0x8A, 0x08, 0x00, 0xAB, 0x21, 0x02, 0x21, 0x02,
    0x21, 0x02, 0x21, 0x02, 0x21, 0x02, 0x21, 0x02, 0x21, 0x02, 0x21, 0x02, 0x52, 0x47, 0x52, 0x47,
    0x21, 0x02, 0x21, 0x02, 0x21, 0x02, 0x21, 0x02, 0x21, 0x02, 0x21, 0x02, 0x21, 0x02, 0x21, 0x02,
    0x21, 0x02, 0x21, 0x02, 0x21, 0x02, 0x21, 0x02, 0x0C, 0x00, 0x83, 0x52, 0x8A, 0x52, 0x8A, 0x7F,
    0x00, 0x7F, 0x00, 0x7F, 0x00, 0x7F, 0x00, 0x24, 0x00, 0x9B, 0x52, 0x8A, 0x52, 0x8A, 0x31, 0x44,
    0x31, 0x44, 0x52, 0x8A, 0x52, 0x8A, 0x52, 0x8A, 0x52, 0x8A, 0x39, 0xC6, 0x39, 0xC6, 0x52, 0x8A,
    0x52, 0x8A, 0x52, 0x8A, 0x52, 0x8A, 0x08, 0x00, 0xA7, 0x21, 0x02, 0x21, 0x02, 0x21, 0x02, 0x21,
    0x02, 0x21, 0x02, 0x21, 0x02, 0x31, 0x44, 0x31, 0x44, 0x21, 0x02, 0x21, 0x02, 0x21, 0x02, 0x21,
    0x02, 0x21, 0x02, 0x21, 0x02, 0x21, 0x02, 0x21, 0x02, 0x31, 0x44, 0x31, 0x44, 0x21, 0x02, 0x21,
    0x02, 0x7F, 0x00, 0x7F, 0x00, 0x7F, 0x00, 0x7F, 0x00, 0x38, 0x00, 0x9B, 0x52, 0x8A, 0x52, 0x8A,
    0x31, 0x44, 0x31, 0x44, 0x52, 0x8A, 0x52, 0x8A, 0x52, 0x8A, 0x52, 0x8A, 0x39, 0xC6, 0x39, 0xC6,
    0x52, 0x8A, 0x52, 0x8A, 0x52, 0x8A, 0x52, 0x8A, 0x08, 0x00, 0xA7, 0x21, 0x02, 0x21, 0x02, 0x21,
    0x02, 0x21, 0x02, 0x21, 0x02, 0x21, 0x02, 0x31, 0x44, 0x31, 0x44, 0x21, 0x02, 0x21, 0x02, 0x21,
    0x02, 0x21, 0x02, 0x21, 0x02, 0x21, 0x02, 0x21, 0x02, 0x21, 0x02, 0x31, 0x44, 0x31, 0x44, 0x21,
    0x02, 0x21, 0x02, 0x7F, 0x00, 0x7F, 0x00, 0x7F, 0x00, 0x7F, 0x00, 0x3C, 0x00, 0x97, 0x52, 0x8A,
    0x52, 0x8A, 0x52, 0x8A, 0x52, 0x8A, 0x31, 0x44, 0x31, 0x44, 0x39, 0xC6, 0x39, 0xC6, 0x52, 0x8A,
    0x52, 0x8A, 0x52, 0x8A, 0x52, 0x8A, 0x08, 0x00, 0xA3, 0x21, 0x02, 0x21, 0x02, 0x21, 0x02, 0x21,
    0x02, 0x21, 0x02, 0x21, 0x02, 0x41, 0x07, 0x41, 0x07, 0x41, 0x07, 0x41, 0x07, 0x41, 0x07, 0x41,
    0x07, 0x21, 0x02, 0x21, 0x02, 0x21, 0x02, 0x21, 0x02, 0x39, 0xC6, 0x39, 0xC6, 0x7F, 0x00, 0x7F,
    0x00, 0x7F, 0x00, 0x7F, 0x00, 0x40, 0x00, 0x97, 0x52, 0x8A, 0x52, 0x8A, 0x52, 0x8A, 0x52, 0x8A,
    0x31, 0x44, 0x31, 0x44, 0x39, 0xC6, 0x39, 0xC6, 0x52, 0x8A, 0x52, 0x8A, 0x52, 0x8A, 0x52, 0x8A,
    0x08, 0x00, 0xA3, 0x21, 0x02, 0x21, 0x02, 0x21, 0x02, 0x21, 0x02, 0x21, 0x02, 0x21, 0x02, 0x41,
    0x07, 0x41, 0x07, 0x41, 0x07, 0x41, 0x07, 0x41, 0x07, 0x41, 0x07, 0x21, 0x02, 0x21, 0x02, 0x21,
    0x02, 0x21, 0x02, 0x39, 0xC6, 0x39, 0xC6, 0x7F, 0x00, 0x7F, 0x00, 0x7F, 0x00, 0x7F, 0x00, 0x40,
    0x00, 0x97, 0x52, 0x8A, 0x52, 0x8A, 0x31, 0x44, 0x31, 0x44, 0x31, 0x44, 0x31, 0x44, 0x31, 0x44,
    0x31, 0x44, 0x31, 0x44, 0x31, 0x44, 0x21, 0x02, 0x21, 0x02, 0x08, 0x00, 0xA3, 0x21, 0x02, 0x21,
    0x02, 0x31, 0x44, 0x31, 0x44, 0x52, 0x47, 0x52, 0x47, 0x63, 0x0B, 0x63, 0x0B, 0x41, 0x07, 0x41,
    0x07, 0xFC, 0x40, 0xFC, 0x40, 0x41, 0x07, 0x41, 0x07, 0x52, 0x47, 0x52, 0x47, 0x31, 0x44, 0x31,
    0x44, 0x7F, 0x00, 0x7F, 0x00, 0x7F, 0x00, 0x7F, 0x00, 0x40, 0x00, 0x97, 0x52, 0x8A, 0x52, 0x8A,
    0x31, 0x44, 0x31, 0x44, 0x31, 0x44, 0x31, 0x44, 0x31, 0x44, 0x31, 0x44, 0x31, 0x44, 0x31, 0x44,
    0x21, 0x02, 0x21, 0x02, 0x08, 0x00, 0xA3, 0x21, 0x02, 0x21, 0x02, 0x31, 0x44, 0x31, 0x44, 0x52,
    0x47, 0x52, 0x47, 0x63, 0x0B, 0x63, 0x0B, 0x41, 0x07, 0x41, 0x07, 0xFC, 0x40, 0xFC, 0x40, 0x41,
    0x07, 0x41, 0x07, 0x52, 0x47, 0x52, 0x47, 0x31, 0x44, 0x31, 0x44, 0x7F, 0x00, 0x7F, 0x00, 0x7F,
    0x00, 0x7F, 0x00, 0x4C, 0x00, 0x8B, 0x31, 0x44, 0x31, 0x44, 0x31, 0x44, 0x31, 0x44, 0x21, 0x02,
    0x21, 0x02, 0x08, 0x00, 0xA3, 0x31, 0x44, 0x31, 0x44, 0x52, 0x47, 0x52, 0x47, 0x52, 0x47, 0x52,
    0x47, 0x41, 0x07, 0x41, 0x07, 0xB8, 0x07, 0xB8, 0x07, 0x58, 0x00, 0x58, 0x00, 0xFC, 0x40, 0xFC,
    0x40, 0xB8, 0x07, 0xB8, 0x07, 0x41, 0x07, 0x41, 0x07, 0x7F, 0x00, 0x7F, 0x00, 0x7F, 0x00, 0x7F,
    0x00, 0x4C, 0x00, 0x8B, 0x31, 0x44, 0x31, 0x44, 0x31, 0x44, 0x31, 0x44, 0x21, 0x02, 0x21, 0x02,
    0x08, 0x00, 0xA3, 0x31, 0x44, 0x31, 0x44, 0x52, 0x47, 0x52, 0x47, 0x52, 0x47, 0x52, 0x47, 0x41,
    0x07, 0x41, 0x07, 0xB8, 0x07, 0xB8, 0x07, 0x58, 0x00, 0x58, 0x00, 0xFC, 0x40, 0xFC, 0x40, 0xB8,
    0x07, 0xB8, 0x07, 0x41, 0x07, 0x41, 0x07, 0x7F, 0x00, 0x7F, 0x00, 0x7F, 0x00, 0x7F, 0x00, 0x50,
    0x00, 0x8B, 0x31, 0x44, 0x31, 0x44, 0x31, 0x44, 0x31, 0x44, 0x21, 0x02, 0x21, 0x02, 0x04, 0x00,
    0xB3, 0x31, 0x44, 0x31, 0x44, 0x31, 0x44, 0x31, 0x44, 0x52, 0x47, 0x52, 0x47, 0x41, 0x07, 0x41,
    0x07, 0x58, 0x00, 0x58, 0x00, 0x58, 0x00, 0x58, 0x00, 0xB8, 0x07, 0xB8, 0x07, 0xFC, 0x40, 0xFC,
    0x40, 0x58, 0x00, 0x58, 0x00, 0x58, 0x00, 0x58, 0x00, 0x58, 0x00, 0x58, 0x00, 0x41, 0x07, 0x41,
    0x07, 0x41, 0x07, 0x41, 0x07, 0x7F, 0x00, 0x7F, 0x00, 0x7F, 0x00, 0x7F, 0x00, 0x40, 0x00, 0x8B,
    0x31, 0x44, 0x31, 0x44, 0x31, 0x44, 0x31, 0x44, 0x21, 0x02, 0x21, 0x02, 0x04, 0x00, 0xB3, 0x31,
    0x44, 0x31, 0x44, 0x31, 0x44, 0x31, 0x44, 0x52, 0x47, 0x52, 0x47, 0x41, 0x07, 0x41, 0x07, 0x58,
    0x00, 0x58, 0x00, 0x58, 0x00, 0x58, 0x00, 0xB8, 0x07, 0xB8, 0x07, 0xFC, 0x40, 0xFC, 0x40, 0x58,
    0x00, 0x58, 0x00, 0x58, 0x00, 0x58, 0x00, 0x58, 0x00, 0x58, 0x00, 0x41, 0x07, 0x41, 0x07, 0x41,
    0x07, 0x41, 0x07, 0x7F, 0x00, 0x7F, 0x00, 0x7F, 0x00, 0x7F, 0x00, 0x44, 0x00, 0x87, 0x31, 0x44,
    0x31, 0x44, 0x21, 0x02, 0x21, 0x02, 0x04, 0x00, 0xAF, 0x31, 0x44, 0x31, 0x44, 0x52, 0x47, 0x52,
    0x47, 0x41, 0x07, 0x41, 0x07, 0xFF, 0xDF, 0xFF, 0xDF, 0xFC, 0x40, 0xFC, 0x40, 0x58, 0x00, 0x58,
    0x00, 0x58, 0x00, 0x58, 0x00, 0xFC, 0x40, 0xFC, 0x40, 0x58, 0x00, 0x58, 0x00, 0xFC, 0x40, 0xFC,
    0x40, 0xFF, 0xDF, 0xFF, 0xDF, 0x41, 0x07, 0x41, 0x07, 0x7F, 0x00, 0x7F, 0x00, 0x7F, 0x00, 0x7F,
    0x00, 0x48, 0x00, 0x87, 0x31, 0x44, 0x31, 0x44, 0x21, 0x02, 0x21, 0x02, 0x04, 0x00, 0xAF, 0x31,
    0x44, 0x31, 0x44, 0x52, 0x47, 0x52, 0x47, 0x41, 0x07, 0x41, 0x07, 0xFF, 0xDF, 0xFF, 0xDF, 0xFC,
    0x40, 0xFC, 0x40, 0x58, 0x00, 0x58, 0x00, 0x58, 0x00, 0x58, 0x00, 0xFC, 0x40, 0xFC, 0x40, 0x58,
    0x00, 0x58, 0x00, 0xFC, 0x40, 0xFC, 0x40, 0xFF, 0xDF, 0xFF, 0xDF, 0x41, 0x07, 0x41, 0x07, 0x7F,
    0x00, 0x7F, 0x00, 0x7F, 0x00, 0x7F, 0x00, 0x48, 0x00, 0xBF, 0x21, 0x02, 0x21, 0x02, 0x31, 0x44,
    0x31, 0x44, 0x31, 0x44, 0x31, 0x44, 0x31, 0x44, 0x31, 0x44, 0x41, 0x07, 0x41, 0x07, 0xFC, 0x40,
    0xFC, 0x40, 0xB8, 0x07, 0xB8, 0x07, 0xB8, 0x07, 0xB8, 0x07, 0xB8, 0x07, 0xB8, 0x07, 0x58, 0x00,
    0x58, 0x00, 0xB8, 0x07, 0xB8, 0x07, 0x58, 0x00, 0x58, 0x00, 0xB8, 0x07, 0xB8, 0x07, 0x58, 0x00,
    0x58, 0x00, 0xB8, 0x07, 0xB8, 0x07, 0x41, 0x07, 0x41, 0x07, 0x7F, 0x00, 0x7F, 0x00, 0x7F, 0x00,
    0x7F, 0x00, 0x44, 0x00, 0xBF, 0x21, 0x02, 0x21, 0x02, 0x31, 0x44, 0x31, 0x44, 0x31, 0x44, 0x31,
    0x44, 0x31, 0x44, 0x31, 0x44, 0x41, 0x07, 0x41, 0x07, 0xFC, 0x40, 0xFC, 0x40, 0xB8, 0x07, 0xB8,
    0x07, 0xB8, 0x07, 0xB8, 0x07, 0xB8, 0x07, 0xB8, 0x07, 0x58, 0x00, 0x58, 0x00, 0xB8, 0x07, 0xB8,
    0x07, 0x58, 0x00, 0x58, 0x00, 0xB8, 0x07, 0xB8, 0x07, 0x58, 0x00, 0x58, 0x00, 0xB8, 0x07, 0xB8,
    0x07, 0x41, 0x07, 0x41, 0x07, 0x7F, 0x00, 0x7F, 0x00, 0x7F, 0x00, 0x7F, 0x00, 0x44, 0x00, 0xC3,
    0x21, 0x02, 0x21, 0x02, 0x31, 0x44, 0x31, 0x44, 0x31, 0x44, 0x31, 0x44, 0x31, 0x44, 0x31, 0x44,
    0x31, 0x44, 0x31, 0x44, 0x58, 0x00, 0x58, 0x00, 0x58, 0x00, 0x58, 0x00, 0x58, 0x00, 0x58, 0x00,
    0x58, 0x00, 0x58, 0x00, 0x58, 0x00, 0x58, 0x00, 0x58, 0x00, 0x58, 0x00, 0xB8, 0x07, 0xB8, 0x07,
    0x58, 0x00, 0x58, 0x00, 0xB8, 0x07, 0xB8, 0x07, 0xFC, 0x40, 0xFC, 0x40, 0xB8, 0x07, 0xB8, 0x07,
    0x41, 0x07, 0x41, 0x07, 0x7F, 0x00, 0x7F, 0x00, 0x7F, 0x00, 0x7F, 0x00, 0x40, 0x00, 0xC3, 0x21,
    0x02, 0x21, 0x02, 0x31, 0x44, 0x31, 0x44, 0x31, 0x44, 0x31, 0x44, 0x31, 0x44, 0x31, 0x44, 0x31,
    0x44, 0x31, 0x44, 0x58, 0x00, 0x58, 0x00, 0x58, 0x00, 0x58, 0x00, 0x58, 0x00, 0x58, 0x00, 0x58,
    0x00, 0x58, 0x00, 0x58, 0x00, 0x58, 0x00, 0x58, 0x00, 0x58, 0x00, 0xB8, 0x07, 0xB8, 0x07, 0x58,
    0x00, 0x58, 0x00, 0xB8, 0x07, 0xB8, 0x07, 0xFC, 0x40, 0xFC, 0x40, 0xB8, 0x07, 0xB8, 0x07, 0x41,
    0x07, 0x41, 0x07, 0x7F, 0x00, 0x7F, 0x00, 0x7F, 0x00, 0x7F, 0x00, 0x40, 0x00, 0xC3, 0x21, 0x02,
    0x21, 0x02, 0x31, 0x44, 0x31, 0x44, 0x31, 0x44, 0x31, 0x44, 0x38, 0xC7, 0x38, 0xC7, 0x38, 0xC7,
    0x38, 0xC7, 0x38, 0xC7, 0x38, 0xC7, 0xFC, 0x40, 0xFC, 0x40, 0x58, 0x00, 0x58, 0x00, 0xFC, 0x40,
    0xFC, 0x40, 0xFC, 0x40, 0xFC, 0x40, 0xFC, 0x40, 0xFC, 0x40, 0x58, 0x00, 0x58, 0x00, 0xB8, 0x07,
    0xB8, 0x07, 0x58, 0x00, 0x58, 0x00, 0xFC, 0x40, 0xFC, 0x40, 0xFC, 0x40, 0xFC, 0x40, 0x41, 0x07,
    0x41, 0x07, 0x7F, 0x00, 0x7F, 0x00, 0x7F, 0x00, 0x7F, 0x00, 0x40, 0x00, 0xC3, 0x21, 0x02, 0x21,
    0x02, 0x31, 0x44, 0x31, 0x44, 0x31, 0x44, 0x31, 0x44, 0x38, 0xC7, 0x38, 0xC7, 0x38, 0xC7, 0x38,
    0xC7, 0x38, 0xC7, 0x38, 0xC7, 0xFC, 0x40, 0xFC, 0x40, 0x58, 0x00, 0x58, 0x00, 0xFC, 0x40, 0xFC,
    0x40, 0xFC, 0x40, 0xFC, 0x40, 0xFC, 0x40, 0xFC, 0x40, 0x58, 0x00, 0x58, 0x00, 0xB8, 0x07, 0xB8,
    0x07, 0x58, 0x00, 0x58, 0x00, 0xFC, 0x40, 0xFC, 0x40, 0xFC, 0x40, 0xFC, 0x40, 0x41, 0x07, 0x41,
    0x07, 0x7F, 0x00, 0x7F, 0x00, 0x7F, 0x00, 0x7F, 0x00, 0x40, 0x00, 0xC3, 0x38, 0xC7, 0x38, 0xC7,
    0x38, 0xC7, 0x38, 0xC7, 0x38, 0xC7, 0x38, 0xC7, 0xFB, 0x42, 0xFB, 0x42, 0xFD, 0x47, 0xFD, 0x47,
    0xFF, 0xC9, 0xFF, 0xC9, 0x38, 0xC7, 0x38, 0xC7, 0xFC, 0x40, 0xFC, 0x40, 0xFC, 0x40, 0xFC, 0x40,
    0xB8, 0x07, 0xB8, 0x07, 0xB8, 0x07, 0xB8, 0x07, 0x58, 0x00, 0x58, 0x00, 0xFC, 0x40, 0xFC, 0x40,
    0x58, 0x00, 0x58, 0x00, 0xB8, 0x07, 0xB8, 0x07, 0xFC, 0x40, 0xFC, 0x40, 0x41, 0x07, 0x41, 0x07,
    0x7F, 0x00, 0x7F, 0x00, 0x7F, 0x00, 0x7F, 0x00, 0x40, 0x00, 0xC3, 0x38, 0xC7, 0x38, 0xC7, 0x38,
    0xC7, 0x38, 0xC7, 0x38, 0xC7, 0x38, 0xC7, 0xFB, 0x42, 0xFB, 0x42, 0xFD, 0x47, 0xFD, 0x47, 0xFF,
    0xC9, 0xFF, 0xC9, 0x38, 0xC7, 0x38, 0xC7, 0xFC, 0x40, 0xFC, 0x40, 0xFC, 0x40, 0xFC, 0x40, 0xB8,
    0x07, 0xB8, 0x07, 0xB8, 0x07, 0xB8, 0x07, 0x58, 0x00, 0x58, 0x00, 0xFC, 0x40, 0xFC, 0x40, 0x58,
    0x00, 0x58, 0x00, 0xB8, 0x07, 0xB8, 0x07, 0xFC, 0x40, 0xFC, 0x40, 0x41, 0x07, 0x41, 0x07, 0x7F,
    0x00, 0x7F, 0x00, 0x7F, 0x00, 0x7F, 0x00, 0x38, 0x00, 0xC7, 0x38, 0xC7, 0x38, 0xC7, 0x38, 0xC7,
    0x38, 0xC7, 0x38, 0xC7, 0x38, 0xC7, 0xFB, 0x42, 0xFB, 0x42, 0xFB, 0x42, 0xFB, 0x42, 0xFD, 0x47,
    0xFD, 0x47, 0xFB, 0x42, 0xFB, 0x42, 0x38, 0xC7, 0x38, 0xC7, 0xFC, 0x40, 0xFC, 0x40, 0xFF, 0xDF,
    0xFF, 0xDF, 0xB8, 0x07, 0xB8, 0x07, 0xB8, 0x07, 0xB8, 0x07, 0x58, 0x00, 0x58, 0x00, 0xFC, 0x40,
    0xFC, 0x40, 0xFC, 0x40, 0xFC, 0x40, 0x58, 0x00, 0x58, 0x00, 0x58, 0x00, 0x58, 0x00, 0x41, 0x07,
    0x41, 0x07, 0x7F, 0x00, 0x7F, 0x00, 0x7F, 0x00, 0x7F, 0x00, 0x3C, 0x00, 0xC7, 0x38, 0xC7, 0x38,
    0xC7, 0x38, 0xC7, 0x38, 0xC7, 0x38, 0xC7, 0x38, 0xC7, 0xFB, 0x42, 0xFB, 0x42, 0xFB, 0x42, 0xFB,
    0x42, 0xFD, 0x47, 0xFD, 0x47, 0xFB, 0x42, 0xFB, 0x42, 0x38, 0xC7, 0x38, 0xC7, 0xFC, 0x40, 0xFC,
    0x40, 0xFF, 0xDF, 0xFF, 0xDF, 0xB8, 0x07, 0xB8, 0x07, 0xB8, 0x07, 0xB8, 0x07, 0x58, 0x00, 0x58,
    0x00, 0xFC, 0x40, 0xFC, 0x40, 0xFC, 0x40, 0xFC, 0x40, 0x58, 0x00, 0x58, 0x00, 0x58, 0x00, 0x58,
    0x00, 0x41, 0x07, 0x41, 0x07, 0x7F, 0x00, 0x7F, 0x00, 0x7F, 0x00, 0x7F, 0x00, 0x38, 0x00, 0xCF,
    0x38, 0xC7, 0x38, 0xC7, 0xFB, 0x42, 0xFB, 0x42, 0xFD, 0x47, 0xFD, 0x47, 0xFB, 0x42, 0xFB, 0x42,
    0x38, 0xC7, 0x38, 0xC7, 0xFD, 0x47, 0xFD, 0x47, 0xFF, 0xC9, 0xFF, 0xC9, 0xFD, 0x47, 0xFD, 0x47,
    0xFB, 0x42, 0xFB, 0x42, 0x38, 0xC7, 0x38, 0xC7, 0xB8, 0x07, 0xB8, 0x07, 0x58, 0x00, 0x58, 0x00,
    0xFF, 0xDF, 0xFF, 0xDF, 0xFF, 0xDF, 0xFF, 0xDF, 0x58, 0x00, 0x58, 0x00, 0xFC, 0x40, 0xFC, 0x40,
    0x58, 0x00, 0x58, 0x00, 0xFC, 0x40, 0xFC, 0x40, 0xB8, 0x07, 0xB8, 0x07, 0x41, 0x07, 0x41, 0x07,
    0x7F, 0x00, 0x7F, 0x00, 0x7F, 0x00, 0x7F, 0x00, 0x34, 0x00, 0xCF, 0x38, 0xC7, 0x38, 0xC7, 0xFB,
    0x42, 0xFB, 0x42, 0xFD, 0x47, 0xFD, 0x47, 0xFB, 0x42, 0xFB, 0x42, 0x38, 0xC7, 0x38, 0xC7, 0xFD,
    0x47, 0xFD, 0x47, 0xFF, 0xC9, 0xFF, 0xC9, 0xFD, 0x47, 0xFD, 0x47, 0xFB, 0x42, 0xFB, 0x42, 0x38,
    0xC7, 0x38, 0xC7, 0xB8, 0x07, 0xB8, 0x07, 0x58, 0x00, 0x58, 0x00, 0xFF, 0xDF, 0xFF, 0xDF, 0xFF,
    0xDF, 0xFF, 0xDF, 0x58, 0x00, 0x58, 0x00, 0xFC, 0x40, 0xFC, 0x40, 0x58, 0x00, 0x58, 0x00, 0xFC,
    0x40, 0xFC, 0x40, 0xB8, 0x07, 0xB8, 0x07, 0x41, 0x07, 0x41, 0x07, 0x7F, 0x00, 0x7F, 0x00, 0x7F,
    0x00, 0x7F, 0x00, 0x34, 0x00, 0xCB, 0x38, 0xC7, 0x38, 0xC7, 0xFD, 0x47, 0xFD, 0x47, 0xFF, 0xC9,
    0xFF, 0xC9, 0xFD, 0x47, 0xFD, 0x47, 0x38, 0xC7, 0x38, 0xC7, 0xFF, 0xC9, 0xFF, 0xC9, 0xFF, 0xC9,
    0xFF, 0xC9, 0xFF, 0xC9, 0xFF, 0xC9, 0xFD, 0x47, 0xFD, 0x47, 0x38, 0xC7, 0x38, 0xC7, 0x58, 0x00,
    0x58, 0x00, 0xFC, 0x0D, 0xFC, 0x0D, 0x58, 0x00, 0x58, 0x00, 0x58, 0x00, 0x58, 0x00, 0xFF, 0xDF,
    0xFF, 0xDF, 0x58, 0x00, 0x58, 0x00, 0xFC, 0x0D, 0xFC, 0x0D, 0x58, 0x00, 0x58, 0x00, 0x28, 0xC4,
    0x28, 0xC4, 0x7F, 0x00, 0x7F, 0x00, 0x7F, 0x00, 0x7F, 0x00, 0x38, 0x00, 0xCB, 0x38, 0xC7, 0x38,
    0xC7, 0xFD, 0x47, 0xFD, 0x47, 0xFF, 0xC9, 0xFF, 0xC9, 0xFD, 0x47, 0xFD, 0x47, 0x38, 0xC7, 0x38,
    0xC7, 0xFF, 0xC9, 0xFF, 0xC9, 0xFF, 0xC9, 0xFF, 0xC9, 0xFF, 0xC9, 0xFF, 0xC9, 0xFD, 0x47, 0xFD,
    0x47, 0x38, 0xC7, 0x38, 0xC7, 0x58, 0x00, 0x58, 0x00, 0xFC, 0x0D, 0xFC, 0x0D, 0x58, 0x00, 0x58,
    0x00, 0x58, 0x00, 0x58, 0x00, 0xFF, 0xDF, 0xFF, 0xDF, 0x58, 0x00, 0x58, 0x00, 0xFC, 0x0D, 0xFC,
    0x0D, 0x58, 0x00, 0x58, 0x00, 0x28, 0xC4, 0x28, 0xC4, 0x7F, 0x00, 0x7F, 0x00, 0x7F, 0x00, 0x7F,
    0x00, 0x34, 0x00, 0xCF, 0x38, 0xC7, 0x38, 0xC7, 0xFB, 0x42, 0xFB, 0x42, 0xFF, 0xC9, 0xFF, 0xC9,
    0xFF, 0xC9, 0xFF, 0xC9, 0xFF, 0xC9, 0xFF, 0xC9, 0x38, 0xC7, 0x38, 0xC7, 0xFF, 0xC9, 0xFF, 0xC9,
    0xFF, 0xC9, 0xFF, 0xC9, 0xFF, 0xC9, 0xFF, 0xC9, 0xFD, 0x47, 0xFD, 0x47, 0x38, 0xC7, 0x38, 0xC7,
    0xFC, 0x0D, 0xFC, 0x0D, 0xFC, 0x0D, 0xFC, 0x0D, 0x09, 0xC7, 0x09, 0xC7, 0xFF, 0xDF, 0xFF, 0xDF,
    0x58, 0x00, 0x58, 0x00, 0x58, 0x00, 0x58, 0x00, 0xFE, 0x53, 0xFE, 0x53, 0x58, 0x00, 0x58, 0x00,
    0x41, 0x07, 0x41, 0x07, 0x7F, 0x00, 0x7F, 0x00, 0x7F, 0x00, 0x7F, 0x00, 0x34, 0x00, 0xCF, 0x38,
    0xC7, 0x38, 0xC7, 0xFB, 0x42, 0xFB, 0x42, 0xFF, 0xC9, 0xFF, 0xC9, 0xFF, 0xC9, 0xFF, 0xC9, 0xFF,
    0xC9, 0xFF, 0xC9, 0x38, 0xC7, 0x38, 0xC7, 0xFF, 0xC9, 0xFF, 0xC9, 0xFF, 0xC9, 0xFF, 0xC9, 0xFF,
    0xC9, 0xFF, 0xC9, 0xFD, 0x47, 0xFD, 0x47, 0x38, 0xC7, 0x38, 0xC7, 0xFC, 0x0D, 0xFC, 0x0D, 0xFC,
    0x0D, 0xFC, 0x0D, 0x09, 0xC7, 0x09, 0xC7, 0xFF, 0xDF, 0xFF, 0xDF, 0x58, 0x00, 0x58, 0x00, 0x58,
    0x00, 0x58, 0x00, 0xFE, 0x53, 0xFE, 0x53, 0x58, 0x00, 0x58, 0x00, 0x41, 0x07, 0x41, 0x07, 0x7F,
    0x00, 0x7F, 0x00, 0x7F, 0x00, 0x7F, 0x00, 0x34, 0x00, 0xD3, 0x38, 0xC7, 0x38, 0xC7, 0xFB, 0x42,
    0xFB, 0x42, 0xFF, 0xC9, 0xFF, 0xC9, 0xFF, 0xC9, 0xFF, 0xC9, 0xFD, 0x47, 0xFD, 0x47, 0x38, 0xC7,
    0x38, 0xC7, 0xFD, 0x47, 0xFD, 0x47, 0xFF, 0xC9, 0xFF, 0xC9, 0xFD, 0x47, 0xFD, 0x47, 0xFB, 0x42,
    0xFB, 0x42, 0x38, 0xC7, 0x38, 0xC7, 0xFC, 0x0D, 0xFC, 0x0D, 0xFE, 0x53, 0xFE, 0x53, 0x09, 0xC7,
    0x09, 0xC7, 0xFF, 0xDF, 0xFF, 0xDF, 0xFC, 0x0D, 0xFC, 0x0D, 0x58, 0x00, 0x58, 0x00, 0x58, 0x00,
    0x58, 0x00, 0x41, 0x07, 0x41, 0x07, 0x63, 0x4D, 0x63, 0x4D, 0x52, 0x8A, 0x52, 0x8A, 0x7F, 0x00,
    0x7F, 0x00, 0x7F, 0x00, 0x7F, 0x00, 0x30, 0x00, 0xD3, 0x38, 0xC7, 0x38, 0xC7, 0xFB, 0x42, 0xFB,
    0x42, 0xFF, 0xC9, 0xFF, 0xC9, 0xFF, 0xC9, 0xFF, 0xC9, 0xFD, 0x47, 0xFD, 0x47, 0x38, 0xC7, 0x38,
    0xC7, 0xFD, 0x47, 0xFD, 0x47, 0xFF, 0xC9, 0xFF, 0xC9, 0xFD, 0x47, 0xFD, 0x47, 0xFB, 0x42, 0xFB,
    0x42, 0x38, 0xC7, 0x38, 0xC7, 0xFC, 0x0D, 0xFC, 0x0D, 0xFE, 0x53, 0xFE, 0x53, 0x09, 0xC7, 0x09,
    0xC7, 0xFF, 0xDF, 0xFF, 0xDF, 0xFC, 0x0D, 0xFC, 0x0D, 0x58, 0x00, 0x58, 0x00, 0x58, 0x00, 0x58,
    0x00, 0x41, 0x07, 0x41, 0x07, 0x63, 0x4D, 0x63, 0x4D, 0x52, 0x8A, 0x52, 0x8A, 0x7F, 0x00, 0x7F,
    0x00, 0x7F, 0x00, 0x7F, 0x00, 0x30, 0x00, 0xD3, 0x38, 0xC7, 0x38, 0xC7, 0xFB, 0x42, 0xFB, 0x42,
    0xFF, 0xC9, 0xFF, 0xC9, 0xFF, 0xC9, 0xFF, 0xC9, 0xFD, 0x47, 0xFD, 0x47, 0x38, 0xC7, 0x38, 0xC7,
    0xFD, 0x47, 0xFD, 0x47, 0xFF, 0xC9, 0xFF, 0xC9, 0xFB, 0x42, 0xFB, 0x42, 0x38, 0xC7, 0x38, 0xC7,
    0xFE, 0xDA, 0xFE, 0xDA, 0x38, 0xC7, 0x38, 0xC7, 0xFE, 0x53, 0xFE, 0x53, 0xFE, 0x53, 0xFE, 0x53,
    0xFC, 0x0D, 0xFC, 0x0D, 0x38, 0xC7, 0x38, 0xC7, 0x38, 0xC7, 0x38, 0xC7, 0xFC, 0x40, 0xFC, 0x40,
    0xFC, 0x40, 0xFC, 0x40, 0x28, 0xC4, 0x28, 0xC4, 0x52, 0x8A, 0x52, 0x8A, 0x7F, 0x00, 0x7F, 0x00,
    0x7F, 0x00, 0x7F, 0x00, 0x30, 0x00, 0xD3, 0x38, 0xC7, 0x38, 0xC7, 0xFB, 0x42, 0xFB, 0x42, 0xFF,
    0xC9, 0xFF, 0xC9, 0xFF, 0xC9, 0xFF, 0xC9, 0xFD, 0x47, 0xFD, 0x47, 0x38, 0xC7, 0x38, 0xC7, 0xFD,
    0x47, 0xFD, 0x47, 0xFF, 0xC9, 0xFF, 0xC9, 0xFB, 0x42, 0xFB, 0x42, 0x38, 0xC7, 0x38, 0xC7, 0xFE,
    0xDA, 0xFE, 0xDA, 0x38, 0xC7, 0x38, 0xC7, 0xFE, 0x53, 0xFE, 0x53, 0xFE, 0x53, 0xFE, 0x53, 0xFC,
    0x0D, 0xFC, 0x0D, 0x38, 0xC7, 0x38, 0xC7, 0x38, 0xC7, 0x38, 0xC7, 0xFC, 0x40, 0xFC, 0x40, 0xFC,
    0x40, 0xFC, 0x40, 0x28, 0xC4, 0x28, 0xC4, 0x52, 0x8A, 0x52, 0x8A, 0x7F, 0x00, 0x7F, 0x00, 0x7F,
    0x00, 0x7F, 0x00, 0x30, 0x00, 0xD3, 0x38, 0xC7, 0x38, 0xC7, 0xFB, 0x42, 0xFB, 0x42, 0xFD, 0x47,
    0xFD, 0x47, 0xFD, 0x47, 0xFD, 0x47, 0xFB, 0x42, 0xFB, 0x42, 0x38, 0xC7, 0x38, 0xC7, 0xFD, 0x47,
    0xFD, 0x47, 0xFD, 0x47, 0xFD, 0x47, 0xFB, 0x42, 0xFB, 0x42, 0x38, 0xC7, 0x38, 0xC7, 0xFD, 0x54,
    0xFD, 0x54, 0x38, 0xC7, 0x38, 0xC7, 0xFC, 0x0D, 0xFC, 0x0D, 0xFC, 0x0D, 0xFC, 0x0D, 0x38, 0xC7,
    0x38, 0xC7, 0xFD, 0x54, 0xFD, 0x54, 0xFD, 0x54, 0xFD, 0x54, 0x38, 0xC7, 0x38, 0xC7, 0xFC, 0x40,
    0xFC, 0x40, 0xFC, 0x40, 0xFC, 0x40, 0x28, 0xC4, 0x28, 0xC4, 0x7F, 0x00, 0x7F, 0x00, 0x7F, 0x00,
    0x7F, 0x00, 0x30, 0x00, 0xD3, 0x38, 0xC7, 0x38, 0xC7, 0xFB, 0x42, 0xFB, 0x42, 0xFD, 0x47, 0xFD,
    0x47, 0xFD, 0x47, 0xFD, 0x47, 0xFB, 0x42, 0xFB, 0x42, 0x38, 0xC7, 0x38, 0xC7, 0xFD, 0x47, 0xFD,
    0x47, 0xFD, 0x47, 0xFD, 0x47, 0xFB, 0x42, 0xFB, 0x42, 0x38, 0xC7, 0x38, 0xC7, 0xFD, 0x54, 0xFD,
    0x54, 0x38, 0xC7, 0x38, 0xC7, 0xFC, 0x0D, 0xFC, 0x0D, 0xFC, 0x0D, 0xFC, 0x0D, 0x38, 0xC7, 0x38,
    0xC7, 0xFD, 0x54, 0xFD, 0x54, 0xFD, 0x54, 0xFD, 0x54, 0x38, 0xC7, 0x38, 0xC7, 0xFC, 0x40, 0xFC,
    0x40, 0xFC, 0x40, 0xFC, 0x40, 0x28, 0xC4, 0x28, 0xC4, 0x7F, 0x00, 0x7F, 0x00, 0x7F, 0x00, 0x7F,
    0x00, 0x30, 0x00, 0xCF, 0x38, 0xC7, 0x38, 0xC7, 0xFB, 0x42, 0xFB, 0x42, 0xFD, 0x47, 0xFD, 0x47,
    0xFB, 0x42, 0xFB, 0x42, 0x38, 0xC7, 0x38, 0xC7, 0xFB, 0x42, 0xFB, 0x42, 0xFB, 0x42, 0xFB, 0x42,
    0xFB, 0x42, 0xFB, 0x42, 0x38, 0xC7, 0x38, 0xC7, 0x38, 0xC7, 0x38, 0xC7, 0x38, 0xC7, 0x38, 0xC7,
    0x38, 0xC7, 0x38, 0xC7, 0x38, 0xC7, 0x38, 0xC7, 0x38, 0xC7, 0x38, 0xC7, 0xFD, 0x54, 0xFD, 0x54,
    0xFE, 0xDA, 0xFE, 0xDA, 0xFD, 0x54, 0xFD, 0x54, 0x38, 0xC7, 0x38, 0xC7, 0x33, 0x8E, 0x33, 0x8E,
    0x28, 0xC4, 0x28, 0xC4, 0x7F, 0x00, 0x7F, 0x00, 0x7F, 0x00, 0x7F, 0x00, 0x34, 0x00, 0xCF, 0x38,
    0xC7, 0x38, 0xC7, 0xFB, 0x42, 0xFB, 0x42, 0xFD, 0x47, 0xFD, 0x47, 0xFB, 0x42, 0xFB, 0x42, 0x38,
    0xC7, 0x38, 0xC7, 0xFB, 0x42, 0xFB, 0x42, 0xFB, 0x42, 0xFB, 0x42, 0xFB, 0x42, 0xFB, 0x42, 0x38,
    0xC7, 0x38, 0xC7, 0x38, 0xC7, 0x38, 0xC7, 0x38, 0xC7, 0x38, 0xC7, 0x38, 0xC7, 0x38, 0xC7, 0x38,
    0xC7, 0x38, 0xC7, 0x38, 0xC7, 0x38, 0xC7, 0xFD, 0x54, 0xFD, 0x54, 0xFE, 0xDA, 0xFE, 0xDA, 0xFD,
    0x54, 0xFD, 0x54, 0x38, 0xC7, 0x38, 0xC7, 0x33, 0x8E, 0x33, 0x8E, 0x28, 0xC4, 0x28, 0xC4, 0x7F,
    0x00, 0x7F, 0x00, 0x7F, 0x00, 0x7F, 0x00, 0x34, 0x00, 0xCF, 0x38, 0xC7, 0x38, 0xC7, 0xFB, 0x42,
    0xFB, 0x42, 0xFD, 0x47, 0xFD, 0x47, 0xFB, 0x42, 0xFB, 0x42, 0x38, 0xC7, 0x38, 0xC7, 0x38, 0xC7,
    0x38, 0xC7, 0x38, 0xC7, 0x38, 0xC7, 0x38, 0xC7, 0x38, 0xC7, 0xFD, 0x54, 0xFD, 0x54, 0xFD, 0x54,
    0xFD, 0x54, 0xFE, 0xDA, 0xFE, 0xDA, 0xFE, 0xDA, 0xFE, 0xDA, 0xFE, 0xDA, 0xFE, 0xDA, 0xFE, 0xDA,
    0xFE, 0xDA, 0xFE, 0xDA, 0xFE, 0xDA, 0xFD, 0x54, 0xFD, 0x54, 0x38, 0xC7, 0x38, 0xC7, 0x33, 0x8E,
    0x33, 0x8E, 0x09, 0xC7, 0x09, 0xC7, 0x41, 0x07, 0x41, 0x07, 0x7F, 0x00, 0x7F, 0x00, 0x7F, 0x00,
    0x7F, 0x00, 0x34, 0x00, 0xCF, 0x38, 0xC7, 0x38, 0xC7, 0xFB, 0x42, 0xFB, 0x42, 0xFD, 0x47, 0xFD,
    0x47, 0xFB, 0x42, 0xFB, 0x42, 0x38, 0xC7, 0x38, 0xC7, 0x38, 0xC7, 0x38, 0xC7, 0x38, 0xC7, 0x38,
    0xC7, 0x38, 0xC7, 0x38, 0xC7, 0xFD, 0x54, 0xFD, 0x54, 0xFD, 0x54, 0xFD, 0x54, 0xFE, 0xDA, 0xFE,
    0xDA, 0xFE, 0xDA, 0xFE, 0xDA, 0xFE, 0xDA, 0xFE, 0xDA, 0xFE, 0xDA, 0xFE, 0xDA, 0xFE, 0xDA, 0xFE,
    0xDA, 0xFD, 0x54, 0xFD, 0x54, 0x38, 0xC7, 0x38, 0xC7, 0x33, 0x8E, 0x33, 0x8E, 0x09, 0xC7, 0x09,
    0xC7, 0x41, 0x07, 0x41, 0x07, 0x7F, 0x00, 0x7F, 0x00, 0x7F, 0x00, 0x7F, 0x00, 0x34, 0x00, 0xD3,
    0x38, 0xC7, 0x38, 0xC7, 0xFB, 0x42, 0xFB, 0x42, 0xFB, 0x42, 0xFB, 0x42, 0x38, 0xC7, 0x38, 0xC7,
    0xFD, 0x54, 0xFD, 0x54, 0xFD, 0x54, 0xFD, 0x54, 0xFD, 0x54, 0xFD, 0x54, 0xFD, 0x54, 0xFD, 0x54,
    0xFE, 0xDA, 0xFE, 0xDA, 0xFE, 0xDA, 0xFE, 0xDA, 0xFE, 0xDA, 0xFE, 0xDA, 0xFD, 0x54, 0xFD, 0x54,
    0xFD, 0x54, 0xFD, 0x54, 0xFD, 0x54, 0xFD, 0x54, 0x38, 0xC7, 0x38, 0xC7, 0x38, 0xC7, 0x38, 0xC7,
    0x56, 0x9D, 0x56, 0x9D, 0x33, 0x8E, 0x33, 0x8E, 0x58, 0x00, 0x58, 0x00, 0xFC, 0x0D, 0xFC, 0x0D,
    0x41, 0x07, 0x41, 0x07, 0x7F, 0x00, 0x7F, 0x00, 0x7F, 0x00, 0x7F, 0x00, 0x30, 0x00, 0xD3, 0x38,
    0xC7, 0x38, 0xC7, 0xFB, 0x42, 0xFB, 0x42, 0xFB, 0x42, 0xFB, 0x42, 0x38, 0xC7, 0x38, 0xC7, 0xFD,
    0x54, 0xFD, 0x54, 0xFD, 0x54, 0xFD, 0x54, 0xFD, 0x54, 0xFD, 0x54, 0xFD, 0x54, 0xFD, 0x54, 0xFE,
    0xDA, 0xFE, 0xDA, 0xFE, 0xDA, 0xFE, 0xDA, 0xFE, 0xDA, 0xFE, 0xDA, 0xFD, 0x54, 0xFD, 0x54, 0xFD,
    0x54, 0xFD, 0x54, 0xFD, 0x54, 0xFD, 0x54, 0x38, 0xC7, 0x38, 0xC7, 0x38, 0xC7, 0x38, 0xC7, 0x56,
    0x9D, 0x56, 0x9D, 0x33, 0x8E, 0x33, 0x8E, 0x58, 0x00, 0x58, 0x00, 0xFC, 0x0D, 0xFC, 0x0D, 0x41,
    0x07, 0x41, 0x07, 0x7F, 0x00, 0x7F, 0x00, 0x7F, 0x00, 0x7F, 0x00, 0x2C, 0x00, 0xDB, 0x38, 0xC7,
    0x38, 0xC7, 0xFB, 0x42, 0xFB, 0x42, 0xFB, 0x42, 0xFB, 0x42, 0x38, 0xC7, 0x38, 0xC7, 0xFD, 0x54,
    0xFD, 0x54, 0xFD, 0x54, 0xFD, 0x54, 0xFD, 0x54, 0xFD, 0x54, 0xFD, 0x54, 0xFD, 0x54, 0xFD, 0x54,
    0xFD, 0x54, 0xFD, 0x54, 0xFD, 0x54, 0xFD, 0x54, 0xFD, 0x54, 0xFD, 0x54, 0xFD, 0x54, 0x38, 0xC7,
    0x38, 0xC7, 0x38, 0xC7, 0x38, 0xC7, 0x38, 0xC7, 0x38, 0xC7, 0x56, 0x9D, 0x56, 0x9D, 0x56, 0x9D,
    0x56, 0x9D, 0x56, 0x9D, 0x56, 0x9D, 0x09, 0xC7, 0x09, 0xC7, 0x58, 0x00, 0x58, 0x00, 0xFE, 0x53,
    0xFE, 0x53, 0xFC, 0x0D, 0xFC, 0x0D, 0x41, 0x07, 0x41, 0x07, 0x7F, 0x00, 0x7F, 0x00, 0x7F, 0x00,
    0x7F, 0x00, 0x28, 0x00, 0xDB, 0x38, 0xC7, 0x38, 0xC7, 0xFB, 0x42, 0xFB, 0x42, 0xFB, 0x42, 0xFB,
    0x42, 0x38, 0xC7, 0x38, 0xC7, 0xFD, 0x54, 0xFD, 0x54, 0xFD, 0x54, 0xFD, 0x54, 0xFD, 0x54, 0xFD,
    0x54, 0xFD, 0x54, 0xFD, 0x54, 0xFD, 0x54, 0xFD, 0x54, 0xFD, 0x54, 0xFD, 0x54, 0xFD, 0x54, 0xFD,
    0x54, 0xFD, 0x54, 0xFD, 0x54, 0x38, 0xC7, 0x38, 0xC7, 0x38, 0xC7, 0x38, 0xC7, 0x38, 0xC7, 0x38,
    0xC7, 0x56, 0x9D, 0x56, 0x9D, 0x56, 0x9D, 0x56, 0x9D, 0x56, 0x9D, 0x56, 0x9D, 0x09, 0xC7, 0x09,
    0xC7, 0x58, 0x00, 0x58, 0x00, 0xFE, 0x53, 0xFE, 0x53, 0xFC, 0x0D, 0xFC, 0x0D, 0x41, 0x07, 0x41,
    0x07, 0x7F, 0x00, 0x7F, 0x00, 0x7F, 0x00, 0x7F, 0x00, 0x28, 0x00, 0xDB, 0x38, 0xC7, 0x38, 0xC7,
    0x38, 0xC7, 0x38, 0xC7, 0x38, 0xC7, 0x38, 0xC7, 0x38, 0xC7, 0x38, 0xC7, 0x87, 0xD7, 0x87, 0xD7,
    0xFF, 0xDF, 0xFF, 0xDF, 0xFF, 0xDF, 0xFF, 0xDF, 0xFF, 0xDF, 0xFF, 0xDF, 0xFD, 0x54, 0xFD, 0x54,
    0xFD, 0x54, 0xFD, 0x54, 0x28, 0xC5, 0x28, 0xC5, 0x38, 0xC7, 0x38, 0xC7, 0x09, 0xC7, 0x09, 0xC7,
    0x09, 0xC7, 0x09, 0xC7, 0xFC, 0x40, 0xFC, 0x40, 0xFC, 0x40, 0xFC, 0x40, 0x09, 0xC7, 0x09, 0xC7,
    0x09, 0xC7, 0x09, 0xC7, 0x09, 0xC7, 0x09, 0xC7, 0x09, 0xC7, 0x09, 0xC7, 0xFC, 0x0D, 0xFC, 0x0D,
    0xFE, 0x53, 0xFE, 0x53, 0x41, 0x07, 0x41, 0x07, 0x7F, 0x00, 0x7F, 0x00, 0x7F, 0x00, 0x7F, 0x00,
    0x28, 0x00, 0xDB, 0x38, 0xC7, 0x38, 0xC7, 0x38, 0xC7, 0x38, 0xC7, 0x38, 0xC7, 0x38, 0xC7, 0x38,
    0xC7, 0x38, 0xC7, 0x87, 0xD7, 0x87, 0xD7, 0xFF, 0xDF, 0xFF, 0xDF, 0xFF, 0xDF, 0xFF, 0xDF, 0xFF,
    0xDF, 0xFF, 0xDF, 0xFD, 0x54, 0xFD, 0x54, 0xFD, 0x54, 0xFD, 0x54, 0x28, 0xC5, 0x28, 0xC5, 0x38,
    0xC7, 0x38, 0xC7, 0x09, 0xC7, 0x09, 0xC7, 0x09, 0xC7, 0x09, 0xC7, 0xFC, 0x40, 0xFC, 0x40, 0xFC,
    0x40, 0xFC, 0x40, 0x09, 0xC7, 0x09, 0xC7, 0x09, 0xC7, 0x09, 0xC7, 0x09, 0xC7, 0x09, 0xC7, 0x09,
    0xC7, 0x09, 0xC7, 0xFC, 0x0D, 0xFC, 0x0D, 0xFE, 0x53, 0xFE, 0x53, 0x41, 0x07, 0x41, 0x07, 0x7F,
    0x00, 0x7F, 0x00, 0x7F, 0x00, 0x7F, 0x00, 0x30, 0x00, 0xD7, 0x38, 0xC7, 0x38, 0xC7, 0x87, 0xD7,
    0x87, 0xD7, 0xFF, 0xDF, 0xFF, 0xDF, 0xFF, 0xDF, 0xFF, 0xDF, 0xFF, 0xDF, 0xFF, 0xDF, 0xFF, 0xDF,
    0xFF, 0xDF, 0xFF, 0xDF, 0xFF, 0xDF, 0x28, 0xC5, 0x28, 0xC5, 0x33, 0x8E, 0x33, 0x8E, 0x56, 0x9D,
    0x56, 0x9D, 0x56, 0x9D, 0x56, 0x9D, 0x33, 0x8E, 0x33, 0x8E, 0x09, 0xC7, 0x09, 0xC7, 0x33, 0x8E,
    0x33, 0x8E, 0x33, 0x8E, 0x33, 0x8E, 0x09, 0xC7, 0x09, 0xC7, 0xFF, 0xDF, 0xFF, 0xDF, 0xFF, 0xDF,
    0xFF, 0xDF, 0x41, 0x07, 0x41, 0x07, 0x41, 0x07, 0x41, 0x07, 0x41, 0x07, 0x41, 0x07, 0x41, 0x07,
    0x41, 0x07, 0x7F, 0x00, 0x7F, 0x00, 0x7F, 0x00, 0x7F, 0x00, 0x2C, 0x00, 0xD7, 0x38, 0xC7, 0x38,
    0xC7, 0x87, 0xD7, 0x87, 0xD7, 0xFF, 0xDF, 0xFF, 0xDF, 0xFF, 0xDF, 0xFF, 0xDF, 0xFF, 0xDF, 0xFF,
    0xDF, 0xFF, 0xDF, 0xFF, 0xDF, 0xFF, 0xDF, 0xFF, 0xDF, 0x28, 0xC5, 0x28, 0xC5, 0x33, 0x8E, 0x33,
    0x8E, 0x56, 0x9D, 0x56, 0x9D, 0x56, 0x9D, 0x56, 0x9D, 0x33, 0x8E, 0x33, 0x8E, 0x09, 0xC7, 0x09,
    0xC7, 0x33, 0x8E, 0x33, 0x8E, 0x33, 0x8E, 0x33, 0x8E, 0x09, 0xC7, 0x09, 0xC7, 0xFF, 0xDF, 0xFF,
    0xDF, 0xFF, 0xDF, 0xFF, 0xDF, 0x41, 0x07, 0x41, 0x07, 0x41, 0x07, 0x41, 0x07, 0x41, 0x07, 0x41,
    0x07, 0x41, 0x07, 0x41, 0x07, 0x7F, 0x00, 0x7F, 0x00, 0x7F, 0x00, 0x7F, 0x00, 0x28, 0x00, 0xDF,
    0x38, 0xC7, 0x38, 0xC7, 0x22, 0x88, 0x22, 0x88, 0x22, 0x88, 0x22, 0x88, 0x87, 0xD7, 0x87, 0xD7,
    0x87, 0xD7, 0x87, 0xD7, 0x87, 0xD7, 0x87, 0xD7, 0x87, 0xD7, 0x87, 0xD7, 0x28, 0xC5, 0x28, 0xC5,
    0x58, 0x00, 0x58, 0x00, 0x09, 0xC7, 0x09, 0xC7, 0x09, 0xC7, 0x09, 0xC7, 0x56, 0x9D, 0x56, 0x9D,
    0x56, 0x9D, 0x56, 0x9D, 0x09, 0xC7, 0x09, 0xC7, 0x56, 0x9D, 0x56, 0x9D, 0x33, 0x8E, 0x33, 0x8E,
    0x09, 0xC7, 0x09, 0xC7, 0xFF, 0xDF, 0xFF, 0xDF, 0xFF, 0xDF, 0xFF, 0xDF, 0xAD, 0x4E, 0xAD, 0x4E,
    0x41, 0x07, 0x41, 0x07, 0xB8, 0x07, 0xB8, 0x07, 0xFE, 0x53, 0xFE, 0x53, 0x41, 0x07, 0x41, 0x07,
    0x7F, 0x00, 0x7F, 0x00, 0x7F, 0x00, 0x7F, 0x00, 0x24, 0x00, 0xDF, 0x38, 0xC7, 0x38, 0xC7, 0x22,
    0x88, 0x22, 0x88, 0x22, 0x88, 0x22, 0x88, 0x87, 0xD7, 0x87, 0xD7, 0x87, 0xD7, 0x87, 0xD7, 0x87,
    0xD7, 0x87, 0xD7, 0x87, 0xD7, 0x87, 0xD7, 0x28, 0xC5, 0x28, 0xC5, 0x58, 0x00, 0x58, 0x00, 0x09,
    0xC7, 0x09, 0xC7, 0x09, 0xC7, 0x09, 0xC7, 0x56, 0x9D, 0x56, 0x9D, 0x56, 0x9D, 0x56, 0x9D, 0x09,
    0xC7, 0x09, 0xC7, 0x56, 0x9D, 0x56, 0x9D, 0x33, 0x8E, 0x33, 0x8E, 0x09, 0xC7, 0x09, 0xC7, 0xFF,
    0xDF, 0xFF, 0xDF, 0xFF, 0xDF, 0xFF, 0xDF, 0xAD, 0x4E, 0xAD, 0x4E, 0x41, 0x07, 0x41, 0x07, 0xB8,
    0x07, 0xB8, 0x07, 0xFE, 0x53, 0xFE, 0x53, 0x41, 0x07, 0x41, 0x07, 0x7F, 0x00, 0x7F, 0x00, 0x7F,
    0x00, 0x7F, 0x00, 0x18, 0x00, 0xEF, 0x38, 0xC7, 0x38, 0xC7, 0x38, 0xC7, 0x38, 0xC7, 0x38, 0xC7,
    0x38, 0xC7, 0x87, 0xD7, 0x87, 0xD7, 0xFF, 0xDF, 0xFF, 0xDF, 0xFF, 0xDF, 0xFF, 0xDF, 0x22, 0x88,
    0x22, 0x88, 0x87, 0xD7, 0x87, 0xD7, 0x28, 0xC5, 0x28, 0xC5, 0xB8, 0x07, 0xB8, 0x07, 0x58, 0x00,
    0x58, 0x00, 0xAD, 0x4E, 0xAD, 0x4E, 0xFF, 0xDF, 0xFF, 0xDF, 0xFF, 0xDF, 0xFF, 0xDF, 0x09, 0xC7,
    0x09, 0xC7, 0x09, 0xC7, 0x09, 0xC7, 0x56, 0x9D, 0x56, 0x9D, 0x33, 0x8E, 0x33, 0x8E, 0x09, 0xC7,
    0x09, 0xC7, 0xAD, 0x4E, 0xAD, 0x4E, 0xAD, 0x4E, 0xAD, 0x4E, 0xFF, 0xDF, 0xFF, 0xDF, 0xAD, 0x4E,
    0xAD, 0x4E, 0x41, 0x07, 0x41, 0x07, 0xB8, 0x07, 0xB8, 0x07, 0xFC, 0x0D, 0xFC, 0x0D, 0xFE, 0x53,
    0xFE, 0x53, 0x41, 0x07, 0x41, 0x07, 0x7F, 0x00, 0x7F, 0x00, 0x7F, 0x00, 0x7F, 0x00, 0x14, 0x00,
    0xEF, 0x38, 0xC7, 0x38, 0xC7, 0x38, 0xC7, 0x38, 0xC7, 0x38, 0xC7, 0x38, 0xC7, 0x87, 0xD7, 0x87,
    0xD7, 0xFF, 0xDF, 0xFF, 0xDF, 0xFF, 0xDF, 0xFF, 0xDF, 0x22, 0x88, 0x22, 0x88, 0x87, 0xD7, 0x87,
    0xD7, 0x28, 0xC5, 0x28, 0xC5, 0xB8, 0x07, 0xB8, 0x07, 0x58, 0x00, 0x58, 0x00, 0xAD, 0x4E, 0xAD,
    0x4E, 0xFF, 0xDF, 0xFF, 0xDF, 0xFF, 0xDF, 0xFF, 0xDF, 0x09, 0xC7, 0x09, 0xC7, 0x09, 0xC7, 0x09,
    0xC7, 0x56, 0x9D, 0x56, 0x9D, 0x33, 0x8E, 0x33, 0x8E, 0x09, 0xC7, 0x09, 0xC7, 0xAD, 0x4E, 0xAD,
    0x4E, 0xAD, 0x4E, 0xAD, 0x4E, 0xFF, 0xDF, 0xFF, 0xDF, 0xAD, 0x4E, 0xAD, 0x4E, 0x41, 0x07, 0x41,
    0x07, 0xB8, 0x07, 0xB8, 0x07, 0xFC, 0x0D, 0xFC, 0x0D, 0xFE, 0x53, 0xFE, 0x53, 0x41, 0x07, 0x41,
    0x07, 0x7F, 0x00, 0x7F, 0x00, 0x7F, 0x00, 0x7F, 0x00, 0x10, 0x00, 0xEF, 0x38, 0xC7, 0x38, 0xC7,
    0x87, 0xD7, 0x87, 0xD7, 0xFF, 0xDF, 0xFF, 0xDF, 0xFF, 0xDF, 0xFF, 0xDF, 0xFF, 0xDF, 0xFF, 0xDF,
    0xFF, 0xDF, 0xFF, 0xDF, 0xFF, 0xDF, 0xFF, 0xDF, 0xFF, 0xDF, 0xFF, 0xDF, 0x87, 0xD7, 0x87, 0xD7,
    0x28, 0xC5, 0x28, 0xC5, 0x41, 0x07, 0x41, 0x07, 0x41, 0x07, 0x41, 0x07, 0x09, 0xC7, 0x09, 0xC7,
    0xFF, 0xDF, 0xFF, 0xDF, 0xAD, 0x4E, 0xAD, 0x4E, 0xAD, 0x4E, 0xAD, 0x4E, 0x09, 0xC7, 0x09, 0xC7,
    0x33, 0x8E, 0x33, 0x8E, 0x41, 0x07, 0x41, 0x07, 0x41, 0x07, 0x41, 0x07, 0xAD, 0x4E, 0xAD, 0x4E,
    0xAD, 0x4E, 0xAD, 0x4E, 0xAD, 0x4E, 0xAD, 0x4E, 0xAD, 0x4E, 0xAD, 0x4E, 0x41, 0x07, 0x41, 0x07,
    0x41, 0x07, 0x41, 0x07, 0x41, 0x07, 0x41, 0x07, 0x41, 0x07, 0x41, 0x07, 0x7F, 0x00, 0x7F, 0x00,
    0x7F, 0x00, 0x7F, 0x00, 0x14, 0x00, 0xEF, 0x38, 0xC7, 0x38, 0xC7, 0x87, 0xD7, 0x87, 0xD7, 0xFF,
    0xDF, 0xFF, 0xDF, 0xFF, 0xDF, 0xFF, 0xDF, 0xFF, 0xDF, 0xFF, 0xDF, 0xFF, 0xDF, 0xFF, 0xDF, 0xFF,
    0xDF, 0xFF, 0xDF, 0xFF, 0xDF, 0xFF, 0xDF, 0x87, 0xD7, 0x87, 0xD7, 0x28, 0xC5, 0x28, 0xC5, 0x41,
    0x07, 0x41, 0x07, 0x41, 0x07, 0x41, 0x07, 0x09, 0xC7, 0x09, 0xC7, 0xFF, 0xDF, 0xFF, 0xDF, 0xAD,
    0x4E, 0xAD, 0x4E, 0xAD, 0x4E, 0xAD, 0x4E, 0x09, 0xC7, 0x09, 0xC7, 0x33, 0x8E, 0x33, 0x8E, 0x41,
    0x07, 0x41, 0x07, 0x41, 0x07, 0x41, 0x07, 0xAD, 0x4E, 0xAD, 0x4E, 0xAD, 0x4E, 0xAD, 0x4E, 0xAD,
    0x4E, 0xAD, 0x4E, 0xAD, 0x4E, 0xAD, 0x4E, 0x41, 0x07, 0x41, 0x07, 0x41, 0x07, 0x41, 0x07, 0x41,
    0x07, 0x41, 0x07, 0x41, 0x07, 0x41, 0x07, 0x7F, 0x00, 0x7F, 0x00, 0x7F, 0x00, 0x7F, 0x00, 0x04,
    0x00, 0xF2, 0x38, 0xC7, 0x38, 0xC7, 0x28, 0xC5, 0x28, 0xC5, 0x28, 0xC5, 0x28, 0xC5, 0x38, 0xC7,
    0x38, 0xC7, 0x87, 0xD7, 0x87, 0xD7, 0x22, 0x88, 0x22, 0x88, 0x87, 0xD7, 0x87, 0xD7, 0xFF, 0xDF,
    0xFF, 0xDF, 0xFF, 0xDF, 0xFF, 0xDF, 0xFF, 0xDF, 0xFF, 0xDF, 0xFF, 0xDF, 0xFF, 0xDF, 0x87, 0xD7,
    0x87, 0xD7, 0xFC, 0x40, 0xFC, 0x40, 0xFF, 0xDF, 0xFF, 0xDF, 0xFC, 0x40, 0xFC, 0x40, 0x58, 0x00,
    0x58, 0x00, 0xB8, 0x07, 0xB8, 0x07, 0x09, 0xC7, 0x09, 0xC7, 0xAD, 0x4E, 0xAD, 0x4E, 0x41, 0x07,
    0x41, 0x07, 0x41, 0x07, 0x41, 0x07, 0x41, 0x07, 0x41, 0x07, 0x41, 0x07, 0x41, 0x07, 0x41, 0x07,
    0x41, 0x07, 0x41, 0x07, 0x41, 0x07, 0xAD, 0x4E, 0xAD, 0x4E, 0xAD, 0x4E, 0xAD, 0x4E, 0x41, 0x07,
    0x41, 0x07, 0x58, 0x00, 0x58, 0x7F, 0x00, 0x7F, 0x00, 0x7F, 0x00, 0x7F, 0x00, 0x11, 0x00, 0xF2,
    0x38, 0xC7, 0x38, 0xC7, 0x28, 0xC5, 0x28, 0xC5, 0x28, 0xC5, 0x28, 0xC5, 0x38, 0xC7, 0x38, 0xC7,
    0x87, 0xD7, 0x87, 0xD7, 0x22, 0x88, 0x22, 0x88, 0x87, 0xD7, 0x87, 0xD7, 0xFF, 0xDF, 0xFF, 0xDF,
    0xFF, 0xDF, 0xFF, 0xDF, 0xFF, 0xDF, 0xFF, 0xDF, 0xFF, 0xDF, 0xFF, 0xDF, 0x87, 0xD7, 0x87, 0xD7,
    0xFC, 0x40, 0xFC, 0x40, 0xFF, 0xDF, 0xFF, 0xDF, 0xFC, 0x40, 0xFC, 0x40, 0x58, 0x00, 0x58, 0x00,
    0xB8, 0x07, 0xB8, 0x07, 0x09, 0xC7, 0x09, 0xC7, 0xAD, 0x4E, 0xAD, 0x4E, 0x41, 0x07, 0x41, 0x07,
    0x41, 0x07, 0x41, 0x07, 0x41, 0x07, 0x41, 0x07, 0x41, 0x07, 0x41, 0x07, 0x41, 0x07, 0x41, 0x07,
    0x41, 0x07, 0x41, 0x07, 0xAD, 0x4E, 0xAD, 0x4E, 0xAD, 0x4E, 0xAD, 0x4E, 0x41, 0x07, 0x41, 0x07,
    0x58, 0x00, 0x58, 0x7F, 0x00, 0x7F, 0x00, 0x7F, 0x00, 0x7F, 0x00, 0x05, 0x00, 0xE3, 0x38, 0xC7,
    0x38, 0xC7, 0x28, 0xC5, 0x28, 0xC5, 0x38, 0xC7, 0x38, 0xC7, 0x87, 0xD7, 0x87, 0xD7, 0x87, 0xD7,
    0x87, 0xD7, 0xFF, 0xDF, 0xFF, 0xDF, 0x87, 0xD7, 0x87, 0xD7, 0x87, 0xD7, 0x87, 0xD7, 0x22, 0x88,
    0x22, 0x88, 0x87, 0xD7, 0x87, 0xD7, 0x87, 0xD7, 0x87, 0xD7, 0xFF, 0xDF, 0xFF, 0xDF, 0xFF, 0xDF,
    0xFF, 0xDF, 0xFF, 0xDF, 0xFF, 0xDF, 0x87, 0xD7, 0x87, 0xD7, 0x41, 0x07, 0x41, 0x07, 0x41, 0x07,
    0x41, 0x07, 0xFC, 0x40, 0xFC, 0x40, 0xFC, 0x40, 0xFC, 0x40, 0x58, 0x00, 0x58, 0x00, 0xB8, 0x07,
    0xB8, 0x07, 0x09, 0xC7, 0x09, 0xC7, 0x41, 0x07, 0x41, 0x07, 0x41, 0x07, 0x41, 0x07, 0x41, 0x07,
    0x41, 0x07, 0x04, 0x00, 0x97, 0x41, 0x07, 0x41, 0x07, 0xFC, 0x40, 0xFC, 0x40, 0x58, 0x00, 0x58,
    0x00, 0x58, 0x00, 0x58, 0x00, 0xB8, 0x07, 0xB8, 0x07, 0x41, 0x07, 0x41, 0x07, 0x7F, 0x00, 0x7F,
    0x00, 0x7F, 0x00, 0x7F, 0x00, 0x04, 0x00, 0xE3, 0x38, 0xC7, 0x38, 0xC7, 0x28, 0xC5, 0x28, 0xC5,
    0x38, 0xC7, 0x38, 0xC7, 0x87, 0xD7, 0x87, 0xD7, 0x87, 0xD7, 0x87, 0xD7, 0xFF, 0xDF, 0xFF, 0xDF,
    0x87, 0xD7, 0x87, 0xD7, 0x87, 0xD7, 0x87, 0xD7, 0x22, 0x88, 0x22, 0x88, 0x87, 0xD7, 0x87, 0xD7,
    0x87, 0xD7, 0x87, 0xD7, 0xFF, 0xDF, 0xFF, 0xDF, 0xFF, 0xDF, 0xFF, 0xDF, 0xFF, 0xDF, 0xFF, 0xDF,
    0x87, 0xD7, 0x87, 0xD7, 0x41, 0x07, 0x41, 0x07, 0x41, 0x07, 0x41, 0x07, 0xFC, 0x40, 0xFC, 0x40,
    0xFC, 0x40, 0xFC, 0x40, 0x58, 0x00, 0x58, 0x00, 0xB8, 0x07, 0xB8, 0x07, 0x09, 0xC7, 0x09, 0xC7,
    0x41, 0x07, 0x41, 0x07, 0x41, 0x07, 0x41, 0x07, 0x41, 0x07, 0x41, 0x07, 0x04, 0x00, 0x97, 0x41,
    0x07, 0x41, 0x07, 0xFC, 0x40, 0xFC, 0x40, 0x58, 0x00, 0x58, 0x00, 0x58, 0x00, 0x58, 0x00, 0xB8,
    0x07, 0xB8, 0x07, 0x41, 0x07, 0x41, 0x07, 0x7F, 0x00, 0x7F, 0x00, 0x7F, 0x00, 0x7F, 0x00, 0xDF,
    0x28, 0xC5, 0x28, 0xC5, 0xFF, 0xDF, 0xFF, 0xDF, 0x80, 0xC0, 0x80, 0xC0, 0x87, 0xD7, 0x87, 0xD7,
    0xFF, 0xDF, 0xFF, 0xDF, 0xFF, 0xDF, 0xFF, 0xDF, 0xFF, 0xDF, 0xFF, 0xDF, 0xFF, 0xDF, 0xFF, 0xDF,
    0x4C, 0x4F, 0x4C, 0x4F, 0x22, 0x88, 0x22, 0x88, 0x4C, 0x4F, 0x4C, 0x4F, 0x4C, 0x4F, 0x4C, 0x4F,
    0x4C, 0x4F, 0x4C, 0x4F, 0x87, 0xD7, 0x87, 0xD7, 0xFF, 0xDF, 0xFF, 0xDF, 0xFF, 0xDF, 0xFF, 0xDF,
    0x41, 0x07, 0x41, 0x07, 0x41, 0x07, 0x41, 0x07, 0xB8, 0x07, 0xB8, 0x07, 0xFC, 0x40, 0xFC, 0x40,
    0x58, 0x00, 0x58, 0x00, 0x58, 0x00, 0x58, 0x00, 0x41, 0x07, 0x41, 0x07, 0x41, 0x07, 0x41, 0x07,
    0x0C, 0x00, 0x93, 0x41, 0x07, 0x41, 0x07, 0x58, 0x00, 0x58, 0x00, 0xFC, 0x40, 0xFC, 0x40, 0xFC,
    0x40, 0xFC, 0x40, 0x41, 0x07, 0x41, 0x07, 0x7F, 0x00, 0x7F, 0x00, 0x7F, 0x00, 0x7F, 0x00, 0x04,
    0x00, 0xDF, 0x28, 0xC5, 0x28, 0xC5, 0xFF, 0xDF, 0xFF, 0xDF, 0x80, 0xC0, 0x80, 0xC0, 0x87, 0xD7,
    0x87, 0xD7, 0xFF, 0xDF, 0xFF, 0xDF, 0xFF, 0xDF, 0xFF, 0xDF, 0xFF, 0xDF, 0xFF, 0xDF, 0xFF, 0xDF,
    0xFF, 0xDF, 0x4C, 0x4F, 0x4C, 0x4F, 0x22, 0x88, 0x22, 0x88, 0x4C, 0x4F, 0x4C, 0x4F, 0x4C, 0x4F,
    0x4C, 0x4F, 0x4C, 0x4F, 0x4C, 0x4F, 0x87, 0xD7, 0x87, 0xD7, 0xFF, 0xDF, 0xFF, 0xDF, 0xFF, 0xDF,
    0xFF, 0xDF, 0x41, 0x07, 0x41, 0x07, 0x41, 0x07, 0x41, 0x07, 0xB8, 0x07, 0xB8, 0x07, 0xFC, 0x40,
    0xFC, 0x40, 0x58, 0x00, 0x58, 0x00, 0x58, 0x00, 0x58, 0x00, 0x41, 0x07, 0x41, 0x07, 0x41, 0x07,
    0x41, 0x07, 0x0C, 0x00, 0x93, 0x41, 0x07, 0x41, 0x07, 0x58, 0x00, 0x58, 0x00, 0xFC, 0x40, 0xFC,
    0x40, 0xFC, 0x40, 0xFC, 0x40, 0x41, 0x07, 0x41, 0x07, 0x7F, 0x00, 0x7F, 0x00, 0x7F, 0x00, 0x7F,
    0x00, 0xDB, 0x28, 0xC5, 0x28, 0xC5, 0xFB, 0x42, 0xFB, 0x42, 0x80, 0xC0, 0x80, 0xC0, 0x80, 0xC0,
    0x80, 0xC0, 0x87, 0xD7, 0x87, 0xD7, 0xFF, 0xDF, 0xFF, 0xDF, 0xFF, 0xDF, 0xFF, 0xDF, 0xFF, 0xDF,
    0xFF, 0xDF, 0x87, 0xD7, 0x87, 0xD7, 0x80, 0xC0, 0x80, 0xC0, 0x80, 0xC0, 0x80, 0xC0, 0x87, 0xD7,
    0x87, 0xD7, 0xFF, 0xDF, 0xFF, 0xDF, 0x87, 0xD7, 0x87, 0xD7, 0x4C, 0x4F, 0x4C, 0x4F, 0x87, 0xD7,
    0x87, 0xD7, 0xFF, 0xDF, 0xFF, 0xDF, 0x41, 0x07, 0x41, 0x07, 0x41, 0x07, 0x41, 0x07, 0x41, 0x07,
    0x41, 0x07, 0xB8, 0x07, 0xB8, 0x07, 0xB8, 0x07, 0xB8, 0x07, 0x41, 0x07, 0x41, 0x07, 0x14, 0x00,
    0x93, 0x41, 0x07, 0x41, 0x07, 0xB8, 0x07, 0xB8, 0x07, 0x58, 0x00, 0x58, 0x00, 0x58, 0x00, 0x58,
    0x00, 0x41, 0x07, 0x41, 0x07, 0x7F, 0x00, 0x7F, 0x00, 0x7F, 0x00, 0x7F, 0x00, 0xDB, 0x28, 0xC5,
    0x28, 0xC5, 0xFB, 0x42, 0xFB, 0x42, 0x80, 0xC0, 0x80, 0xC0, 0x80, 0xC0, 0x80, 0xC0, 0x87, 0xD7,
    0x87, 0xD7, 0xFF, 0xDF, 0xFF, 0xDF, 0xFF, 0xDF, 0xFF, 0xDF, 0xFF, 0xDF, 0xFF, 0xDF, 0x87, 0xD7,
    0x87, 0xD7, 0x80, 0xC0, 0x80, 0xC0, 0x80, 0xC0, 0x80, 0xC0, 0x87, 0xD7, 0x87, 0xD7, 0xFF, 0xDF,
    0xFF, 0xDF, 0x87, 0xD7, 0x87, 0xD7, 0x4C, 0x4F, 0x4C, 0x4F, 0x87, 0xD7, 0x87, 0xD7, 0xFF, 0xDF,
    0xFF, 0xDF, 0x41, 0x07, 0x41, 0x07, 0x41, 0x07, 0x41, 0x07, 0x41, 0x07, 0x41, 0x07, 0xB8, 0x07,
    0xB8, 0x07, 0xB8, 0x07, 0xB8, 0x07, 0x41, 0x07, 0x41, 0x07, 0x14, 0x00, 0x93, 0x41, 0x07, 0x41,
    0x07, 0xB8, 0x07, 0xB8, 0x07, 0x58, 0x00, 0x58, 0x00, 0x58, 0x00, 0x58, 0x00, 0x41, 0x07, 0x41,
    0x07, 0x7F, 0x00, 0x7F, 0x00, 0x7F, 0x00, 0x7B, 0x00, 0xDF, 0x38, 0xC7, 0x38, 0xC7, 0xFB, 0x42,
    0xFB, 0x42, 0x80, 0xC0, 0x80, 0xC0, 0x38, 0xC7, 0x38, 0xC7, 0x38, 0xC7, 0x38, 0xC7, 0x4C, 0x4F,
    0x4C, 0x4F, 0x87, 0xD7, 0x87, 0xD7, 0x87, 0xD7, 0x87, 0xD7, 0x87, 0xD7, 0x87, 0xD7, 0x80, 0xC0,
    0x80, 0xC0, 0xFF, 0xDF, 0xFF, 0xDF, 0xFB, 0x42, 0xFB, 0x42, 0x80, 0xC0, 0x80, 0xC0, 0x87, 0xD7,
    0x87, 0xD7, 0xFF, 0xDF, 0xFF, 0xDF, 0x87, 0xD7, 0x87, 0xD7, 0xFF, 0xDF, 0xFF, 0xDF, 0xFF, 0xDF,
    0xFF, 0xDF, 0x41, 0x07, 0x41, 0x07, 0x41, 0x07, 0x41, 0x07, 0x41, 0x07, 0x41, 0x07, 0xB8, 0x07,
    0xB8, 0x07, 0xB8, 0x07, 0xB8, 0x07, 0x41, 0x07, 0x41, 0x07, 0x10, 0x00, 0x97, 0x41, 0x07, 0x41,
    0x07, 0xB8, 0x07, 0xB8, 0x07, 0xFC, 0x40, 0xFC, 0x40, 0xFC, 0x40, 0xFC, 0x40, 0xB8, 0x07, 0xB8,
    0x07, 0x41, 0x07, 0x41, 0x07, 0x7F, 0x00, 0x7F, 0x00, 0x7F, 0x00, 0x7B, 0x00, 0xDF, 0x38, 0xC7,
    0x38, 0xC7, 0xFB, 0x42, 0xFB, 0x42, 0x80, 0xC0, 0x80, 0xC0, 0x38, 0xC7, 0x38, 0xC7, 0x38, 0xC7,
    0x38, 0xC7, 0x4C, 0x4F, 0x4C, 0x4F, 0x87, 0xD7, 0x87, 0xD7, 0x87, 0xD7, 0x87, 0xD7, 0x87, 0xD7,
    0x87, 0xD7, 0x80, 0xC0, 0x80, 0xC0, 0xFF, 0xDF, 0xFF, 0xDF, 0xFB, 0x42, 0xFB, 0x42, 0x80, 0xC0,
    0x80, 0xC0, 0x87, 0xD7, 0x87, 0xD7, 0xFF, 0xDF, 0xFF, 0xDF, 0x87, 0xD7, 0x87, 0xD7, 0xFF, 0xDF,
    0xFF, 0xDF, 0xFF, 0xDF, 0xFF, 0xDF, 0x41, 0x07, 0x41, 0x07, 0x41, 0x07, 0x41, 0x07, 0x41, 0x07,
    0x41, 0x07, 0xB8, 0x07, 0xB8, 0x07, 0xB8, 0x07, 0xB8, 0x07, 0x41, 0x07, 0x41, 0x07, 0x10, 0x00,
    0x97, 0x41, 0x07, 0x41, 0x07, 0xB8, 0x07, 0xB8, 0x07, 0xFC, 0x40, 0xFC, 0x40, 0xFC, 0x40, 0xFC,
    0x40, 0xB8, 0x07, 0xB8, 0x07, 0x41, 0x07, 0x41, 0x07, 0x7F, 0x00, 0x7F, 0x00, 0x7F, 0x00, 0x7F,
    0x00, 0xC3, 0x38, 0xC7, 0x38, 0xC7, 0x28, 0xC5, 0x28, 0xC5, 0x28, 0xC5, 0x28, 0xC5, 0x28, 0xC5,
    0x28, 0xC5, 0x28, 0xC5, 0x28, 0xC5, 0x28, 0xC5, 0x28, 0xC5, 0x28, 0xC5, 0x28, 0xC5, 0x80, 0xC0,
    0x80, 0xC0, 0xFB, 0x42, 0xFB, 0x42, 0xFF, 0xDF, 0xFF, 0xDF, 0x80, 0xC0, 0x80, 0xC0, 0x80, 0xC0,
    0x80, 0xC0, 0x87, 0xD7, 0x87, 0xD7, 0xFF, 0xDF, 0xFF, 0xDF, 0xFF, 0xDF, 0xFF, 0xDF, 0xFF, 0xDF,
    0xFF, 0xDF, 0x87, 0xD7, 0x87, 0xD7, 0x04, 0x00, 0x8F, 0x41, 0x07, 0x41, 0x07, 0x41, 0x07, 0x41,
    0x07, 0x41, 0x07, 0x41, 0x07, 0x41, 0x07, 0x41, 0x07, 0x14, 0x00, 0x97, 0x41, 0x07, 0x41, 0x07,
    0xB8, 0x07, 0xB8, 0x07, 0xFF, 0xDF, 0xFF, 0xDF, 0xFC, 0x40, 0xFC, 0x40, 0xB8, 0x07, 0xB8, 0x07,
    0x41, 0x07, 0x41, 0x07, 0x7F, 0x00, 0x7F, 0x00, 0x7F, 0x00, 0x7F, 0x00, 0xC3, 0x38, 0xC7, 0x38,
    0xC7, 0x28, 0xC5, 0x28, 0xC5, 0x28, 0xC5, 0x28, 0xC5, 0x28, 0xC5, 0x28, 0xC5, 0x28, 0xC5, 0x28,
    0xC5, 0x28, 0xC5, 0x28, 0xC5, 0x28, 0xC5, 0x28, 0xC5, 0x80, 0xC0, 0x80, 0xC0, 0xFB, 0x42, 0xFB,
    0x42, 0xFF, 0xDF, 0xFF, 0xDF, 0x80, 0xC0, 0x80, 0xC0, 0x80, 0xC0, 0x80, 0xC0, 0x87, 0xD7, 0x87,
    0xD7, 0xFF, 0xDF, 0xFF, 0xDF, 0xFF, 0xDF, 0xFF, 0xDF, 0xFF, 0xDF, 0xFF, 0xDF, 0x87, 0xD7, 0x87,
    0xD7, 0x04, 0x00, 0x8F, 0x41, 0x07, 0x41, 0x07, 0x41, 0x07, 0x41, 0x07, 0x41, 0x07, 0x41, 0x07,
    0x41, 0x07, 0x41, 0x07, 0x14, 0x00, 0x97, 0x41, 0x07, 0x41, 0x07, 0xB8, 0x07, 0xB8, 0x07, 0xFF,
    0xDF, 0xFF, 0xDF, 0xFC, 0x40, 0xFC, 0x40, 0xB8, 0x07, 0xB8, 0x07, 0x41, 0x07, 0x41, 0x07, 0x7F,
    0x00, 0x7F, 0x00, 0x7F, 0x00, 0x7F, 0x00, 0x0C, 0x00, 0xB7, 0x38, 0xC7, 0x38, 0xC7, 0x38, 0xC7,
    0x38, 0xC7, 0x28, 0xC5, 0x28, 0xC5, 0x28, 0xC5, 0x28, 0xC5, 0x28, 0xC5, 0x28, 0xC5, 0xFB, 0x42,
    0xFB, 0x42, 0xFB, 0x42, 0xFB, 0x42, 0x38, 0xC7, 0x38, 0xC7, 0x28, 0xC5, 0x28, 0xC5, 0x22, 0x88,
    0x22, 0x88, 0x87, 0xD7, 0x87, 0xD7, 0x87, 0xD7, 0x87, 0xD7, 0x87, 0xD7, 0x87, 0xD7, 0x4C, 0x4F,
    0x4C, 0x4F, 0x08, 0x00, 0x87, 0x41, 0x07, 0x41, 0x07, 0x41, 0x07, 0x41, 0x07, 0x18, 0x00, 0x97,
    0x41, 0x07, 0x41, 0x07, 0xFC, 0x40, 0xFC, 0x40, 0xFF, 0xDF, 0xFF, 0xDF, 0xFC, 0x40, 0xFC, 0x40,
    0xB8, 0x07, 0xB8, 0x07, 0x41, 0x07, 0x41, 0x07, 0x7F, 0x00, 0x7F, 0x00, 0x7F, 0x00, 0x7F, 0x00,
    0x0C, 0x00, 0xB7, 0x38, 0xC7, 0x38, 0xC7, 0x38, 0xC7, 0x38, 0xC7, 0x28, 0xC5, 0x28, 0xC5, 0x28,
    0xC5, 0x28, 0xC5, 0x28, 0xC5, 0x28, 0xC5, 0xFB, 0x42, 0xFB, 0x42, 0xFB, 0x42, 0xFB, 0x42, 0x38,
    0xC7, 0x38, 0xC7, 0x28, 0xC5, 0x28, 0xC5, 0x22, 0x88, 0x22, 0x88, 0x87, 0xD7, 0x87, 0xD7, 0x87,
    0xD7, 0x87, 0xD7, 0x87, 0xD7, 0x87, 0xD7, 0x4C, 0x4F, 0x4C, 0x4F, 0x08, 0x00, 0x87, 0x41, 0x07,
    0x41, 0x07, 0x41, 0x07, 0x41, 0x07, 0x18, 0x00, 0x97, 0x41, 0x07, 0x41, 0x07, 0xFC, 0x40, 0xFC,
    0x40, 0xFF, 0xDF, 0xFF, 0xDF, 0xFC, 0x40, 0xFC, 0x40, 0xB8, 0x07, 0xB8, 0x07, 0x41, 0x07, 0x41,
    0x07, 0x7F, 0x00, 0x7F, 0x00, 0x7F, 0x00, 0x7F, 0x00, 0x18, 0x00, 0xAB, 0x38, 0xC7, 0x38, 0xC7,
    0x28, 0xC5, 0x28, 0xC5, 0x28, 0xC5, 0x28, 0xC5, 0x28, 0xC5, 0x28, 0xC5, 0x28, 0xC5, 0x28, 0xC5,
    0x28, 0xC5, 0x28, 0xC5, 0x28, 0xC5, 0x28, 0xC5, 0x28, 0xC5, 0x28, 0xC5, 0x28, 0xC5, 0x28, 0xC5,
    0x28, 0xC5, 0x28, 0xC5, 0x28, 0xC5, 0x28, 0xC5, 0x2C, 0x00, 0x8F, 0x41, 0x07, 0x41, 0x07, 0xFC,
    0x40, 0xFC, 0x40, 0xB8, 0x07, 0xB8, 0x07, 0x41, 0x07, 0x41, 0x07, 0x7F, 0x00, 0x7F, 0x00, 0x7F,
    0x00, 0x7F, 0x00, 0x1C, 0x00, 0xAB, 0x38, 0xC7, 0x38, 0xC7, 0x28, 0xC5, 0x28, 0xC5, 0x28, 0xC5,
    0x28, 0xC5, 0x28, 0xC5, 0x28, 0xC5, 0x28, 0xC5, 0x28, 0xC5, 0x28, 0xC5, 0x28, 0xC5, 0x28, 0xC5,
    0x28, 0xC5, 0x28, 0xC5, 0x28, 0xC5, 0x28, 0xC5, 0x28, 0xC5, 0x28, 0xC5, 0x28, 0xC5, 0x28, 0xC5,
    0x28, 0xC5, 0x2C, 0x00, 0x8F, 0x41, 0x07, 0x41, 0x07, 0xFC, 0x40, 0xFC, 0x40, 0xB8, 0x07, 0xB8,
    0x07, 0x41, 0x07, 0x41, 0x07, 0x7F, 0x00, 0x7F, 0x00, 0x7F, 0x00, 0x7F, 0x00, 0x78, 0x00, 0x87,
    0x41, 0x07, 0x41, 0x07, 0x41, 0x07, 0x41, 0x07, 0x7F, 0x00, 0x7F, 0x00, 0x7F, 0x00, 0x7F, 0x00,
    0x7C, 0x00, 0x87, 0x41, 0x07, 0x41, 0x07, 0x41, 0x07, 0x41, 0x07, 0x7F, 0x00, 0x7F, 0x00, 0x7F,
    0x00, 0x7F, 0x00, 0x7F, 0x00, 0x7F, 0x00, 0x7F, 0x00, 0x7F, 0x00, 0x7F, 0x00, 0x7F, 0x00, 0x7F,
    0x00, 0x7F, 0x00, 0x7F, 0x00, 0x7F, 0x00, 0x7F, 0x00, 0x7F, 0x00, 0x7F, 0x00, 0x7F, 0x00, 0x7F,
    0x00, 0x7F, 0x00, 0x7F, 0x00, 0x7F, 0x00, 0x7F, 0x00, 0x7F, 0x00, 0x7F, 0x00, 0x7F, 0x00, 0x7F,
    0x00, 0x7F, 0x00, 0x7F, 0x00, 0x7F, 0x00, 0x7F, 0x00, 0x7F, 0x00, 0x7F, 0x00, 0x7F, 0x00, 0x7F,
    0x00, 0x7F, 0x00, 0x7F, 0x00, 0x7F, 0x00, 0x7F, 0x00, 0x7F, 0x00, 0x7F, 0x00, 0x7F, 0x00, 0x7F,
    0x00, 0x7F, 0x00, 0x7F, 0x00, 0x7F, 0x00, 0x7F, 0x00, 0x7F, 0x00, 0x7F, 0x00, 0x7F, 0x00, 0x7F,
    0x00, 0x7F, 0x00, 0x7F, 0x00, 0x7F, 0x00, 0x7F, 0x00, 0x7F, 0x00, 0x7F, 0x00, 0x7F, 0x00, 0x7F,
    0x00, 0x7F, 0x00, 0x7F, 0x00, 0x7F, 0x00, 0x7F, 0x00, 0x7F, 0x00, 0x7F, 0x00, 0x7F, 0x00, 0x7F,
    0x00, 0x7F, 0x00, 0x7F, 0x00, 0x7F, 0x00, 0x7F, 0x00, 0x7F, 0x00, 0x7F, 0x00, 0x7F, 0x00, 0x7F,
    0x00, 0x7F, 0x00, 0x7F, 0x00, 0x7F, 0x00, 0x7F, 0x00, 0x7F, 0x00, 0x7F, 0x00, 0x7F, 0x00, 0x7F,
    0x00, 0x7F, 0x00, 0x7F, 0x00, 0x7F, 0x00, 0x7F, 0x00, 0x7F, 0x00, 0x7F, 0x00, 0x7F, 0x00, 0x7F,
    0x00, 0x7F, 0x00, 0x7F, 0x00, 0x7F, 0x00, 0x7F, 0x00, 0x7F, 0x00, 0x7F, 0x00, 0x7F, 0x00, 0x7F,
    0x00, 0x7F, 0x00, 0x7F, 0x00, 0x7F, 0x00, 0x7F, 0x00, 0x7F, 0x00, 0x7F, 0x00, 0x7F, 0x00, 0x7F,
    0x00, 0x7B, 0x00,
};
// clang-format on
